# Blender 4.5.3 LTS
# www.blender.org
o HeadMerge.002
v -50.866161 -52.352192 -68.117332
v -48.439110 -57.514675 -72.034065
v -41.462128 -64.323532 -64.198555
v -17.343153 -79.378044 -39.244621
v -13.084646 -81.915062 -38.447914
v -10.953991 -79.478050 -34.868076
v -6.216077 -82.510109 -35.216278
v -1.001280 -82.630844 -34.757637
v -7.380644 -83.810776 -37.535702
v -20.282055 -75.886040 -39.317490
v -16.486689 -75.129524 -35.372162
v -36.677494 -70.120010 -65.498299
v -31.737524 -73.309608 -57.151966
v -29.277237 -72.242462 -49.488911
v -35.377491 -68.150291 -56.103329
v -27.230740 -76.050308 -50.856953
v -21.848967 -78.830116 -44.938606
v -24.470228 -74.863579 -43.971603
v -23.691973 -79.322792 -49.687260
v -15.242551 -82.495949 -42.610188
v -16.819216 -82.663475 -47.493629
v -27.333225 -77.515472 -56.204002
v -8.516789 -85.771133 -51.195919
v -0.668489 -86.573326 -49.429111
v -0.906783 -85.856033 -45.415611
v -17.795866 -82.974632 -52.475723
v -8.764674 -84.963623 -46.033985
v -25.331953 -70.646843 -41.916698
v -30.416349 -66.349068 -45.950981
v -35.337437 -64.527397 -51.592140
v -39.298851 -62.386250 -55.891026
v -8.275715 -84.540413 -41.396732
v -1.023249 -85.315269 -40.998753
v -1.038613 -84.488396 -37.284073
v -0.943054 -79.562759 -32.487965
v -0.843724 -73.197868 -29.908249
v -11.224012 -74.361687 -32.113297
v -22.032885 -72.573212 -39.059738
v -35.311226 110.357094 -42.281746
v -35.366844 106.019012 -39.551762
v -27.611820 109.682327 -36.994480
v -58.593201 -1.521933 -45.839001
v -49.555401 -11.680503 -37.078602
v -51.426498 -2.010073 -37.268398
v -27.870399 -62.333721 -40.499554
v -24.486200 -60.739704 -36.801598
v -24.731300 -55.385403 -34.803295
v -23.949900 -49.310204 -32.168396
v -29.583000 -49.674404 -36.090694
v -30.367399 -56.164104 -39.786594
v -19.690819 -68.756561 -35.733276
v -24.739006 -65.833038 -39.013908
v -40.855877 -56.390320 -51.909412
v -41.221699 -49.960102 -46.586895
v -36.250690 -58.929775 -47.826149
v -40.317101 -44.654205 -41.846596
v -36.452900 -47.187305 -39.672596
v -50.809101 -22.269804 -42.890800
v -45.275600 -19.303802 -35.514400
v -31.409700 -39.367203 -32.671795
v -30.718000 -44.984505 -34.767696
v -33.240601 -48.784702 -38.077198
v -25.667601 -43.812202 -31.798096
v -19.937000 -23.279802 -22.625298
v -22.841000 -19.487103 -24.667297
v -25.910200 -27.458601 -25.698698
v -26.445801 -38.897205 -30.040596
v -22.892200 -35.654305 -26.302998
v -24.722700 -31.860802 -25.764898
v -20.733400 -47.016003 -29.251196
v -19.005501 -51.825603 -28.809896
v -17.810101 -48.668003 -26.900797
v -27.471100 -24.048101 -26.322098
v -25.293301 -18.626802 -25.528997
v -29.612101 -19.490202 -26.892698
v -14.129700 -21.966002 -19.576097
v -15.350000 -17.557102 -21.284399
v -21.928301 -5.730752 -24.800400
v -21.067699 -9.692962 -24.900200
v -18.541401 -6.359922 -23.395901
v -25.361099 -13.503302 -25.563297
v -23.053101 -16.038002 -25.147999
v -2.353320 -29.193901 -13.392098
v -2.749360 -24.941502 -14.144198
v -5.968110 -24.949402 -14.647598
v -3.013730 -20.807901 -14.639498
v -7.876340 -20.187002 -16.262398
v -2.346790 -17.910402 -14.324899
v -4.159300 -15.083501 -13.705099
v -28.780600 -34.822903 -29.259197
v -34.702301 -43.073105 -36.249798
v -35.138599 -35.091805 -33.359097
v -30.784201 -29.626802 -28.896599
v -9.788700 -11.647501 -14.217899
v -3.238110 -12.693401 -10.029699
v -6.460700 -10.866401 -9.858139
v -10.701500 -9.493761 -11.989899
v -12.605700 -10.055801 -13.935299
v -13.889100 -11.195401 -16.629700
v -14.096600 -12.682302 -18.974798
v -11.385400 -15.020701 -18.098099
v -14.892000 -13.958002 -21.133999
v 0.393449 -13.415001 -9.887799
v -16.297100 -2.052781 -17.784800
v -13.602100 1.078109 -14.314900
v -14.728400 1.455119 -17.810200
v -10.714000 3.422109 -10.900100
v -12.026500 4.295869 -14.819800
v -17.078600 -3.192971 -20.353001
v -17.724899 -10.047602 -22.839500
v -9.462710 6.644469 -11.601101
v -17.313101 -1.800052 -21.699400
v -17.583700 -5.707731 -20.544399
v -16.423300 -12.593202 -22.079000
v 0.508528 -3.462520 0.627838
v -2.185820 -3.501260 0.374756
v -2.203420 -6.244940 -0.067122
v -5.118850 -3.426660 -0.833104
v -4.712130 -6.520040 -1.273830
v -7.661950 -7.118600 -4.318510
v -4.864920 -9.550470 -3.920649
v -5.542470 -10.369401 -6.427339
v -7.773260 -8.882861 -6.378139
v -4.462830 6.150320 -4.861681
v -4.545470 2.058590 -1.824960
v -2.410710 2.708790 -1.383740
v -4.635660 -0.489673 -0.811653
v -2.131130 -0.508774 0.006881
v -2.860090 -8.630270 -1.720249
v 0.398000 -10.842700 -3.528409
v -2.661060 -10.609900 -3.869529
v -2.921930 -11.713901 -6.638629
v -11.119900 -6.608100 -7.719210
v -9.855670 -8.816241 -9.473319
v -13.675500 -7.054111 -10.921299
v -12.487400 -9.056231 -12.277499
v -15.775200 -7.749781 -14.105999
v -14.454900 -9.809201 -14.854599
v -17.034100 -8.238051 -17.311899
v -15.892500 -10.271301 -17.230200
v 0.507651 3.202040 -1.344750
v -6.497820 0.368568 -2.334960
v -8.396760 -2.475710 -3.595000
v -8.639930 1.588230 -5.524450
v -17.354700 -8.659172 -20.246099
v -16.129299 -11.062302 -19.662500
v -19.733400 -12.698602 -24.478798
v -18.317301 -15.532001 -23.523897
v -11.287300 -0.471005 -7.629800
v -11.595400 -3.359840 -7.116449
v -7.830610 7.338890 -9.366401
v -7.197400 12.732099 -12.210101
v -10.812300 8.942469 -15.574301
v -7.535990 20.795599 -17.625801
v -11.665700 16.231398 -20.156801
v -20.811800 1.304178 -24.019899
v -11.443900 46.411598 -19.032503
v -13.498100 57.061100 -15.829505
v -52.962425 64.330032 -42.186943
v -54.740582 71.388786 -46.059113
v -22.072201 50.181801 -19.913103
v -13.246000 41.939098 -22.870705
v -13.260200 67.336899 -16.270006
v -22.473499 78.716103 -21.495905
v -29.836500 79.552498 -25.295406
v -37.431557 80.489754 -30.692844
v -44.510471 79.517197 -36.156990
v -44.429565 72.025612 -34.251022
v -50.282494 76.446884 -41.220795
v -49.335720 69.961403 -38.818642
v -29.996599 39.440495 -26.111103
v -32.435799 36.443295 -27.047102
v -36.396000 39.210995 -26.905903
v -29.168301 28.977299 -27.901602
v -35.367699 30.900297 -28.720102
v -40.839901 37.561295 -29.653402
v -40.684101 31.051699 -31.277601
v -46.243401 35.609097 -34.376705
v -24.804100 28.738897 -28.219103
v -23.595699 30.944199 -28.944101
v -24.164101 35.650898 -28.185602
v -19.127501 31.234299 -28.088802
v -22.694799 21.557299 -28.006903
v -43.786400 23.543098 -33.938099
v -48.551601 28.932796 -38.432804
v -29.500099 20.052298 -28.512102
v -37.254398 20.443197 -30.336302
v -44.187000 43.924095 -29.986605
v -31.286400 45.796700 -24.445904
v -22.565701 39.135498 -26.726303
v -19.414700 37.816097 -27.202103
v -26.549400 40.037197 -26.210604
v -25.640600 44.768101 -24.195105
v -33.541401 42.697102 -25.256504
v -39.451401 48.182896 -26.016903
v -37.708801 43.282497 -26.373304
v -41.150101 41.465694 -28.488005
v -18.615999 41.923302 -24.550505
v -12.926200 33.946297 -26.071503
v -9.190460 36.083199 -23.153402
v -41.965801 27.323198 -32.116104
v -9.736270 26.538399 -23.366302
v -18.497200 23.435497 -27.791101
v -17.126101 18.954899 -26.029202
v -13.275200 23.018997 -24.910702
v -22.398600 16.008598 -27.136602
v -30.012899 14.326098 -28.523201
v -40.564301 15.023797 -31.684603
v -46.506001 19.982498 -35.701000
v -51.227299 26.189096 -40.973003
v -51.980598 33.843395 -41.542603
v -54.546101 34.346497 -44.425903
v -52.895302 39.378395 -40.637905
v -29.452600 24.511398 -27.801802
v -36.214500 24.916498 -29.111702
v -6.849040 -55.247799 -23.078396
v -13.813200 -53.787205 -25.683395
v -14.057100 -57.363804 -28.103996
v -58.213402 34.410397 -49.158203
v -54.531300 23.279596 -43.351002
v -49.137901 16.446198 -36.752499
v -41.009602 6.928328 -30.745501
v -56.150299 43.449696 -44.768703
v -58.281906 47.335213 -49.212368
v -54.069000 45.836597 -40.100704
v -55.588902 51.283695 -43.070602
v -51.407902 47.164497 -36.445705
v -52.958199 55.870197 -39.296505
v -47.745098 50.485294 -31.812904
v -49.163101 58.348297 -34.611904
v -43.581600 53.625298 -27.737604
v -44.700001 60.157497 -30.111504
v -38.696201 54.373501 -24.541103
v -39.606800 61.088497 -26.029804
v -30.730301 51.672401 -21.990204
v -33.219200 62.439701 -22.759804
v -36.390820 90.931709 -32.769775
v -44.281853 88.236534 -38.439678
v -25.274950 89.558891 -26.484322
v -12.563100 78.666397 -18.796906
v -12.726200 91.268700 -22.780308
v -23.868299 59.702499 -17.793104
v -0.048549 45.946400 -17.343803
v -5.478910 37.028198 -20.144701
v -3.509020 21.502798 -13.845802
v -14.027600 -3.965311 -10.390900
v -15.017000 6.066238 -20.437500
v -30.020599 -0.505829 -26.085699
v -29.155399 -8.609632 -25.845900
v -40.456501 -3.411042 -29.716499
v -35.172901 -8.728802 -27.167299
v -43.212399 -12.267103 -31.854000
v -35.498798 -14.539102 -28.231398
v -23.463800 26.093098 -28.053102
v -7.316660 -58.457203 -26.091496
v -0.366935 -58.916004 -25.588495
v -0.061870 -56.473499 -23.035896
v -13.119300 -67.936501 -31.541094
v -7.299710 -62.007904 -28.212795
v -5.827670 -67.018501 -29.044094
v -0.644578 -65.484001 -28.269894
v -13.977600 -61.862804 -30.284595
v -19.722000 -56.042202 -31.168497
v -13.421800 -50.648998 -23.835497
v -8.424550 -52.169300 -21.494097
v -4.139480 -53.235500 -20.650896
v -12.887100 -0.492036 -10.518500
v -17.243700 -5.238922 -17.543501
v -14.902900 -1.175321 -14.161600
v -16.050200 -4.623761 -13.867700
v 0.327274 -17.887602 -14.047599
v 0.353291 -12.228201 -6.669669
v 0.487983 7.823999 -4.244620
v -61.574921 39.014133 -55.019295
v -61.046799 28.426596 -52.595802
v -60.365921 50.809990 -53.962433
v -62.737274 52.655766 -59.313599
v -64.443405 39.890091 -60.887169
v -64.919098 23.982697 -59.029598
v -60.767200 10.514297 -48.678501
v -67.053337 11.995410 -64.832260
v -63.274601 2.671776 -54.324699
v -6.791100 28.376497 -20.853903
v -16.105200 12.487798 -22.987600
v -22.128799 9.319798 -25.357100
v -30.407400 7.301298 -27.265400
v -58.117001 18.870296 -46.060398
v -52.663502 9.729347 -38.655602
v -3.600320 29.078299 -17.990501
v 0.275797 29.304598 -16.784403
v -58.090851 64.485764 -51.040882
v -60.620708 65.565086 -56.782360
v -56.647717 57.482613 -47.031708
v -55.848370 76.930374 -49.198002
v -50.565178 83.726768 -43.705429
v -0.256029 56.022099 -15.148004
v -0.478477 66.605598 -15.423305
v -1.066920 91.396599 -21.511507
v -1.396800 102.615685 -26.286663
v -13.113649 102.379524 -27.505358
v -25.053762 101.664528 -31.053457
v -35.336174 99.701660 -35.962025
v -43.381699 95.531380 -41.201447
v -49.908108 89.917633 -46.138397
v -58.234253 76.490105 -53.884922
v -55.056820 83.933098 -50.561012
v -55.084324 88.820938 -53.550037
v -59.380108 79.957428 -57.744907
v -62.784798 68.292641 -62.646378
v -65.243759 53.118019 -65.289490
v -67.061829 39.881058 -67.037224
v -67.993637 26.342794 -67.490891
v -9.212210 -25.467201 -15.923998
v -13.953200 -26.763102 -18.444998
v -13.269000 -30.844202 -17.763397
v -17.544500 -33.285400 -21.392298
v -19.543900 -29.040401 -21.886297
v -34.970100 -25.572702 -30.259798
v -38.253300 -39.918205 -37.543995
v -42.094700 -36.059002 -39.327995
v -35.876900 -52.330006 -42.479298
v -44.185799 -40.975204 -43.983196
v -48.057899 -37.712605 -47.166195
v -46.944000 -44.591805 -50.485397
v -47.238701 -30.978704 -42.768997
v -42.611198 -26.308903 -35.798298
v -38.862801 -30.959501 -34.525696
v -39.386101 -21.739801 -31.795797
v -8.941710 -29.672102 -15.382898
v 0.515393 -29.372803 -13.217198
v 0.533376 -25.140402 -13.989298
v 0.390805 -21.118402 -14.368098
v -0.544327 -61.974804 -27.565796
v -19.755899 -61.328102 -33.397495
v -32.873211 -60.554852 -44.861271
v -46.447357 -52.327591 -57.060650
v -44.529930 -58.805290 -61.536201
v -53.380798 -32.119503 -52.531895
v -52.594635 -46.171902 -63.515514
v -53.524937 -39.502098 -58.316246
v -56.003101 -22.104803 -51.080002
v -67.145271 -3.810597 -82.198837
v -68.631699 8.914325 -74.847633
v -69.542625 10.033307 -83.466690
v -63.195805 -23.389843 -75.937271
v -65.044952 -11.877774 -72.585785
v -58.927826 -30.603111 -64.707626
v -66.374374 -0.717568 -68.026955
v -61.451500 -18.080004 -61.861801
v -64.864044 -17.236601 -84.976860
v -60.647339 -34.751102 -79.238762
v -57.686382 -39.385727 -70.365402
v -56.365231 -44.827320 -74.522621
v -62.629101 -7.646935 -57.753799
v -55.937901 -13.343504 -46.323502
v -69.995773 24.970482 -74.677307
v -71.451668 38.540943 -81.251038
v -71.319496 23.724669 -82.469780
v -72.622261 32.661064 -88.591820
v -71.840431 23.077482 -89.538383
v -69.439262 7.695390 -91.785606
v -65.488983 -13.680470 -90.906181
v -67.405624 -4.553666 -91.996246
v -67.508705 -7.654813 -97.407295
v -64.392418 -19.068645 -95.016388
v -68.528252 -1.202449 -96.400902
v -42.939205 102.242577 -44.795834
v -49.560871 95.264381 -48.862240
v -49.633095 98.989479 -51.257042
v -52.676697 96.084480 -54.388744
v -45.713661 103.907120 -49.514839
v -40.363140 108.440834 -46.245502
v -67.754639 52.263386 -71.593582
v -69.476898 53.238110 -77.397209
v -49.105228 64.796158 -36.996952
v -44.700638 66.110641 -32.458916
v -39.448601 66.232101 -27.797806
v -3.647940 13.971099 -9.344021
v 0.376275 14.448499 -8.363031
v 0.306899 21.998398 -12.837002
v -66.157295 65.301880 -70.810867
v -61.199051 79.751038 -62.437382
v -63.977093 75.351799 -67.931465
v -69.497749 39.232315 -73.610237
v -57.974117 87.353676 -58.344193
v -49.941669 100.720184 -53.260166
v -13.941194 110.681976 -32.834835
v 0.558684 -6.313960 0.149771
v -60.665714 -32.767036 -92.332031
v -54.737709 -48.617611 -80.515526
v -58.823181 -39.902954 -85.241722
v -56.254101 -44.704601 -88.832367
v -52.022331 -54.047718 -84.450508
v -45.798336 -61.410217 -75.525620
v -63.076588 -26.041498 -87.793175
v -37.457802 35.075096 -28.713802
v -39.670200 34.398296 -30.195902
v -27.575100 34.199398 -28.062502
v -22.610201 -39.965202 -29.207497
v -2.991760 -43.792999 -20.046297
v -3.104730 -46.577301 -20.100897
v 0.271374 -47.067402 -19.934696
v -7.074230 -43.192600 -21.020796
v -7.371540 -45.780201 -21.026297
v -11.859200 -42.727200 -23.142996
v -12.109500 -45.027199 -23.130396
v -16.219500 -41.883904 -25.901796
v -16.267799 -43.872704 -25.958696
v -20.070101 -40.565605 -28.057596
v -20.416000 -43.380302 -28.788996
v -20.130699 -37.771603 -26.455198
v 0.090002 -53.811501 -20.729296
v -12.686100 -33.398602 -18.242798
v -5.359210 -29.208302 -13.968598
v -16.228100 -37.545200 -23.945498
v -16.802099 -36.115101 -23.022099
v -11.859100 -37.075298 -21.032898
v -12.308300 -35.370899 -19.748098
v -6.586550 -36.867500 -18.671598
v -7.874330 -35.091999 -17.600998
v -2.737170 -37.004902 -17.400599
v -4.431270 -35.496300 -16.650398
v -1.817580 -35.252998 -15.497897
v 0.476285 -37.131802 -16.959898
v 0.523665 -35.322800 -15.223397
v -2.034220 -32.831001 -13.878397
v -4.800710 -32.844101 -14.677797
v -3.473250 -50.101002 -19.749096
v -7.940160 -49.084999 -20.709196
v -8.314740 -32.988899 -16.063498
v -12.799100 -47.839298 -23.018196
v -16.804800 -46.081005 -26.007696
v 0.555996 -32.924801 -13.614597
v -38.384365 72.267258 -29.144264
v -31.302000 70.784798 -23.745605
v -23.255699 68.904198 -19.114206
v 0.357061 -15.247101 -12.781199
v 0.513464 -0.373681 0.195498
v 0.145822 36.994598 -18.667103
v 0.556501 -8.845160 -1.203659
v -0.681929 78.476898 -17.750906
v -1.244842 110.084007 -30.943678
v 0.277166 -44.285000 -19.831396
v 0.223313 -50.587399 -19.703596
v 49.351601 -52.745651 -67.427544
v 46.818371 -58.146484 -71.317558
v 39.784580 -64.775711 -63.722645
v 15.448937 -79.725716 -39.006973
v 11.004108 -82.198280 -38.413780
v 9.075898 -79.684074 -34.683964
v 4.197353 -82.598198 -35.232162
v 5.253453 -83.849022 -37.647087
v 18.614120 -76.142685 -38.999733
v 14.792554 -75.385460 -35.033115
v 34.557293 -70.742393 -64.039925
v 29.723921 -73.945763 -56.766159
v 27.566545 -72.563225 -49.231365
v 33.703766 -68.482643 -55.782974
v 25.235693 -76.600899 -50.527405
v 19.753576 -79.275230 -44.746578
v 22.769903 -75.133522 -43.701515
v 21.186129 -80.020332 -49.522621
v 12.929369 -82.814400 -42.662231
v 14.325227 -83.239708 -47.447430
v 24.574457 -78.842667 -56.029938
v 7.095613 -86.009315 -50.742973
v 15.007000 -83.884346 -52.439919
v 6.729653 -85.286461 -45.951221
v 23.790773 -70.812500 -41.739288
v 28.878281 -66.491722 -45.815533
v 33.822117 -64.674637 -51.333595
v 37.843643 -62.590832 -55.509651
v 6.117203 -84.724625 -41.463890
v 9.552904 -74.576584 -31.851364
v 20.472075 -72.761246 -38.835335
v 33.970058 110.046745 -40.692001
v 33.621605 106.001175 -37.751911
v 25.881399 109.321587 -35.854145
v 58.101002 -2.047943 -45.422600
v 49.197701 -12.198003 -37.125198
v 51.202301 -2.630883 -37.212799
v 26.458113 -62.466263 -40.410786
v 23.193899 -60.880104 -36.694096
v 23.608500 -55.336304 -34.703094
v 23.072800 -49.279602 -32.079697
v 28.608000 -49.498505 -36.250698
v 29.139299 -56.053604 -39.797794
v 18.165365 -69.034111 -35.507240
v 23.333614 -65.932236 -38.851753
v 39.439590 -56.501556 -51.580345
v 39.910000 -49.800503 -46.338398
v 34.825089 -58.944473 -47.655407
v 39.155102 -44.534405 -41.706596
v 35.341900 -46.918903 -39.651794
v 49.915600 -22.505505 -42.847900
v 44.799198 -19.550201 -35.570400
v 30.695400 -39.158802 -32.910297
v 29.905701 -44.848804 -35.034897
v 32.219299 -48.584904 -38.259598
v 24.900499 -43.718002 -31.934496
v 19.699301 -23.147402 -22.641798
v 22.499701 -19.328503 -24.736698
v 25.451300 -27.193201 -25.764198
v 25.798700 -38.595005 -30.219397
v 22.366800 -35.319805 -26.168398
v 24.248600 -31.604301 -25.789698
v 19.996000 -47.090405 -28.925196
v 18.113800 -52.162403 -28.477695
v 17.094999 -49.060104 -26.415195
v 27.124100 -23.836502 -26.506397
v 24.936300 -18.458801 -25.684498
v 29.306999 -19.380802 -27.084799
v 14.279100 -21.945202 -19.595898
v 15.421100 -17.615501 -21.134598
v 21.957399 -5.685562 -24.784500
v 20.944099 -9.619012 -24.856600
v 18.644699 -6.426432 -22.986601
v 25.284000 -13.317402 -25.755697
v 22.841700 -15.960602 -25.279398
v 3.301200 -29.328302 -13.372798
v 3.719650 -24.981401 -14.096798
v 6.638710 -25.014002 -14.680198
v 3.791500 -20.777203 -14.595198
v 8.418890 -20.207901 -16.266897
v 3.099910 -17.895502 -14.294599
v 4.778960 -14.970801 -13.669799
v 28.166700 -34.636906 -29.438698
v 33.809299 -42.919903 -36.426197
v 34.333500 -34.978104 -33.411594
v 30.245800 -29.442303 -29.047598
v 10.373000 -11.569901 -13.976999
v 3.871700 -12.363701 -9.837549
v 6.962440 -10.536601 -9.759599
v 11.608700 -9.507261 -11.875299
v 13.104600 -10.070601 -13.531199
v 14.338100 -11.272701 -16.285999
v 14.515900 -12.786801 -18.720798
v 11.758700 -15.092801 -17.983898
v 15.193900 -14.036901 -20.719698
v 16.774900 -2.256912 -17.463400
v 14.034500 0.927806 -14.035500
v 15.048700 1.296669 -17.664700
v 11.365700 3.271819 -10.806000
v 12.474900 4.098699 -14.769500
v 17.449699 -3.318702 -19.971100
v 17.905899 -10.076802 -22.326700
v 10.145600 6.493089 -11.690401
v 17.580000 -1.884522 -21.470100
v 17.993299 -5.890491 -20.131800
v 16.619900 -12.644402 -21.543598
v 3.180090 -3.482710 0.295045
v 3.181320 -6.307940 -0.152701
v 5.917880 -3.424800 -0.869975
v 5.529810 -6.497010 -1.290030
v 8.288740 -7.032351 -4.229959
v 5.545150 -9.395400 -3.738989
v 6.027740 -10.017701 -6.353259
v 8.231680 -8.695191 -6.379200
v 5.307950 6.170829 -4.961700
v 5.447710 2.084190 -2.002910
v 3.333410 2.788730 -1.532520
v 5.485950 -0.485368 -0.935544
v 3.096970 -0.464460 -0.103100
v 3.754640 -8.635230 -1.659219
v 3.427020 -10.468300 -3.648929
v 3.594470 -11.417901 -6.448929
v 11.834700 -6.620050 -7.657780
v 10.537200 -8.755681 -9.373659
v 14.377200 -7.143731 -10.774499
v 13.242700 -9.068161 -11.966799
v 16.330000 -7.830701 -13.854399
v 14.961400 -9.798971 -14.399599
v 17.612801 -8.309441 -16.939199
v 16.449600 -10.336101 -16.823400
v 7.277080 0.432059 -2.479790
v 9.056240 -2.619660 -3.561180
v 9.430900 1.446560 -5.596770
v 17.849701 -8.791272 -19.771900
v 16.642500 -11.165302 -19.281799
v 19.584200 -12.778102 -24.372099
v 18.108700 -15.596802 -23.307098
v 12.011900 -0.736576 -7.487680
v 12.231400 -3.595650 -7.002230
v 8.615340 7.199729 -9.418751
v 7.872240 12.604299 -12.379501
v 11.250400 8.795689 -15.739501
v 8.055200 20.748798 -17.862402
v 11.963500 16.035997 -20.468601
v 21.050200 1.222348 -24.036301
v 11.473800 46.419899 -18.939703
v 12.918500 57.202000 -15.840405
v 52.489845 63.717106 -40.652241
v 54.119678 70.471352 -44.309853
v 21.903799 50.195499 -19.954103
v 13.476300 41.917099 -22.818203
v 12.237200 67.416397 -16.219606
v 20.993000 78.688103 -20.953905
v 28.400400 79.384697 -24.497305
v 36.005024 80.265968 -29.617407
v 43.186443 79.082619 -34.692070
v 43.395683 71.673164 -32.971924
v 49.266735 75.783218 -39.541283
v 48.523212 69.475220 -37.365459
v 30.477200 38.793995 -26.536604
v 33.037300 35.674896 -27.526802
v 36.891701 38.515594 -27.421003
v 29.687401 28.446299 -28.001402
v 35.973999 30.314098 -29.220901
v 41.227100 36.877396 -30.240301
v 41.212700 30.486599 -31.871403
v 46.264500 35.100697 -34.737404
v 25.232800 28.232998 -28.120401
v 24.037701 30.540398 -28.808302
v 24.722500 35.147594 -28.334803
v 19.681200 30.949099 -28.262302
v 23.437201 21.221498 -28.214201
v 44.211201 23.123999 -34.421600
v 48.652802 28.383896 -38.634903
v 30.199699 19.614899 -28.822702
v 37.843601 20.026697 -30.814802
v 44.040001 43.369297 -30.240004
v 31.316601 45.412498 -24.603104
v 22.772699 38.805298 -26.970104
v 19.721300 37.601196 -27.344002
v 27.001900 39.544098 -26.443304
v 25.591499 44.549599 -24.316204
v 33.917198 42.115894 -25.707903
v 39.011902 47.738895 -26.146204
v 37.976601 42.702995 -26.850704
v 41.376900 40.798298 -29.010803
v 18.817699 41.830399 -24.607004
v 13.381300 33.910194 -26.224102
v 9.581460 36.092800 -23.123001
v 42.425800 26.927898 -32.740303
v 10.100900 26.516998 -23.489902
v 19.202700 23.233398 -28.013601
v 17.587700 18.766897 -26.366001
v 13.677100 22.951199 -25.300001
v 23.060301 15.658198 -27.406702
v 30.735800 13.867898 -28.788702
v 41.004501 14.514497 -31.870102
v 46.821201 19.448399 -35.764000
v 51.284599 25.406197 -40.829205
v 51.787899 33.074295 -41.465805
v 54.278900 33.403194 -44.042706
v 52.553902 38.559998 -40.371902
v 30.017799 24.007698 -28.092602
v 36.918301 24.486599 -29.724802
v 6.468300 -55.475300 -23.130596
v 12.937100 -54.271503 -25.401997
v 12.937900 -57.671505 -27.935997
v 57.925201 33.398895 -48.566605
v 54.498299 22.379797 -43.095699
v 49.314499 15.738197 -36.707699
v 41.274799 6.340248 -30.851200
v 55.678398 42.389595 -43.994804
v 57.919052 46.242603 -48.204674
v 53.589001 45.063095 -39.456505
v 55.090500 50.290596 -41.991203
v 51.023399 46.516396 -36.016903
v 52.535400 55.096996 -38.292202
v 47.295300 49.954197 -31.498304
v 48.587502 57.686295 -33.698902
v 42.799400 53.141994 -27.455803
v 43.856800 59.720295 -29.264704
v 37.953098 53.966000 -24.377705
v 38.620899 60.772198 -25.303305
v 30.320101 51.396801 -21.992104
v 32.365101 62.283501 -22.130104
v 34.573578 90.523514 -31.489660
v 43.006523 88.104500 -36.525700
v 23.421019 89.205269 -25.632883
v 11.121800 78.638603 -18.573606
v 10.697100 91.124397 -22.472408
v 23.304399 59.787300 -17.749504
v 5.857640 36.997799 -20.008701
v 4.175160 21.669598 -14.054102
v 14.656800 -4.132461 -10.216900
v 15.282000 5.832718 -20.601299
v 30.287701 -0.823625 -26.116600
v 29.248100 -8.745682 -25.955500
v 40.576302 -3.836642 -29.777100
v 35.279400 -8.924882 -27.227100
v 43.121201 -12.609603 -31.958200
v 35.424000 -14.676502 -28.366598
v 24.031900 25.629799 -28.101002
v 6.524040 -58.652306 -26.131697
v 11.625200 -68.191498 -31.294994
v 6.115710 -62.163605 -28.206396
v 4.497790 -67.112801 -28.952795
v 12.640500 -62.123604 -30.177696
v 18.570299 -56.312202 -30.975096
v 12.748000 -51.209801 -23.441095
v 8.095150 -52.541199 -21.510096
v 4.309580 -53.352600 -20.827496
v 13.498700 -0.668560 -10.231300
v 17.767700 -5.320561 -17.118799
v 15.398400 -1.370821 -13.785100
v 16.640400 -4.729911 -13.587800
v 61.166340 38.052433 -54.164005
v 60.660301 27.599997 -51.962105
v 60.090889 49.945435 -52.914276
v 62.546082 52.016197 -58.359371
v 64.022858 39.203053 -60.063843
v 64.347504 23.195295 -58.262699
v 60.420502 9.867396 -48.293301
v 66.415230 11.320485 -63.780579
v 62.665401 2.169746 -53.556000
v 7.273730 28.483498 -20.897102
v 16.404200 12.298698 -23.328100
v 22.550400 9.033118 -25.583200
v 30.960501 6.853508 -27.443199
v 57.954601 17.974396 -45.807201
v 52.613400 8.959177 -38.647202
v 4.128700 29.117298 -17.952103
v 58.001274 63.739948 -49.618820
v 60.653522 65.046509 -55.591782
v 56.288464 56.495197 -45.540234
v 55.829399 76.415764 -47.469902
v 49.807835 83.411301 -41.719868
v 10.479977 102.161346 -27.207188
v 22.803892 101.300255 -30.127926
v 33.467556 99.719574 -34.302238
v 42.002853 95.873627 -39.186993
v 49.085472 90.085014 -44.189907
v 58.403458 76.176033 -52.404743
v 54.886856 83.856102 -48.817657
v 54.666176 89.005081 -52.098747
v 59.433010 79.806694 -56.559959
v 62.802235 67.958046 -61.736885
v 65.099380 52.659260 -64.512276
v 66.759064 39.394321 -66.370316
v 67.443665 25.772429 -66.705505
v 9.664060 -25.491602 -15.999298
v 14.028200 -26.713001 -18.403498
v 13.328100 -30.732403 -17.627298
v 17.237801 -33.183701 -21.140999
v 19.264700 -28.833302 -21.796799
v 34.487900 -25.522303 -30.422798
v 37.265400 -39.883003 -37.526997
v 41.089699 -36.119904 -39.226997
v 34.644798 -52.125904 -42.390396
v 42.964001 -41.082104 -43.878296
v 46.704102 -37.752304 -46.910595
v 45.525200 -44.607304 -50.196198
v 46.193401 -31.065704 -42.631798
v 41.927601 -26.398602 -35.760597
v 38.096100 -30.896301 -34.506096
v 38.960499 -21.785803 -31.869497
v 9.395480 -29.697203 -15.366698
v 18.457001 -61.566402 -33.256897
v 31.430988 -60.560352 -44.772369
v 44.935020 -52.474751 -56.605690
v 42.975990 -59.073933 -61.049458
v 52.014301 -32.180504 -52.098495
v 51.132763 -46.407162 -62.830215
v 52.053356 -39.552731 -57.643566
v 54.814701 -22.345003 -50.593800
v 66.473854 -4.205358 -80.740952
v 68.011139 8.540967 -73.712303
v 68.983192 9.799902 -82.309769
v 62.324844 -23.889816 -74.616020
v 64.325356 -12.328107 -71.185295
v 57.720753 -30.867241 -63.787197
v 65.720291 -1.213110 -66.741646
v 60.436600 -18.526505 -60.705200
v 63.929440 -17.747574 -83.447174
v 59.647163 -35.319984 -78.073662
v 56.423092 -39.760353 -69.408409
v 55.056805 -45.332272 -73.561378
v 61.824600 -8.065003 -56.749199
v 55.153702 -13.696404 -46.019001
v 69.340889 24.624996 -73.905907
v 71.237770 38.307285 -80.693405
v 70.564323 23.549154 -81.685013
v 72.630043 32.519363 -88.045975
v 71.273285 23.003786 -88.865852
v 68.733208 7.613490 -90.718628
v 64.421143 -14.121219 -89.317772
v 66.370308 -4.789496 -90.519585
v 66.447098 -7.792824 -96.325912
v 63.014637 -19.329884 -93.940598
v 67.623665 -1.232904 -95.274628
v 41.278011 102.754936 -42.707569
v 48.483948 95.793556 -47.027340
v 48.193916 100.003555 -49.520802
v 51.881012 96.633324 -53.215382
v 43.948151 104.885345 -47.579067
v 38.128712 108.636734 -43.471806
v 67.632904 51.919151 -70.989357
v 69.417503 52.985268 -76.921104
v 48.511875 64.236061 -35.667931
v 43.799873 65.734268 -31.268629
v 38.423100 66.078697 -26.801605
v 4.350960 13.979999 -9.407601
v 66.129082 65.034409 -70.235664
v 61.209789 79.578117 -61.614532
v 63.968586 75.139030 -67.341728
v 69.147141 38.880310 -73.040878
v 57.824791 87.369644 -57.343136
v 47.734985 102.831360 -51.564465
v 11.745049 110.239655 -32.391670
v 59.799416 -33.332058 -91.490517
v 53.444214 -49.423306 -79.495827
v 57.913757 -40.653072 -84.237465
v 55.503582 -45.704479 -88.218948
v 50.478970 -55.232899 -82.459557
v 43.569019 -63.189545 -74.805908
v 61.916103 -26.544502 -86.495834
v 37.951302 34.230495 -29.203402
v 40.074402 33.578697 -30.733702
v 28.015400 33.526897 -28.172201
v 22.072399 -39.736504 -29.453796
v 3.475990 -43.911301 -20.061195
v 3.533070 -46.730202 -20.160496
v 7.142010 -43.400700 -20.979897
v 7.292200 -46.109200 -21.003696
v 11.425000 -42.953098 -23.153896
v 11.645300 -45.394001 -22.950895
v 15.783400 -41.815605 -25.900496
v 15.819600 -44.125603 -25.887096
v 19.613001 -40.236904 -28.136196
v 19.893499 -43.419605 -28.805296
v 19.770100 -37.656704 -26.468798
v 12.715400 -33.387600 -18.109798
v 6.112340 -29.295403 -13.968598
v 15.950300 -37.600399 -23.909597
v 16.560801 -36.082802 -22.898397
v 11.654900 -37.270802 -21.074598
v 12.239100 -35.472000 -19.766499
v 6.931630 -37.031200 -18.695698
v 8.246360 -35.278000 -17.659698
v 3.468740 -37.137501 -17.450098
v 5.143200 -35.566101 -16.719198
v 2.746050 -35.387402 -15.577397
v 3.007630 -33.006100 -13.982897
v 5.583350 -32.913101 -14.740997
v 3.805210 -50.221901 -19.922297
v 7.810180 -49.391800 -20.722597
v 8.832010 -33.059101 -16.066998
v 12.278800 -48.320999 -22.643995
v 16.221100 -46.506203 -25.631596
v 37.210075 72.091171 -28.083448
v 30.145000 70.684601 -23.011606
v 22.227900 68.946800 -18.835806
v -62.515675 -21.050209 -69.193359
v 61.629089 -21.482237 -67.949059
v -65.161697 1.424955 -61.265800
v 64.446098 0.839150 -60.080601
v -65.199646 -14.309153 -79.222794
v 64.464554 -14.811810 -77.750900
v -66.938980 -2.083762 -74.561882
v 66.286789 -2.486784 -73.215729
v -57.831699 -25.622303 -57.637997
v 56.556099 -25.950304 -56.872795
v -66.326546 33.089825 -64.141693
v 65.881073 32.453434 -63.333759
v -43.175682 -63.514603 -69.362701
v 41.226929 -64.390327 -68.630463
v -60.419899 -5.262924 -50.902401
v 59.740501 -5.715324 -50.244202
v -30.563070 96.524719 -31.549847
v 28.556232 96.220711 -30.406301
v -68.345268 2.412051 -87.517357
v 67.656181 2.178090 -86.165504
v -18.813904 97.080414 -26.855204
v 16.521309 96.788483 -26.267330
v -18.243500 84.635300 -22.019205
v 16.577700 84.544800 -21.541206
v -30.854723 104.636803 -35.625309
v 28.867887 104.392838 -34.218201
v -68.678604 18.291784 -70.618721
v 68.051796 17.824320 -69.707687
v -50.177441 -55.722649 -78.166275
v 48.634411 -56.629223 -77.177391
v -71.074524 31.702961 -78.029167
v 70.508934 31.431036 -77.388321
v -56.289200 3.935557 -42.247700
v 56.010502 3.306117 -42.058300
v -55.921986 -39.161507 -64.422737
v 54.565639 -39.380859 -63.614464
v -65.540131 59.649868 -67.564209
v 65.474701 59.293915 -66.850380
v -64.199684 -9.607512 -65.339607
v 63.411098 -10.070405 -64.015999
v -63.604912 72.632050 -66.050484
v 63.610432 72.384544 -65.341080
v -64.411697 12.129996 -56.669800
v 63.852699 11.477996 -55.924099
v -39.291595 101.217148 -40.268318
v 37.616455 101.472458 -38.315353
v -59.296600 -15.491804 -54.222500
v 58.301201 -15.827504 -53.473000
v -54.523865 -45.853470 -69.188614
v 53.134163 -46.224884 -68.361801
v -66.177917 -10.099971 -87.908272
v 65.242470 -10.536515 -86.307922
v -50.076691 -45.891941 -57.488945
v 48.576252 -45.999821 -56.950863
v -60.439705 -32.054821 -72.695717
v 59.400467 -32.498566 -71.575867
v -40.095192 94.216293 -37.037758
v 38.530624 94.405579 -35.208076
v -21.700716 -80.926239 -51.252594
v 18.889025 -81.771706 -51.144382
v -70.160782 17.030252 -78.929199
v 69.471161 16.767815 -77.965698
v -68.920425 32.871460 -70.904793
v 68.433243 32.429379 -70.279480
v -46.350899 -58.647694 -66.618401
v 44.756207 -59.066116 -66.064934
v -7.044060 97.375000 -24.299707
v 4.550440 97.262299 -24.144207
v -52.837833 -51.030605 -73.825523
v 51.367569 -51.572186 -72.980217
v -53.025101 83.974495 -47.358559
v 52.616905 83.813950 -45.460831
v -32.411308 85.259872 -28.791687
v 30.785950 84.971954 -27.762403
v -6.814500 84.949799 -19.749605
v 5.091260 84.947800 -19.692905
v -47.173870 89.590240 -42.361908
v 46.129486 89.674881 -40.343204
v -64.932320 46.467361 -63.194004
v 64.672768 45.900711 -62.393963
v -67.484955 46.202366 -69.397156
v 67.269630 45.788525 -68.752777
v -7.328901 106.805931 -29.016026
v 4.596335 106.462257 -28.869757
v -62.894249 59.866859 -61.024994
v 62.828224 59.374935 -60.067066
v -52.492664 89.604233 -49.729019
v 51.870747 89.811485 -47.964916
v -57.958790 -42.195602 -80.014282
v 56.822681 -42.843784 -78.956650
v -51.796867 94.924980 -51.946667
v 50.850613 95.505157 -50.380848
v -61.475201 20.465696 -51.640800
v 61.127800 19.688896 -51.172100
v -46.775200 2.793137 -33.665600
v 46.773399 2.227637 -33.708199
v -69.710236 45.841915 -76.008011
v 69.543846 45.543289 -75.467438
v -46.546814 95.868462 -45.221119
v 45.311989 96.301521 -43.219612
v -36.326321 -69.204964 -60.847431
v 34.454376 -69.710396 -60.336082
v -63.184357 -25.351395 -82.165146
v 62.240295 -25.894163 -80.808029
v -8.134817 -70.794426 -30.327623
v 6.640394 -70.932480 -30.173409
v -48.712807 -52.730247 -62.666470
v 47.176308 -52.996037 -62.097752
v -60.537582 58.421600 -55.379276
v 60.419029 57.726974 -54.229916
v -40.926514 84.995827 -34.470310
v 39.399559 84.633583 -33.099754
v -54.148300 -7.270383 -41.374001
v 53.674000 -7.832883 -41.218601
v -59.795444 43.163647 -52.099224
v 59.412003 42.091888 -51.169945
v -35.472198 2.638828 -28.096600
v 35.805500 2.217218 -28.172600
v -62.369160 45.718807 -57.429913
v 62.036991 44.923969 -56.512627
v -57.185787 82.400719 -53.889465
v 57.196430 82.313942 -52.389317
v -60.326962 72.618210 -57.687222
v 60.429340 72.281410 -56.487354
v -6.836170 72.620003 -16.722006
v 5.682960 72.594803 -16.728806
v -31.926777 -73.869217 -59.729942
v 29.769844 -74.520996 -59.245422
v -66.089478 -11.452574 -94.058365
v 64.857964 -11.749796 -92.648949
v -54.345959 -49.315189 -84.706009
v 53.018631 -50.542969 -83.588394
v -27.756599 55.977798 -19.732204
v 27.294300 55.947201 -19.665403
v -19.841333 106.626198 -31.863199
v 17.574535 106.210228 -31.241325
v -50.651501 -38.620205 -52.094196
v 49.185299 -38.644104 -51.668095
v -63.178101 32.998898 -57.132305
v 62.698898 32.222996 -56.318604
v -51.937801 -27.002604 -47.141895
v 50.779400 -27.144403 -46.929897
v -6.139442 -77.051003 -31.888969
v 4.335226 -77.124504 -31.801851
v -46.488300 -7.367112 -33.696499
v 46.360401 -7.839032 -33.748798
v -58.400124 70.977997 -52.875713
v 58.519585 70.445923 -51.418331
v -18.062300 73.262100 -18.700205
v 16.803699 73.381599 -18.431807
v -70.708168 16.237598 -87.092239
v 69.949799 16.130733 -86.173317
v -45.958599 11.870097 -33.991600
v 46.166401 11.208097 -34.086700
v -53.868900 17.063396 -41.028099
v 53.828201 16.195496 -40.851601
v -47.753994 82.377113 -39.896797
v 46.578903 81.763298 -38.061443
v -7.128840 61.553799 -15.123205
v 6.413530 61.639500 -15.258005
v -47.113380 100.181366 -48.615669
v 45.610706 100.985634 -46.686016
v -53.273136 77.738586 -45.139572
v 52.573814 76.799919 -43.278656
v -13.116554 -84.213676 -49.330227
v 10.852265 -84.780174 -49.026875
v -35.338902 10.759398 -29.345400
v 35.878700 10.278598 -29.518299
v -27.648434 -76.648743 -53.544659
v 25.397144 -77.459373 -53.212841
v -25.363199 -3.440182 -25.108400
v 25.549601 -3.506382 -25.152500
v -6.567530 51.195400 -16.440205
v 6.298780 51.251400 -16.407604
v -19.609554 -81.086945 -45.974796
v 17.145838 -81.545311 -45.967251
v -12.376796 -83.806915 -44.223137
v 10.106688 -84.183113 -44.236488
v -43.867516 -51.080513 -51.428284
v 42.439274 -51.113152 -51.088478
v -58.696541 -39.151150 -89.041542
v 57.952007 -39.940304 -88.207680
v -25.713499 4.357228 -25.572201
v 26.207500 4.048498 -25.681499
v -18.901501 63.241798 -16.787806
v 18.097700 63.382999 -16.682705
v -55.815365 64.707397 -46.852123
v 55.367264 63.843315 -45.170403
v -18.372000 7.292748 -23.295000
v 18.625700 7.096888 -23.493700
v -25.836557 -75.661240 -47.421291
v 23.987129 -76.044785 -47.132854
v -34.145599 17.350199 -29.656902
v 34.761600 16.900997 -29.973103
v -42.705711 -57.901783 -56.702465
v 41.247219 -58.073151 -56.274506
v -47.712200 44.170097 -33.007706
v 47.488499 43.604694 -32.993404
v -60.997517 -33.401768 -86.262428
v 60.085979 -34.029800 -85.151917
v -17.034880 -80.861717 -41.144466
v 14.922670 -81.231934 -41.055950
v -62.818714 -26.021610 -91.951775
v 61.351227 -26.409840 -90.824333
v -50.452499 -16.850405 -40.135700
v 49.816299 -17.173504 -40.125900
v -33.980991 -57.055378 -43.813602
v 32.607990 -57.013035 -43.719364
v -54.674198 29.434496 -44.709103
v 54.528198 28.475096 -44.353703
v -27.392157 -71.372955 -45.471069
v 25.778542 -71.587952 -45.266548
v -32.865295 109.341270 -39.650425
v 31.291580 109.078712 -38.103760
v -34.279827 75.776352 -27.177914
v 32.978401 75.631302 -26.284506
v -28.059099 65.425201 -20.642305
v 27.139900 65.420898 -20.173805
v -67.947205 56.889133 -73.336845
v 67.881821 56.595631 -72.791733
v -58.049301 26.034897 -47.948902
v 57.863499 25.150896 -47.544300
v -50.542000 21.250597 -39.179798
v 50.712799 20.534697 -39.069801
v -13.294500 28.652199 -26.082302
v 13.746700 28.503798 -26.344301
v -26.791700 74.392303 -22.221806
v 25.458099 74.350601 -21.602806
v -55.361298 91.126976 -55.583233
v 54.917919 91.355484 -54.408985
v -51.575199 41.956097 -37.925102
v 51.260799 41.208096 -37.694603
v -46.502998 -24.848204 -39.094002
v 45.763901 -24.997303 -39.064999
v -13.287000 10.880998 -19.760799
v 13.559200 10.700198 -20.060600
v -5.796020 10.072599 -8.769421
v 6.534760 10.019499 -8.831071
v -41.298981 76.027855 -32.593246
v 40.068962 75.785828 -31.428625
v -42.005901 19.587599 -32.748699
v 42.467800 19.140898 -33.060200
v -51.956642 70.693298 -42.177185
v 51.207890 70.075432 -40.597847
v -11.149906 -83.443588 -39.778694
v 8.942766 -83.614067 -39.875744
v -29.838699 -14.193602 -26.452799
v 29.740999 -14.177202 -26.633799
v -9.248590 14.687199 -16.254702
v 9.743270 14.459899 -16.488602
v -10.450900 21.598497 -21.594501
v 10.816600 21.471899 -21.867102
v -4.762333 -85.314362 -43.284420
v 2.756494 -85.450729 -43.294266
v -16.791000 -64.802498 -32.724094
v 15.437600 -65.063400 -32.594696
v -27.188820 -66.528595 -41.926407
v 25.718664 -66.655762 -41.785183
v -32.567665 -68.148232 -50.944088
v 30.963018 -68.386292 -50.713501
v -38.410362 107.256706 -43.070763
v 36.681473 107.361855 -41.020458
v -43.055786 105.256584 -46.898293
v 41.005539 106.040047 -44.624161
v -34.998798 -20.454601 -29.169199
v 34.660599 -20.461102 -29.330898
v -16.561728 -77.668182 -37.176212
v 14.798150 -77.945808 -36.861336
v -5.261930 24.969599 -17.454302
v 5.818580 25.061598 -17.569002
v -58.460510 55.181450 -50.486370
v 58.175262 54.266781 -49.232170
v -45.230400 28.380398 -34.800705
v 45.491199 27.941698 -35.299503
v -47.233238 74.525627 -37.652557
v 46.143936 73.994324 -36.193779
v -59.685825 82.592865 -59.555069
v 59.690441 82.485764 -58.557720
v -18.211201 53.273300 -17.549004
v 17.921000 53.300201 -17.530504
v -50.629299 53.092796 -35.445103
v 50.178501 52.487698 -34.828804
v -51.124500 60.923695 -38.343204
v 50.750000 60.259098 -37.152603
v -40.137897 -63.793892 -59.682560
v 38.593380 -64.095192 -59.263859
v -47.562500 24.360298 -37.285198
v 47.838699 23.819298 -37.468899
v -5.457700 17.259699 -12.975901
v 6.144580 17.216099 -13.188301
v -40.899601 -17.083502 -31.585798
v 40.591301 -17.248802 -31.628998
v -35.664200 68.051903 -25.866806
v 34.565701 67.886597 -24.962105
v -1.644570 18.051901 -10.862001
v 2.323130 18.111799 -10.941501
v -32.316601 -51.698402 -39.023098
v 31.182600 -51.552505 -39.126396
v -64.437241 -18.992476 -89.822823
v 63.221771 -19.429926 -88.355499
v -21.079582 -77.429039 -41.836468
v 19.282692 -77.773643 -41.546551
v -68.413467 0.772695 -93.797043
v 67.519493 0.690145 -92.531929
v -38.642159 -54.533649 -47.253773
v 37.310398 -54.462978 -47.034988
v -23.048124 -69.699844 -38.962070
v 21.553566 -69.866394 -38.788250
v -26.972601 -58.598904 -38.002197
v 25.699699 -58.551403 -37.904594
v -25.996599 11.704798 -27.078400
v 26.677401 11.275498 -27.318899
v -4.640958 -85.978867 -47.960709
v 3.010898 -86.115356 -47.851582
v -37.948368 -60.805473 -51.983601
v 36.501011 -60.927563 -51.699421
v -1.620340 25.537199 -15.233702
v 2.243860 25.603498 -15.298002
v -25.905800 17.969898 -28.148003
v 26.642200 17.610298 -28.409203
v -47.040901 62.489597 -33.630703
v -42.235401 63.625996 -29.148605
v 46.299801 61.977596 -32.497803
v 41.266998 63.290596 -28.125906
v -33.651798 -5.369192 -26.841999
v -45.389999 -36.565903 -43.165398
v 33.797199 -5.631442 -26.907499
v 44.210701 -36.730705 -43.046394
v -57.023399 39.920998 -47.031105
v -1.781090 10.645099 -6.453231
v 56.661800 38.900097 -46.371803
v 2.629150 10.670699 -6.516001
v -50.812225 98.788055 -52.985348
v 49.396790 99.950661 -51.480110
v -17.161501 36.350895 -26.933502
v 17.608700 36.234295 -27.049202
v -72.072304 29.714939 -85.848442
v 71.754807 29.558514 -85.197411
v -26.445900 42.533398 -25.330404
v 26.599400 42.191597 -25.554403
v -11.998600 -18.552603 -18.895298
v 12.359500 -18.592802 -18.878399
v -30.867001 -24.754702 -28.025898
v 30.428101 -24.568201 -28.206898
v -31.626101 -34.742104 -31.012197
v 30.956400 -34.596004 -31.193197
v -30.859663 -72.726494 -53.595310
v 29.025974 -73.195236 -53.286915
v -14.410100 17.685898 -23.565601
v 14.687400 17.512499 -23.903902
v -41.819466 69.168678 -30.969238
v 40.761875 68.932678 -29.808060
v -42.681198 -31.162304 -37.942898
v 41.804401 -31.212101 -37.834595
v -33.821331 -62.727848 -47.765892
v 32.325047 -62.789822 -47.602375
v -43.175499 39.595196 -30.550404
v 43.293301 38.978798 -31.061203
v -54.677299 57.481396 -43.103603
v 54.295502 56.718395 -41.733105
v -4.484939 -84.834366 -39.065308
v 2.378439 -84.861069 -39.133892
v -6.039770 32.663898 -20.809101
v 6.503180 32.675201 -20.708801
v -10.215000 -64.657898 -29.785395
v 8.862760 -64.806396 -29.659594
v -48.492477 101.459183 -51.441681
v 46.629734 102.841049 -49.513443
v -22.976299 36.658096 -27.520702
v 23.484100 36.246998 -27.722801
v -35.827599 57.685200 -23.323004
v 35.086102 57.417000 -22.941504
v -35.016499 -30.365902 -31.711798
v 34.352402 -30.281502 -31.813599
v -12.999800 4.998359 -17.135401
v 13.330700 4.824499 -17.173000
v -15.444566 -71.664345 -33.603741
v 13.835027 -71.950958 -33.303337
v -46.577499 55.849697 -30.951704
v 45.852001 55.315098 -30.358105
v -50.061401 34.114197 -39.045506
v 49.918201 33.451797 -39.097805
v -39.958302 23.795797 -31.175001
v 40.502998 23.451399 -31.791403
v -38.658199 -9.868852 -28.953699
v 38.705299 -10.106702 -29.019400
v -46.947773 68.313370 -35.717113
v 46.102108 67.838394 -34.366798
v -16.674000 1.591978 -21.235500
v 16.859301 1.504068 -21.082100
v -10.641000 -56.268803 -25.601797
v 9.837410 -56.623302 -25.532797
v -16.600901 45.233002 -21.612703
v 16.615601 45.216999 -21.574503
v -22.276676 -64.037804 -36.247795
v 20.887293 -64.224503 -36.080296
v -43.202999 -45.161804 -45.579197
v 41.923401 -45.174202 -45.427998
v -38.655899 -48.608902 -42.698895
v 37.410198 -48.341305 -42.479195
v -19.219000 14.190198 -25.390202
v 19.709999 13.886498 -25.719301
v -38.663502 -35.544903 -36.125298
v 37.751499 -35.494003 -36.073997
v -51.572399 30.677597 -41.614002
v 51.486198 29.932695 -41.495605
v -17.049000 -59.021305 -30.706896
v 15.760700 -59.308502 -30.534397
v -38.978699 -26.272902 -32.997696
v 38.395199 -26.217001 -33.038197
v -20.582800 25.434698 -28.103102
v 21.264601 25.096098 -28.209301
v -9.417303 -82.171410 -36.332119
v 7.384741 -82.345863 -36.318237
v -10.770700 -59.868702 -28.057596
v 9.636880 -60.091003 -28.032696
v -33.854698 -46.061802 -37.160698
v 32.905899 -45.884403 -37.349598
v -2.150060 33.028900 -18.489002
v 2.608430 33.036499 -18.413801
v -35.175900 50.054001 -23.868404
v -24.344999 47.149300 -22.455004
v 34.807201 49.678600 -23.938105
v 24.234900 47.031898 -22.493504
v -33.049801 22.269098 -28.733202
v 33.723900 21.845798 -29.163801
v -41.837799 57.580894 -26.911104
v 40.940498 57.124096 -26.430504
v -8.137210 -15.210701 -15.751699
v 8.652850 -15.172901 -15.715699
v -53.882702 50.212894 -39.723705
v 53.420101 49.405895 -38.947903
v -9.803420 40.547501 -21.596603
v 10.073700 40.491299 -21.502203
v -3.588910 -64.081001 -28.297894
v 2.362650 -64.107597 -28.284695
v -41.318802 -40.468903 -40.650696
v 40.245300 -40.476006 -40.552597
v -3.934970 -60.236504 -26.813396
v 2.945930 -60.326603 -26.830597
v -54.046200 37.615597 -42.917404
v 53.702202 36.689697 -42.620903
v -67.811165 -4.445949 -95.532677
v 66.676804 -4.543172 -94.249130
v -38.724499 28.219297 -30.121002
v 39.360699 27.731499 -30.762802
v -56.892017 50.234497 -46.196617
v 56.452000 49.160397 -45.079803
v -21.419500 -32.608200 -23.847198
v 20.995600 -32.321701 -23.676498
v -16.939301 -25.273602 -20.532799
v 16.883699 -25.145401 -20.544998
v -4.212300 41.487202 -18.821903
v 4.382010 41.455002 -18.712404
v -24.144800 -9.369142 -25.256100
v 24.143700 -9.316381 -25.374100
v -44.015598 48.985195 -28.630003
v 43.583099 48.436596 -28.637604
v -27.534500 -46.854702 -33.760696
v 26.650101 -46.712303 -33.874496
v -23.064425 -73.755585 -41.077316
v 21.464424 -73.959099 -40.823826
v -3.995335 -83.517204 -35.983883
v 1.940235 -83.534813 -36.036091
v -9.270410 31.271599 -23.786303
v 9.700150 31.269798 -23.851103
v -3.635450 -57.431400 -24.359695
v 3.167890 -57.547798 -24.456396
v -24.165100 -23.584501 -24.770298
v 23.799801 -23.393402 -24.873398
v -21.607700 40.988796 -25.790403
v 21.701000 40.746796 -25.925903
v -34.955200 -39.418102 -34.920498
v -5.719180 -12.437101 -12.005299
v 34.135799 -39.302505 -35.058697
v 6.247830 -12.190901 -11.824399
v -19.886700 20.072598 -27.394503
v 20.568600 19.839798 -27.647602
v -8.718100 8.871419 -11.996801
v 9.392650 8.728719 -12.141801
v -19.098101 -18.912502 -23.127098
v 18.855301 -18.918701 -23.016798
v -0.691104 -68.191002 -28.743694
v -4.858050 -22.666502 -14.884098
v 5.545000 -22.713402 -14.865398
v -4.766320 -81.265076 -34.093605
v 2.810748 -81.320030 -34.077381
v -22.728100 -28.030401 -23.937098
v -41.855701 34.387497 -31.507603
v 22.297199 -27.758001 -23.929197
v 42.171501 33.712696 -32.046703
v -27.719999 -31.030201 -27.416298
v 27.118200 -30.822102 -27.462898
v -40.674999 44.186096 -27.702003
v 40.674301 43.641697 -28.085903
v -32.606701 27.006998 -28.055002
v 33.248600 26.552898 -28.443703
v -16.138500 -51.227406 -26.181196
v 15.376800 -51.673004 -25.770596
v -13.083100 0.726410 -12.484400
v 13.602200 0.587237 -12.152800
v -11.292300 -23.545502 -17.539198
v 11.600800 -23.595001 -17.546598
v -28.580500 -41.796803 -32.343296
v 27.825001 -41.588005 -32.561195
v -25.933399 -35.345802 -27.900198
v 25.324600 -35.049904 -27.965298
v -10.832400 -52.973999 -23.316296
v 10.182400 -53.483898 -23.163696
v -25.780100 -16.931402 -25.710499
v 25.542299 -16.815002 -25.898598
v -13.269700 38.798901 -24.510405
v 13.597600 38.750500 -24.558804
v -21.934601 -53.086903 -31.709097
v 20.917500 -53.211403 -31.526396
v -22.262100 -58.241505 -34.043995
v 21.042999 -58.389603 -33.893696
v -30.266001 42.188095 -25.335003
v 30.682400 41.603497 -25.591003
v -12.262700 -12.529101 -17.074400
v 12.646400 -12.623201 -16.938700
v -30.573881 -61.428326 -42.887901
v 29.117691 -61.496414 -42.833233
v -37.521099 -43.839504 -38.826996
v 36.468102 -43.666904 -38.787994
v -16.214100 -30.032902 -19.728199
v 16.080900 -29.875603 -19.560999
v -7.889500 4.743080 -7.410480
v 8.715770 4.601009 -7.495260
v -16.879200 -54.666904 -28.416096
v 15.752400 -55.070305 -28.072395
v -22.146700 -12.963002 -25.080097
v 22.020000 -12.917002 -25.165298
v -27.214001 -52.506702 -35.629395
v 26.160700 -52.350403 -35.649696
v -35.458900 45.145195 -25.383204
v 35.519501 44.687595 -25.729605
v -10.682200 -49.994400 -22.005497
v 10.274700 -50.468399 -21.844397
v -14.647100 -2.477681 -12.187700
v 15.209500 -2.628651 -11.893800
v -26.105900 23.007698 -27.993301
v 26.755301 22.517498 -28.224901
v -31.222401 32.501095 -28.065401
v 31.720301 31.915398 -28.264402
v -1.427020 5.009830 -2.718720
v 2.356060 5.055540 -2.790801
v -39.127602 40.546394 -27.672903
v 39.538101 39.864197 -28.228104
v -1.649350 -14.113301 -11.601799
v 2.317990 -13.981101 -11.520799
v -19.725033 -73.411293 -37.401676
v 18.121483 -73.650711 -37.116455
v -19.533800 -35.742199 -24.417297
v 19.183399 -35.609402 -24.232199
v -19.062700 -9.680161 -24.094101
v 18.998600 -9.716331 -23.771299
v -11.301500 -28.190903 -16.695698
v 11.550500 -28.134802 -16.670599
v -15.320300 -48.279499 -24.817495
v 14.690900 -48.839298 -24.322697
v -16.588800 23.989399 -26.957802
v -38.607700 36.552498 -28.795403
v 17.097900 23.961199 -27.293001
v 39.032101 35.677795 -29.332703
v -9.213960 -7.863670 -6.825630
v 9.818940 -7.755021 -6.775440
v -9.922690 -4.946910 -5.564179
v 10.521200 -5.057180 -5.513619
v -10.078900 -46.969101 -21.768196
v 9.744340 -47.333302 -21.616096
v -14.892500 -34.633999 -20.516298
v 14.728200 -34.630001 -20.371298
v -26.904699 37.420597 -27.163403
v 27.407900 36.874996 -27.399403
v -6.051150 2.580820 -3.402070
v -6.625780 -4.996290 -2.305929
v 6.918820 2.584440 -3.572720
v 7.330580 -4.983970 -2.272680
v -15.063700 -5.962901 -12.148900
v 15.697100 -6.095221 -12.016800
v -9.541140 -44.421398 -22.212996
v 9.207890 -44.763302 -22.166496
v -4.264070 -18.348902 -14.806199
v 4.999180 -18.295702 -14.785099
v -2.681100 -54.900002 -21.730696
v 2.726750 -54.974300 -21.886097
v -55.003399 45.112495 -42.153103
v 54.507702 44.190495 -41.448105
v -22.566799 29.220299 -28.498102
v 23.034700 28.811798 -28.413902
v -1.455850 -16.505602 -13.750299
v 2.146280 -16.482702 -13.721999
v -22.641300 -45.774704 -30.532396
v 21.937700 -45.774002 -30.456297
v -19.352100 -3.231912 -23.704901
v 19.471800 -3.163422 -23.497499
v -10.158300 -1.072170 -5.878520
v 10.863800 -1.339550 -5.855610
v -14.398600 -36.226299 -21.854898
v 14.146000 -36.319901 -21.844398
v -38.378799 32.778896 -29.820301
v 38.903099 32.062798 -30.360601
v -14.082300 -43.568100 -24.684996
v 13.621100 -43.783401 -24.665697
v -10.200100 -34.239399 -17.762098
v 10.439000 -34.368401 -17.780998
v -4.079440 -27.019802 -13.910298
v 4.948300 -27.124401 -13.896498
v -33.037601 39.760296 -26.013304
v 33.587101 39.106396 -26.563004
v -10.766000 -31.805702 -16.633999
v 11.057400 -31.783602 -16.559698
v -1.216910 -22.972502 -14.344098
v 2.173890 -22.996002 -14.307798
v -16.387501 -1.425481 -19.581499
v 16.769400 -1.554461 -19.339500
v -26.185801 30.577497 -28.419003
v 26.533899 30.070198 -28.288502
v -14.596000 -45.767601 -24.479996
v 14.062500 -46.152401 -24.153296
v -0.970568 -27.196201 -13.635698
v 2.022630 -27.252201 -13.593998
v -9.640770 -35.768902 -19.140999
v 9.700850 -35.938400 -19.175999
v -26.570999 26.971298 -27.785603
v 27.074400 26.476799 -27.847301
v -16.315901 -3.169651 -15.861200
v 16.855101 -3.365091 -15.475000
v -11.891500 -7.903841 -10.072499
v 12.679700 -7.919691 -9.912499
v -6.253120 -1.548030 -1.707510
v 7.004720 -1.542410 -1.767900
v -5.356380 -47.836601 -20.185797
v 5.532830 -48.060699 -20.295996
v -14.935900 -0.161045 -16.028400
v 15.349500 -0.326734 -15.720500
v -26.339001 -20.556803 -25.808199
v 25.981100 -20.335503 -25.982597
v -1.421420 -12.653701 -8.318009
v 2.125200 -12.458601 -8.187299
v -5.874220 -51.275200 -20.375496
v 5.957340 -51.468601 -20.523497
v -18.167700 -42.576702 -27.503696
v 17.711000 -42.553505 -27.566696
v -4.994260 -45.033901 -20.763596
v 5.263390 -45.259300 -20.798197
v -1.805080 -52.104900 -20.012695
v 2.122860 -52.158901 -20.143995
v -4.463900 -11.470001 -8.183289
v 5.029410 -11.031501 -8.023889
v -35.521198 35.579296 -27.816502
v 35.957802 34.806698 -28.227001
v -10.663700 5.720909 -13.130300
v 11.229200 5.549169 -13.177700
v -18.972601 -46.299404 -27.783096
v 18.322001 -46.532303 -27.410597
v -14.212300 -8.502101 -13.035199
v 14.808300 -8.514511 -12.676099
v -7.297150 -27.256102 -14.768198
v 7.901510 -27.317802 -14.833098
v -16.797001 -6.621321 -15.668399
v 17.382999 -6.686061 -15.357699
v -13.794500 -14.686602 -20.021698
v 14.109700 -14.748102 -19.756798
v -12.748700 -5.361910 -8.898690
v 13.429100 -5.488551 -8.825860
v -10.900300 1.097229 -8.565020
v 11.630600 0.893527 -8.443300
v -20.836000 -15.915302 -24.507097
v 20.610399 -15.903302 -24.510498
v -12.559200 -1.953141 -8.857830
v 13.189300 -2.196991 -8.604610
v -3.652430 -31.108501 -13.753198
v 4.502760 -31.214901 -13.769299
v -23.916700 -41.354603 -30.137596
v 23.286400 -41.195602 -30.350996
v -1.170070 -9.872320 -2.441659
v 2.100250 -9.827800 -2.364769
v -20.387600 -49.103806 -29.219296
v 19.606300 -49.263504 -28.885296
v -1.367340 -11.468500 -5.102829
v 2.059500 -11.376700 -5.008349
v -0.838840 1.259520 -0.465522
v 1.862930 1.328080 -0.553022
v -6.764900 -31.265202 -14.764798
v 7.410390 -31.320602 -14.774298
v -1.452210 -48.646099 -19.757996
v 1.943050 -48.749298 -19.827995
v -1.225650 -19.345001 -14.343198
v 1.922850 -19.353401 -14.327098
v -17.837500 -36.815102 -24.489798
v 17.588699 -36.770000 -24.401398
v -6.229040 -34.166401 -16.160799
v 6.862680 -34.299500 -16.237898
v -16.910801 -10.572302 -21.266600
v -17.155199 -3.987151 -19.231899
v 17.305500 -10.631402 -20.736401
v 17.615801 -4.153252 -18.758301
v -0.966221 -7.568110 -0.515736
v 2.035060 -7.607720 -0.560575
v -9.183690 -10.033901 -11.403799
v 9.868390 -9.927641 -11.269300
v -5.114520 -8.067390 -2.643589
v 5.872470 -7.995720 -2.565919
v -4.049750 -10.665300 -5.196829
v 4.711410 -10.419700 -4.963889
v -17.499599 -7.019301 -18.976299
v 18.006001 -7.105991 -18.558001
v -1.280150 -45.701801 -20.291796
v 1.864410 -45.754799 -20.271296
v -6.522680 -9.087090 -5.155419
v 7.016030 -8.899830 -5.112269
v -4.460230 -36.153599 -17.513498
v 5.085800 -36.219700 -17.536697
v -17.573900 -4.205681 -21.545300
v 17.899900 -4.375021 -21.229401
v -0.856925 -35.887100 -16.079798
v 1.794690 -35.967899 -16.073997
v -3.406300 0.925186 -0.831739
v 4.308020 0.959967 -0.994790
v -16.122000 -14.846502 -22.213497
v 16.172701 -14.901102 -21.846298
v -0.811688 -31.179201 -13.292998
v 1.847400 -31.286802 -13.319898
v -17.766100 -7.687401 -21.824301
v 18.133600 -7.800781 -21.380400
v -3.562000 -4.984380 -0.253246
v 4.500360 -4.978340 -0.339096
v -15.951200 -9.156451 -15.900399
v 16.521900 -9.170181 -15.520499
v -3.548750 -1.982230 -0.137644
v 4.453790 -1.991960 -0.235907
v -0.834051 -1.992330 0.457884
v 1.798250 -1.965590 0.393749
v -17.875500 -12.615902 -23.416100
v 17.835199 -12.734402 -23.038599
v -15.344900 -12.578802 -20.536900
v 15.740100 -12.682402 -20.076097
v -16.750099 -9.642621 -18.612700
v 17.319700 -9.693881 -18.211901
v -23.268801 -37.907104 -28.130096
v 22.724199 -37.636906 -28.204199
v -3.188900 -34.224400 -15.077797
v 4.057460 -34.325001 -15.190997
v -7.331250 -9.696321 -7.792379
v 7.797570 -9.438491 -7.803390
v -0.817427 -4.893610 0.414769
v 1.883220 -4.916550 0.355249
v -12.753800 2.552739 -14.451200
v 13.190700 2.390349 -14.304500
v -23.507000 33.025898 -28.742302
v 24.015699 32.615395 -28.723202
v -15.093800 -11.346801 -18.079800
v 15.591800 -11.456601 -17.779600
v -0.682786 -34.188499 -14.443597
v 1.714980 -34.303200 -14.490197
v -12.830500 -10.618301 -14.987000
v 13.270600 -10.641801 -14.622399
v -11.451800 -9.917301 -13.106699
v 12.229600 -9.920011 -12.817599
v -20.965200 -41.431004 -29.118696
v 20.530100 -41.194904 -29.310997
v -14.051282 -80.464653 -37.464317
v -24.415464 -78.140945 -48.598774
v -36.683590 -65.261932 -54.714684
v -25.831924 -62.924603 -38.854900
v -31.214701 -47.859505 -36.293594
v -16.399300 -20.877802 -21.174198
v -20.202600 -7.206492 -24.569500
v -3.785730 3.608180 -2.443770
v -3.279470 -7.211970 -0.829802
v -5.238100 0.642705 -1.508970
v -25.969601 82.540802 -24.163406
v -23.805901 -18.136301 -25.153198
v -29.275900 47.522598 -23.336304
v -35.748100 42.083496 -25.870705
v -6.420840 -53.672501 -21.527496
v -9.240220 5.833849 -10.459900
v -3.522370 -9.744390 -3.139109
v -14.925200 -10.498301 -16.273001
v -60.413300 33.832996 -52.505203
v -7.807740 25.214699 -20.705502
v -57.689301 13.079796 -44.260300
v -56.489655 71.370949 -48.909668
v -56.597912 79.325043 -51.250862
v -67.022484 20.956926 -64.074188
v -7.597470 -23.524302 -15.562198
v -35.243900 -49.423203 -39.991295
v -46.425598 -41.096504 -46.969894
v -28.156300 -27.015102 -26.896797
v -33.347401 -10.590702 -26.805099
v -32.321800 -42.572304 -34.528996
v -49.624199 -33.877502 -47.377296
v -68.526123 5.133236 -80.322762
v -67.592247 6.630013 -69.393616
v -42.399899 -22.587502 -34.195301
v -37.658199 63.505997 -25.482605
v -57.722752 85.505035 -56.462406
v -61.258400 76.044250 -60.941372
v -58.484604 -39.856361 -74.701813
v -56.842438 -44.314262 -84.948784
v -30.068001 36.988598 -26.977701
v -14.557000 -32.597099 -18.898397
v -2.887600 -35.789398 -16.417099
v -50.515018 66.511971 -39.410294
v -13.214512 -76.535004 -33.940716
v -29.041401 -37.713802 -30.631199
v -7.940490 -0.063486 -3.595310
v -20.106001 36.291798 -27.627302
v -42.948399 30.723598 -32.653805
v -45.614201 16.896797 -34.446400
v -40.729599 52.017498 -25.791704
v -11.070800 -9.066081 -11.322399
v -13.296600 -9.695181 -13.688799
v -61.283798 3.565336 -49.469700
v -54.266800 -19.581804 -46.538101
v -55.695755 -34.155704 -58.750309
v -46.162102 -14.442903 -34.585701
v -6.207060 -35.737598 -17.632698
v -17.771400 -44.491802 -26.972696
v 12.112000 -80.782196 -37.283642
v 22.262127 -78.751602 -48.321827
v 35.156891 -65.473045 -54.394295
v 24.453127 -63.004654 -38.690121
v 30.306200 -47.671303 -36.529896
v 16.386999 -20.858103 -21.162098
v 20.133499 -7.153442 -24.411900
v 4.680680 3.619730 -2.575530
v 4.175250 -7.248700 -0.869146
v 6.069650 0.700435 -1.683550
v 24.395901 82.390701 -23.433805
v 23.472700 -17.959702 -25.270899
v 29.105101 47.220402 -23.427404
v 36.206600 41.491795 -26.394003
v 6.282380 -53.903301 -21.630596
v 9.964300 5.697619 -10.487400
v 4.298480 -9.653460 -2.905749
v 15.448700 -10.538401 -15.816399
v 60.018200 33.052597 -51.789604
v 8.238580 25.276299 -20.834202
v 57.519299 12.239597 -44.104500
v 56.311295 70.530350 -47.260250
v 56.728382 79.042923 -49.565319
v 66.398544 20.218115 -63.158020
v 8.113620 -23.548203 -15.599198
v 34.093399 -49.181805 -40.013897
v 45.052502 -41.212704 -46.769497
v 27.715099 -26.794502 -27.029697
v 33.391998 -10.760901 -26.909500
v 31.507401 -42.370605 -34.769096
v 48.325100 -33.885303 -47.104996
v 67.982002 4.809785 -79.045097
v 66.983078 6.141176 -68.270264
v 41.844101 -22.729801 -34.200699
v 36.639198 63.280899 -24.633106
v 57.608463 85.518242 -55.231956
v 61.309635 75.817101 -59.967663
v 57.306473 -40.346455 -73.655968
v 55.839214 -45.166264 -84.023315
v 30.622499 36.222996 -27.519102
v 14.409300 -32.514999 -18.664898
v 3.687030 -35.921101 -16.524498
v 49.907619 65.952927 -37.946945
v 11.457874 -76.760193 -33.625893
v 28.372200 -37.498505 -30.886599
v 8.679310 -0.195194 -3.647790
v 20.438801 36.000095 -27.820803
v 43.337299 30.289698 -33.212402
v 45.866100 16.322199 -34.489201
v 40.025200 51.549397 -25.761003
v 11.934600 -9.098291 -11.189399
v 13.792600 -9.719001 -13.264599
v 60.795502 3.067706 -48.897701
v 53.268501 -19.819904 -46.329498
v 54.281960 -34.247669 -57.983635
v 45.838799 -14.801603 -34.633499
v 6.703160 -35.842400 -17.641298
v 17.260599 -44.776104 -26.826197
v -61.600227 -26.877792 -70.713219
v -64.216019 -17.751284 -74.415527
v -63.637974 -15.208481 -67.657433
v -60.613762 -23.937986 -63.713158
v 63.447563 -18.239925 -73.035820
v 60.615944 -27.297897 -69.547043
v 59.498535 -24.270077 -62.610828
v 62.813225 -15.693367 -66.285027
v -64.897102 -4.195575 -63.182800
v -66.874092 4.852961 -66.141106
v -65.378197 6.996156 -59.290798
v -63.158798 -2.517564 -55.900600
v 66.229889 4.283689 -64.899918
v 64.160896 -4.720585 -61.908600
v 62.447399 -3.011914 -54.924500
v 64.706902 6.377645 -58.245201
v -66.224457 -8.114149 -77.372314
v -64.292625 -20.139753 -80.702988
v -65.878059 -11.465227 -83.812004
v 65.548164 -8.554984 -75.923981
v 65.103317 -11.958838 -82.256676
v 63.463097 -20.674599 -79.260033
v -67.924461 2.013993 -78.070488
v -67.562454 3.179984 -71.800705
v -65.845612 -6.088405 -70.395271
v 67.351921 1.644224 -76.746666
v 65.188255 -6.505678 -69.052231
v 66.967369 2.751705 -70.587463
v -56.825699 -30.790489 -58.628983
v -58.908100 -20.435503 -56.162399
v -54.970901 -26.837803 -51.976196
v 55.494900 -30.891689 -57.907223
v 53.653900 -27.095604 -51.545097
v 57.741699 -20.780504 -55.345901
v -65.776779 40.017567 -63.976814
v -64.942245 32.685493 -60.631603
v -66.822174 26.237230 -63.882561
v -67.704224 33.284550 -67.575096
v 64.429596 31.920515 -59.778904
v 65.421074 39.462933 -63.247742
v 67.308662 32.741642 -66.866661
v 66.240005 25.514879 -63.036938
v -41.785347 -65.871635 -72.177422
v -47.084877 -59.712170 -73.726768
v -44.942631 -61.336624 -68.102074
v -39.440536 -67.002213 -64.922142
v 45.299877 -60.669495 -72.980469
v 38.516655 -68.160034 -69.833244
v 37.558372 -67.585571 -64.282875
v 43.262753 -61.869900 -67.547028
v -59.794498 -10.783204 -52.101002
v -61.247299 -0.480142 -50.023800
v -57.525700 -7.184323 -45.867199
v 58.941002 -11.183204 -51.428200
v 56.912102 -7.651953 -45.514198
v 60.660400 -0.868979 -49.337799
v -24.875189 96.987152 -28.810896
v -31.330526 90.846535 -29.757351
v -35.841743 96.024139 -34.235233
v -30.522272 101.011673 -33.347614
v 29.429455 90.495850 -28.706734
v 22.715599 96.525948 -27.966871
v 28.440088 100.768478 -32.011894
v 33.978943 95.887085 -32.706928
v -69.496780 9.097697 -87.525604
v -68.424515 3.426895 -83.457436
v -67.228416 -4.072258 -87.564194
v -68.372238 1.571544 -91.364235
v 67.853065 3.132712 -82.124649
v 68.899864 8.931013 -86.378189
v 67.554085 1.418810 -90.024200
v 66.459503 -4.416590 -86.046509
v -12.806136 97.541206 -25.050983
v -18.770201 90.834503 -24.187708
v -19.204708 102.214844 -28.946848
v 16.918600 90.668602 -23.687607
v 10.443104 97.389702 -24.721807
v 16.729433 101.884193 -28.404972
v -12.616400 84.868301 -20.420406
v -17.932199 78.729500 -19.966106
v -23.134899 83.931702 -23.286905
v 10.918800 84.875603 -20.177505
v 21.500700 83.762703 -22.643005
v 16.532499 78.771500 -19.606806
v -31.670412 107.671921 -37.812534
v -25.876402 105.909523 -33.577030
v -35.249977 103.169724 -37.769032
v 23.728315 105.473022 -32.643684
v 29.899164 107.429871 -36.282284
v 33.412663 103.197586 -36.003952
v -69.633125 17.296654 -74.775764
v -69.146477 25.676249 -70.965660
v -67.969955 19.460342 -66.833496
v -68.249657 11.463994 -69.981514
v 68.544739 25.227337 -70.209465
v 68.931931 16.948454 -73.837929
v 67.616821 10.982388 -68.952255
v 67.358124 18.857418 -65.945267
v -48.559917 -59.281052 -80.804619
v -52.951572 -51.954365 -81.987587
v -51.814556 -53.408905 -76.162521
v 51.524418 -52.964115 -80.696106
v 47.562088 -59.884193 -80.222427
v 50.329891 -54.103264 -75.262733
v -70.886215 24.358391 -78.533623
v -71.808121 30.936586 -81.900215
v -70.593719 38.878830 -77.214989
v -70.153160 32.320919 -74.371918
v 71.186966 30.735435 -81.249924
v 70.124641 24.109060 -77.756760
v 69.580154 31.974480 -73.771675
v 70.272850 38.587898 -76.659111
v -55.557899 -1.822523 -41.475601
v -59.688599 3.976846 -46.405602
v -57.319698 9.300607 -43.204601
v -52.239201 3.625947 -37.601898
v 59.302399 3.402196 -46.014702
v 55.188900 -2.442813 -41.272400
v 52.116100 2.920917 -37.592300
v 57.150200 8.538327 -43.086201
v -55.442291 -42.790077 -66.893417
v -58.572990 -35.424706 -68.083969
v -56.364799 -35.958488 -61.668556
v -53.297249 -42.846035 -60.989758
v 57.336525 -35.745262 -67.129547
v 54.059647 -43.082966 -66.071823
v 51.832176 -42.988785 -60.312912
v 54.994778 -36.080566 -60.884209
v -64.142097 60.250202 -64.136116
v -66.540657 52.826881 -68.461700
v -66.894760 58.541286 -70.818832
v -64.565056 66.486237 -66.761803
v 66.408455 52.431946 -67.778732
v 64.081245 59.838238 -63.297569
v 64.551727 66.182251 -66.036079
v 66.827904 58.223484 -70.211128
v -62.182098 -12.841405 -59.790100
v 61.251701 -13.288905 -58.665100
v -64.676277 72.644234 -68.886658
v -62.634941 78.833107 -66.047478
v -62.281731 74.207069 -63.005444
v 62.620270 78.651489 -65.419807
v 64.665260 72.414368 -68.307419
v 62.314014 73.958168 -62.151352
v -62.803699 7.006126 -52.129002
v -66.226555 17.275282 -61.306824
v -63.270699 16.755196 -54.033100
v 62.348202 6.506886 -51.562599
v 62.798801 16.035797 -53.447800
v 65.601402 16.530296 -60.401199
v -39.023182 104.400856 -41.866726
v -39.611996 97.956329 -38.570583
v -43.087074 98.883835 -42.845760
v 37.311768 104.635925 -39.859177
v 41.595551 99.315353 -40.798019
v 37.982136 98.239899 -36.656036
v -56.466499 -17.862204 -49.287800
v 55.443699 -18.120804 -48.887100
v -53.891453 -48.686733 -71.433502
v -56.992954 -42.599609 -72.227150
v -51.886761 -49.460743 -65.892204
v 55.708637 -43.035480 -71.267746
v 52.453506 -49.128227 -70.601013
v 50.401917 -49.773945 -65.200516
v -65.215347 -15.076318 -88.583275
v -66.319221 -10.054422 -91.392624
v 64.224632 -15.565122 -86.981415
v 65.203964 -10.427322 -89.801971
v -46.908340 -48.731331 -53.983372
v -49.643284 -49.512360 -60.209599
v -50.469719 -42.317677 -54.533951
v 48.114452 -49.702789 -59.651222
v 45.450195 -48.763855 -53.627384
v 48.977646 -42.340851 -54.047695
v -59.633366 -36.623207 -74.286049
v -62.180111 -28.977741 -77.572105
v 61.265507 -29.511063 -76.313324
v 58.521267 -37.101040 -73.198845
v -40.769966 90.053375 -35.628666
v -43.847729 92.115479 -39.752434
v 39.189548 89.747398 -33.961826
v 42.551964 92.332130 -37.755974
v -25.421631 -78.744804 -52.548496
v -20.642653 -81.132904 -48.443851
v -17.446871 -82.785843 -50.018501
v -22.589804 -81.143578 -55.053825
v 17.983749 -81.746323 -48.428715
v 22.713549 -79.634331 -52.358807
v 19.497204 -82.133011 -54.030495
v 14.834028 -83.526192 -49.925213
v -69.353867 10.265263 -79.428116
v -70.646271 16.733370 -83.012077
v 68.796562 9.970984 -78.281433
v 69.947006 16.551105 -82.050499
v -68.350868 39.638184 -70.269615
v 68.027733 39.220840 -69.677254
v -49.824463 -55.107449 -70.181374
v -47.761745 -55.924866 -64.787880
v -43.124233 -61.766483 -63.105968
v 48.270706 -55.594860 -69.489265
v 41.545620 -62.106567 -62.631748
v 46.190590 -56.260017 -64.223846
v -1.260830 97.491402 -23.743807
v -6.910140 91.421097 -21.669708
v -7.117258 102.737999 -26.494656
v 4.783300 91.351402 -21.566708
v 4.343169 102.611420 -26.448769
v -55.788670 -46.844101 -77.267044
v 54.465611 -47.454353 -76.282104
v -50.264473 86.933998 -44.885372
v -53.422367 80.880592 -46.384102
v -55.308662 81.215767 -49.600586
v -52.709743 86.959595 -48.435860
v 53.036846 80.429993 -44.495499
v 49.514854 86.899681 -42.896626
v 52.211201 87.001007 -46.580688
v 55.263962 80.969246 -47.804718
v -28.442600 84.297798 -25.949505
v -33.584953 80.247360 -27.886911
v -36.945019 85.480385 -31.585793
v 26.844801 84.098396 -25.110405
v 35.359997 85.214371 -30.447054
v 32.118214 80.077713 -26.943247
v -0.890200 84.899399 -19.251806
v -6.754980 78.499001 -17.860605
v 5.340290 78.468697 -17.841606
v -47.586967 86.189690 -41.105885
v -46.818722 92.849686 -43.720123
v 46.543888 85.992737 -39.096302
v 45.702972 93.139534 -41.700356
v -63.978512 53.056068 -62.223885
v -63.671448 46.258488 -60.273441
v -66.225288 46.454884 -66.245506
v 63.370186 45.585503 -59.402180
v 63.816170 52.515018 -61.352367
v 66.003082 45.972950 -65.527359
v -68.706734 45.922447 -72.645027
v 68.505096 45.566738 -72.063042
v -13.528043 106.787422 -29.895315
v -7.561424 112.952141 -33.197742
v -1.423530 106.551231 -28.354713
v 10.982631 106.412605 -29.507856
v 5.418801 112.470139 -32.876801
v -61.701881 66.619751 -59.544346
v -61.729633 59.166355 -58.151005
v 61.648720 58.577213 -57.088516
v 61.733883 66.196495 -58.480507
v -49.680725 92.745628 -47.476189
v -55.066719 86.284035 -51.914188
v -52.295620 92.225197 -51.006920
v 48.744038 93.094421 -45.575722
v 51.527328 92.601959 -49.345654
v 54.776466 86.340630 -50.286392
v -58.748810 -40.566040 -77.173058
v -57.311489 -43.841187 -82.758347
v -59.848740 -37.641346 -82.774910
v 57.563663 -41.111816 -76.099731
v 58.869106 -38.295948 -81.671799
v 56.212917 -44.597286 -81.735748
v -53.804508 92.805656 -53.848045
v -51.285862 97.260574 -52.628681
v -49.575962 97.414780 -50.155701
v 50.134037 98.091560 -51.128288
v 53.148178 93.188316 -52.503368
v 48.333733 98.160248 -48.379673
v -62.901699 26.490396 -55.283405
v -59.894699 23.425196 -49.705601
v -59.814800 15.685296 -47.507599
v 62.448399 25.726097 -54.637203
v 59.621300 14.828197 -47.271599
v 59.627701 22.521896 -49.255199
v -41.122299 2.199868 -30.142700
v -46.638302 -2.470543 -33.199299
v -46.808201 7.774087 -33.775002
v 46.518398 -2.999623 -33.196899
v 41.227699 1.734998 -30.200300
v 46.986500 7.069737 -33.916698
v -70.625412 46.378677 -79.894211
v -68.806664 52.079670 -74.567223
v 68.712280 51.778896 -74.029106
v 70.512993 46.137501 -79.408752
v -46.582851 98.505013 -46.856308
v 45.208271 99.099777 -44.875000
v -34.209053 -71.744888 -60.856121
v -38.322289 -66.628120 -60.303780
v -33.590755 -71.038475 -57.036407
v 32.156952 -72.358803 -60.221943
v 31.745319 -71.529991 -56.690430
v 36.656235 -67.013794 -59.901260
v -62.219231 -29.961029 -83.961075
v -64.021782 -21.963696 -86.313980
v 62.936050 -22.471123 -84.869125
v 61.260620 -30.536417 -82.710876
v -6.906297 -74.145142 -30.590212
v -12.402179 -71.290131 -31.699234
v -9.575230 -67.653099 -30.004194
v -4.002230 -69.939598 -29.105394
v 10.839993 -71.591980 -31.454931
v 5.187213 -74.267471 -30.470243
v 2.551590 -70.000999 -29.024395
v 8.178250 -67.784599 -29.837494
v -45.664787 -55.779358 -59.532997
v 44.126934 -55.986813 -59.045166
v -59.479443 64.942612 -54.063091
v -59.416477 57.319557 -52.790241
v -61.542324 51.962772 -56.574421
v 59.494080 64.318581 -52.760395
v 61.315891 51.213474 -55.561440
v 59.234680 56.517235 -51.576000
v -41.190979 80.228516 -33.457001
v -44.617653 83.994232 -37.230640
v 43.256409 83.466133 -35.537849
v 39.800034 79.987396 -32.243572
v -50.727200 -7.209853 -37.099701
v -52.709301 -12.558403 -40.994801
v 50.415798 -7.769363 -37.042099
v 52.106800 -13.013903 -40.873501
v -60.108501 37.507996 -52.370605
v -61.107281 44.799416 -54.768070
v -59.299679 49.249149 -51.560673
v -58.538811 41.186153 -49.568802
v 60.742538 43.875408 -53.845821
v 59.693699 36.544098 -51.541203
v 58.172401 40.140495 -48.764706
v 58.974644 48.274441 -50.517815
v -35.442402 6.822537 -28.568399
v -30.335400 3.448188 -26.550800
v -34.966599 -1.638082 -27.352301
v 35.900902 6.356528 -28.717501
v 35.185699 -1.993662 -27.414900
v 30.757299 3.043548 -26.629400
v -63.048058 39.634991 -57.925713
v 62.589912 38.755428 -57.007984
v -56.908138 80.642807 -52.397446
v -58.868694 77.917320 -55.795223
v -57.502674 84.258980 -55.382267
v 57.022453 80.457993 -50.773842
v 57.428997 84.249245 -54.025833
v 58.990726 77.691826 -54.445522
v -59.466785 71.471519 -55.320457
v -61.005177 74.259865 -59.746040
v 59.606964 71.042885 -53.984207
v 61.076599 73.994011 -58.677567
v -7.222430 66.676003 -15.410504
v -12.815500 72.718498 -17.265505
v -0.588824 72.196098 -16.302805
v 11.599800 72.753899 -17.118805
v 6.338460 66.781097 -15.524705
v -31.257509 -75.050827 -61.714321
v -29.800673 -75.427246 -56.716732
v 27.501724 -76.232040 -56.361679
v 29.802855 -75.340233 -61.629662
v -66.251213 -12.804758 -97.155960
v -67.145828 -7.079422 -94.858376
v -65.110458 -15.902666 -92.592896
v 65.951012 -7.273368 -93.481094
v 65.172035 -13.035781 -96.079285
v 63.807896 -16.263739 -91.144875
v -54.426514 -50.119606 -87.348419
v -55.746212 -46.797195 -84.819748
v 54.638035 -47.760010 -83.878349
v 52.891029 -52.748573 -86.513428
v -28.553600 61.157700 -19.753603
v -23.389400 54.648800 -18.134903
v -26.398600 51.132900 -20.689304
v -32.235100 57.291401 -21.371504
v 23.065201 54.679501 -18.160604
v 27.834600 61.099998 -19.470703
v 31.519199 57.023998 -21.077604
v 26.052000 51.051601 -20.692904
v -20.740486 112.550819 -36.129559
v 18.994753 112.110695 -35.516613
v -48.048000 -40.665005 -48.981396
v -53.570801 -36.160103 -55.429596
v -50.516602 -35.690304 -49.636597
v 46.606201 -40.714905 -48.692097
v 49.094101 -35.738403 -49.296394
v 52.124802 -36.166103 -54.878895
v -61.676201 33.539295 -54.492405
v 61.233799 32.729397 -53.733902
v -49.113499 -26.449104 -42.723698
v -50.591000 -31.217804 -47.281097
v -53.282902 -22.928204 -46.645802
v 49.344601 -31.279804 -47.062595
v 48.114601 -26.668104 -42.638496
v 52.168701 -23.131905 -46.438301
v -0.900744 -77.082443 -30.994940
v -5.818787 -79.639542 -32.964279
v -10.618750 -77.157867 -32.901566
v 8.825898 -77.333961 -32.663784
v 3.918336 -79.692017 -32.929581
v -42.425598 -8.227862 -30.764200
v -46.513302 -11.518303 -34.053001
v 46.333199 -11.958203 -34.142700
v 42.415699 -8.574422 -30.829500
v -57.377079 76.022408 -51.815872
v -57.337917 71.105301 -50.578140
v 57.391621 70.440971 -49.016407
v 57.559418 75.615883 -50.213989
v -18.722799 68.014702 -17.316607
v -22.758900 73.651001 -20.108606
v 21.469601 73.706100 -19.704006
v 17.783701 68.137802 -17.196005
v -71.614952 23.170639 -86.260315
v -71.047478 16.476830 -92.356491
v 70.993675 23.048630 -85.495621
v 70.467415 16.433310 -91.618469
v -45.383499 14.842197 -33.817101
v -40.676300 10.985599 -31.046801
v -50.668701 13.614997 -37.263401
v 41.053200 10.408398 -31.212999
v 45.603100 14.232797 -33.887402
v 50.723202 12.867197 -37.227501
v -56.382099 21.145596 -44.610298
v -52.250599 19.298996 -39.968498
v -55.964500 14.596498 -42.286900
v 52.347500 18.467596 -39.808800
v 56.273102 20.213097 -44.333000
v 55.892700 13.709097 -42.189098
v -47.590282 78.249496 -38.736469
v -50.738338 80.416618 -42.483601
v 49.782326 79.619392 -40.572151
v 46.359589 77.684685 -37.108856
v -7.340740 56.175499 -15.162804
v -13.765100 62.080399 -15.489305
v -0.358136 61.153999 -14.767505
v 12.978700 62.230301 -15.521905
v 6.792080 56.256401 -15.268204
v -47.788097 101.224808 -50.190529
v -44.746643 103.033112 -47.435097
v 46.141014 102.289101 -48.297520
v 42.987564 103.842216 -45.359020
v -52.758053 74.197304 -43.692474
v -55.345470 74.620842 -47.447056
v 55.012665 73.756470 -45.712322
v 51.933144 73.395805 -42.000504
v -8.787004 -85.329498 -48.523907
v -13.599778 -84.577950 -53.010208
v -12.823913 -83.987160 -46.671532
v 10.967796 -85.224205 -51.648193
v 6.949354 -85.662315 -48.290073
v 10.551714 -84.476440 -46.571060
v -34.855499 14.221598 -29.654902
v -30.267599 10.932098 -27.985701
v 30.942400 10.408598 -28.203600
v 35.455700 13.745298 -29.893301
v -29.409536 -74.830315 -53.903194
v -25.874329 -77.644142 -50.701988
v 23.665825 -78.326897 -50.394440
v 27.405045 -75.438446 -53.560879
v -29.518700 -4.479352 -25.745300
v -25.332100 0.397166 -25.101601
v -21.606800 -2.761642 -24.530001
v -24.958401 -6.740482 -25.181499
v 25.680201 0.269098 -25.154301
v 29.691000 -4.631982 -25.805700
v 25.055000 -6.790622 -25.270000
v 21.764900 -2.689232 -24.504101
v -5.866900 46.072701 -17.747303
v -12.950200 51.879299 -16.871304
v -0.161952 50.831501 -15.938704
v 12.729200 51.986500 -16.856705
v 5.892020 46.057598 -17.684204
v -22.547398 -79.446617 -47.237858
v -18.595415 -80.968819 -43.548790
v -16.117800 -82.624596 -44.958088
v 16.296656 -81.340088 -43.528568
v 20.212269 -80.004974 -47.081291
v 13.700454 -83.050110 -44.993454
v -11.849460 -83.701469 -41.880733
v -8.585958 -84.739990 -43.622303
v 9.592926 -83.962402 -41.959023
v 6.465855 -85.019608 -43.629868
v -43.872501 -47.815105 -48.346397
v -41.236080 -53.108330 -49.238083
v -43.483521 -54.731892 -54.255520
v 39.841312 -53.090794 -48.916916
v 42.527599 -47.742603 -48.118195
v 42.045929 -54.832054 -53.856838
v -57.876663 -42.078453 -87.108925
v -58.585453 -39.301159 -92.020790
v -59.983688 -36.355930 -88.319885
v 59.180378 -37.060860 -87.352715
v 57.969360 -40.008217 -91.368858
v 56.989971 -42.912628 -86.236870
v -25.873301 8.169298 -26.260900
v -21.605400 5.524178 -24.586500
v 26.450100 7.743338 -26.457100
v 21.941601 5.309718 -24.714399
v -19.250900 58.253899 -16.402403
v -23.962700 64.229401 -18.144405
v 23.110600 64.384903 -17.974306
v 18.713600 58.411800 -16.349203
v -55.153099 61.272697 -45.028503
v -57.382587 60.766624 -49.035820
v -56.487400 68.283974 -48.409565
v -53.994362 67.905067 -44.462624
v 57.125645 59.925480 -47.568352
v 54.779499 60.516796 -43.430603
v 53.440495 67.166832 -42.823856
v 56.126945 67.423378 -46.744301
v -18.784201 10.801098 -24.291700
v -15.523400 9.112878 -21.620501
v -17.517500 4.002398 -22.464800
v 19.169600 10.571098 -24.609301
v 17.722799 3.845148 -22.529100
v 15.779200 8.897348 -21.894300
v -24.944517 -77.306969 -47.974033
v -28.365557 -74.365654 -50.423939
v -26.827919 -73.748436 -46.629784
v -23.452475 -76.876213 -44.520523
v 26.527185 -74.781380 -50.119194
v 22.922729 -77.792786 -47.686417
v 21.610113 -77.240829 -44.244026
v 25.123545 -74.037033 -46.366783
v -38.442699 17.916899 -30.921103
v -33.311100 19.844898 -29.134302
v -29.639999 17.340399 -28.681702
v 34.037701 19.455198 -29.542803
v 38.958401 17.454798 -31.258802
v 30.367500 16.907799 -28.977201
v -41.647873 -61.042671 -58.534809
v -40.205486 -59.627853 -54.195564
v 40.173229 -61.279648 -58.089527
v 38.784538 -59.789822 -53.829117
v -46.174999 46.651596 -30.730604
v -45.536201 40.498695 -32.088802
v -49.488701 41.857796 -35.414005
v -49.772400 48.636196 -34.066704
v 45.473400 39.912796 -32.408405
v 45.866501 46.156296 -30.711504
v 49.371601 48.021595 -33.734905
v 49.257801 41.278194 -35.347904
v -62.092712 -29.629763 -89.697884
v 60.967258 -30.144886 -88.576401
v -19.479738 -79.280029 -41.718792
v -15.521638 -80.817848 -38.960571
v -14.259081 -82.336563 -40.363880
v 13.517223 -81.171387 -38.819668
v 17.501179 -79.662872 -41.514069
v 12.050530 -82.607780 -40.403919
v -62.770359 -25.813669 -95.041229
v -63.767281 -22.596504 -91.267502
v 62.192032 -22.947384 -89.961983
v 61.492790 -26.176933 -94.207146
v -47.966400 -15.724402 -36.578701
v -48.249500 -21.028704 -39.151798
v -52.883499 -18.274204 -43.704601
v 47.568100 -21.210203 -39.137798
v 47.507500 -16.036303 -36.605999
v 52.061901 -18.520403 -43.630100
v -32.048645 -58.795364 -42.807964
v -34.331169 -59.907585 -46.136925
v -36.307133 -55.719315 -45.346802
v -33.252800 -54.240902 -41.212997
v 32.884655 -59.901485 -46.018356
v 30.668690 -58.771343 -42.775394
v 32.005402 -54.134705 -41.227596
v 34.977627 -55.623188 -45.200569
v -56.281399 34.491295 -46.598602
v -53.066601 30.048197 -43.230503
v -52.886002 24.874496 -42.224602
v -56.507000 28.251797 -46.588104
v 52.963699 29.131596 -42.989204
v 55.980301 33.445595 -46.109203
v 56.338100 27.245096 -46.171906
v 52.896702 24.019796 -41.987999
v -27.686064 -68.936348 -43.860542
v -25.157404 -72.893333 -43.111301
v -29.983410 -69.736008 -48.040470
v 23.552338 -73.094406 -42.885723
v 26.149626 -69.100060 -43.707756
v 28.370291 -69.968895 -47.841717
v -31.783070 112.093452 -41.117886
v -35.486324 108.524025 -41.031498
v 33.878387 108.399963 -39.253895
v 30.575806 111.662575 -39.893108
v -37.981728 76.045952 -29.911180
v -30.640699 75.030197 -24.459106
v -35.041401 71.701302 -26.437105
v 36.639668 75.913033 -28.832405
v 33.792000 71.596100 -25.485706
v 29.216700 74.916702 -23.644606
v -32.165199 66.691902 -23.065805
v -27.430300 69.755302 -21.125105
v 26.328100 69.748497 -20.616405
v 31.151800 66.583801 -22.334906
v -68.194511 59.803417 -74.919228
v 68.155052 59.546356 -74.431404
v -59.566200 30.641396 -50.790302
v 59.232300 29.798897 -50.193504
v -49.151001 22.629196 -38.331600
v -48.082401 18.333498 -36.321999
v 49.337299 22.032495 -38.274502
v 48.288601 17.717798 -36.268902
v -15.326000 32.591496 -27.386103
v -10.905700 30.125399 -25.329002
v -11.328300 24.908699 -24.288902
v -15.196200 26.753498 -26.975302
v 11.350100 30.077698 -25.505402
v 15.826300 32.431698 -27.586401
v 15.682400 26.649399 -27.323801
v 11.720600 24.814999 -24.577301
v -26.343800 78.780998 -23.117405
v 24.842600 78.726402 -22.426506
v -55.390644 93.012848 -57.553829
v -56.660534 88.272797 -55.956127
v 56.384129 88.378830 -54.738056
v 55.045719 93.166054 -56.714359
v -50.306599 37.349094 -38.097004
v -53.703300 42.977795 -40.292503
v -53.123798 46.241695 -38.587803
v 53.257999 42.167397 -39.832302
v 50.090199 36.643597 -38.142303
v 52.674500 45.546497 -38.024105
v -44.719002 -28.480305 -38.696598
v -44.132702 -23.372103 -35.900101
v 43.947800 -28.520403 -38.641697
v 43.535801 -23.543901 -35.905899
v -13.729000 14.320698 -21.568802
v -11.120100 12.663799 -17.796902
v -12.836100 7.597929 -18.189400
v 13.970800 14.131298 -21.918901
v 13.161800 7.436449 -18.406401
v 11.511900 12.403499 -18.104401
v -6.423840 7.106219 -7.305710
v -7.308530 9.731429 -10.382801
v -5.498760 13.477899 -10.571301
v -3.927240 10.183399 -7.078501
v 8.021450 9.599949 -10.410101
v 7.271780 7.011899 -7.396811
v 4.666720 10.165099 -7.074871
v 6.192150 13.443299 -10.653501
v -44.499092 75.485008 -35.200718
v -41.582027 72.351601 -31.768116
v 43.276291 75.076042 -33.845764
v 40.413807 72.148430 -30.570738
v -45.007301 21.599998 -34.811100
v -40.792702 21.506798 -31.887503
v -43.690300 17.580599 -33.382500
v 41.283699 21.164598 -32.375599
v 45.451599 21.073298 -35.106499
v 44.038200 17.064098 -33.516300
v -49.844452 72.934021 -40.018684
v -51.284225 67.973503 -40.736210
v 50.652210 67.395554 -39.234295
v 48.878323 72.402573 -38.476620
v -10.370519 -83.011635 -37.857239
v -7.903311 -84.361580 -39.286537
v 8.229987 -83.148582 -37.944557
v 5.736170 -84.432686 -39.398888
v -32.487400 -17.265602 -27.498299
v -31.930901 -12.076302 -26.601999
v -27.028099 -11.457702 -25.666700
v -27.653999 -16.133001 -26.054499
v 31.915100 -12.201502 -26.752600
v 32.273800 -17.233103 -27.675697
v 27.445900 -16.040201 -26.260498
v 27.021601 -11.415702 -25.844400
v -9.609070 18.367899 -18.785402
v -7.311370 16.392097 -14.566101
v -8.879620 11.281799 -13.829301
v 7.928570 16.276897 -14.810601
v 10.015100 18.175798 -19.068703
v 9.473400 11.097699 -14.026701
v -12.256100 19.635399 -22.603203
v -8.660700 23.500399 -20.855902
v 12.563700 19.485798 -22.972603
v 9.041270 23.480598 -21.005201
v -0.981156 -85.584389 -43.132030
v -4.780881 -85.622765 -45.560684
v -4.663453 -85.128708 -41.053211
v 2.912835 -85.776962 -45.523689
v 2.584886 -85.224129 -41.096096
v -19.786400 -64.570801 -34.527996
v -17.035400 -61.564404 -31.755596
v -13.751400 -64.692299 -31.102795
v -16.571413 -68.248993 -33.378590
v 15.748000 -61.840504 -31.632496
v 18.431801 -64.847603 -34.399998
v 15.098258 -68.529160 -33.160736
v 12.358000 -64.891899 -30.931494
v -25.191824 -68.340530 -40.479248
v -29.154625 -64.288879 -42.898193
v -26.559446 -64.444565 -40.151546
v 23.709309 -68.470581 -40.309849
v 25.154394 -64.526115 -39.989258
v 27.680964 -64.411163 -42.810497
v -33.116051 -65.623573 -49.174110
v -32.069328 -70.532661 -52.633289
v -35.042923 -66.734360 -53.443871
v 31.570110 -65.762733 -48.977135
v 33.464241 -66.955902 -53.166893
v 30.359404 -70.872322 -52.373032
v -37.490143 110.070564 -44.157261
v -41.217159 106.015602 -45.207779
v 36.041447 109.858299 -42.292629
v 39.273087 106.445938 -42.889950
v -43.132393 106.823738 -48.382355
v 40.353020 108.302017 -46.070232
v -37.116699 -23.631302 -30.908798
v -37.731201 -18.561302 -29.989298
v -32.691502 -22.655302 -28.452898
v 37.481400 -18.677202 -30.124598
v 36.658298 -23.575401 -31.033098
v 32.287998 -22.579302 -28.645397
v -14.873541 -79.426407 -37.052341
v -18.961134 -77.775795 -39.321171
v -18.424641 -75.748093 -37.223927
v -14.531270 -77.474213 -35.148773
v 17.208246 -78.099510 -38.998539
v 13.016855 -79.732178 -36.792774
v 12.743772 -77.707619 -34.849888
v 16.742245 -75.995827 -36.894592
v -5.242230 28.713898 -19.315702
v -3.458640 25.296099 -15.992302
v -5.428720 21.199799 -15.300902
v -6.725320 24.742798 -19.113802
v 4.089000 25.439098 -16.116503
v 5.762270 28.814697 -19.303501
v 7.210730 24.880598 -19.260902
v 6.062500 21.219698 -15.512202
v -57.693127 52.844810 -48.415630
v 57.326435 51.787079 -47.155918
v -46.352798 25.958998 -36.196503
v -47.474800 31.375298 -36.849804
v -44.246700 30.127598 -33.609303
v -42.888100 25.383598 -32.965103
v 47.576500 30.814098 -37.192303
v 46.666000 25.479097 -36.602104
v 43.313000 25.029898 -33.559799
v 44.535999 29.743498 -34.128803
v -47.086334 71.206329 -36.658680
v 46.117901 70.806389 -35.263767
v -60.457943 79.615669 -60.150570
v -59.643684 84.737305 -60.831173
v -58.814079 83.902420 -57.994946
v 58.794292 83.843414 -56.885319
v 59.605827 84.647903 -59.981308
v 60.500698 79.447647 -59.153969
v -17.450899 48.776199 -19.347504
v 17.434000 48.834900 -19.331104
v -51.231602 57.309696 -36.972202
v -48.902599 54.633797 -33.055904
v -52.604801 51.846397 -37.683502
v 48.340900 54.050697 -32.483902
v 50.805199 56.626698 -36.048504
v 52.154202 51.052895 -36.979904
v -51.054070 64.259529 -39.387753
v -49.259899 61.882595 -36.007305
v -53.080502 59.966797 -40.907005
v 48.769299 61.176796 -34.814102
v 50.570412 63.703842 -37.970589
v 52.743198 59.239494 -39.563503
v -37.876266 -65.147636 -56.712521
v 36.345764 -65.403404 -56.351093
v -49.729301 27.294497 -39.746605
v 49.862000 26.656897 -39.815105
v -3.572840 17.720900 -11.489101
v 4.244000 17.824900 -11.625801
v -42.014500 -20.331202 -33.086601
v -43.959202 -15.875003 -33.149200
v -39.638699 -13.546902 -29.888998
v 43.673698 -16.178001 -33.213100
v 41.572601 -20.417501 -33.121300
v 39.553299 -13.720002 -29.976297
v -38.967205 68.972504 -28.459303
v -36.641602 65.154602 -25.374706
v 37.828499 68.854897 -27.383106
v 35.650501 65.046799 -24.528006
v 0.284039 18.279900 -10.527701
v -1.683730 14.274699 -8.482861
v -1.630330 21.891197 -12.998502
v 2.416090 14.317499 -8.525961
v 2.258780 22.009197 -13.097301
v -34.275101 -50.605003 -39.888397
v -31.601299 -49.505302 -37.299297
v -29.919600 -52.445206 -37.529396
v 30.633499 -49.319004 -37.512596
v 33.139400 -50.384003 -39.962296
v 28.816999 -52.303905 -37.653698
v -22.349083 -75.695641 -41.515320
v 20.677982 -75.958382 -41.215530
v -68.032089 -2.378309 -94.517891
v -69.303375 3.510198 -96.134995
v 68.727180 3.467734 -95.149757
v 66.949104 -2.463738 -93.186600
v -38.488934 -57.815861 -49.801140
v -38.700901 -51.423904 -44.716995
v 37.075233 -57.890362 -49.561829
v 37.423599 -51.213905 -44.484997
v -21.212500 -71.297981 -37.734905
v -23.436874 -71.891029 -40.229946
v -22.534332 -67.119888 -37.458359
v 21.892109 -72.060333 -40.033268
v 19.667599 -71.493500 -37.508259
v 21.083115 -67.257866 -37.297234
v -24.725401 -58.094204 -35.910095
v -26.423300 -61.070503 -38.595795
v -29.110662 -59.619148 -40.337975
v -27.396700 -55.539402 -36.996494
v 25.084200 -61.131306 -38.473995
v 23.500900 -58.096703 -35.786095
v 26.251200 -55.436405 -36.984596
v 27.727762 -59.637203 -40.280666
v -25.805000 14.942698 -27.769001
v -22.234900 12.812298 -26.281603
v 22.835199 12.437799 -26.566000
v 26.564800 14.527898 -28.041101
v -0.799036 -86.240524 -47.556591
v -3.839754 -86.604553 -50.851345
v 2.673289 -86.681648 -50.692013
v -37.333420 -63.464748 -53.671509
v -35.914787 -61.931900 -49.923687
v 35.860493 -63.631504 -53.351627
v 34.423084 -61.998585 -49.701504
v -1.753990 29.263498 -17.105001
v 0.298965 25.751398 -14.942002
v 2.284210 29.263899 -17.053701
v -25.779400 20.609798 -28.140701
v -22.407600 18.902098 -27.766802
v 26.551100 20.193897 -28.401802
v 23.163900 18.577997 -28.017403
v -47.026466 65.531235 -34.747826
v -44.858700 63.279594 -31.397705
v -47.090302 59.386597 -32.283905
v -42.216206 66.407997 -30.164400
v -39.865799 63.866196 -27.043606
v -42.313900 60.899395 -27.981903
v 43.982601 62.882996 -30.291204
v 46.269150 65.078766 -33.498119
v 46.410900 58.835094 -31.393703
v 38.841702 63.653397 -26.097607
v 41.201500 66.197403 -29.041805
v 41.369499 60.502895 -27.162304
v -37.083599 -6.862582 -27.879999
v -32.784100 -8.388632 -26.406601
v -46.008400 -39.226505 -45.157097
v -47.597198 -34.927402 -44.952297
v -44.338600 -33.839905 -40.638298
v -43.305901 -38.609604 -41.684296
v 37.157799 -7.113942 -27.906601
v 32.908298 -8.559752 -26.495100
v 46.378101 -34.987503 -44.800495
v 44.690201 -39.357304 -44.969997
v 42.204201 -38.710102 -41.587395
v 43.375801 -33.910503 -40.563896
v -57.378498 45.438339 -47.004246
v -55.660198 38.886395 -44.928802
v -1.797970 7.398049 -4.306561
v 0.396099 10.907900 -6.138721
v 56.954800 44.349697 -46.066204
v 55.298000 37.864796 -44.450405
v 2.696060 7.458270 -4.370430
v -49.774860 100.060471 -52.219776
v -51.222679 99.218536 -54.254364
v 50.065277 100.201897 -53.089039
v 48.041756 101.490669 -50.496269
v -18.706699 35.379795 -27.865501
v -19.071100 39.351295 -26.380404
v -15.303600 37.942795 -25.975304
v 19.351801 39.185795 -26.484604
v 19.115700 35.127296 -28.021002
v 15.756100 37.894695 -26.067701
v -72.560944 36.770088 -86.403656
v -72.446678 28.951971 -90.248589
v 72.511467 36.600216 -85.880699
v 72.415443 28.830462 -89.690582
v -28.255501 45.369801 -24.180204
v -24.129999 41.970196 -25.477604
v -24.488600 39.685696 -26.438004
v -28.582100 42.909500 -25.142803
v 24.161200 41.692795 -25.691303
v 28.223000 45.050900 -24.350504
v 28.877199 42.412895 -25.340504
v 24.835199 39.277096 -26.679604
v -11.208600 -20.973202 -18.112898
v -14.391700 -19.726702 -20.340597
v -12.993700 -16.350403 -19.746998
v -9.634190 -17.101301 -17.414698
v 14.533300 -19.699303 -20.333097
v 11.574300 -21.030703 -18.104797
v 10.099700 -17.136301 -17.352798
v 13.280700 -16.378002 -19.634897
v -28.655800 -22.241802 -26.708399
v -29.417601 -26.430502 -27.469698
v -32.983299 -27.631601 -29.622599
v 28.996000 -26.209602 -27.646399
v 28.299200 -22.086502 -26.908499
v 32.469101 -27.528202 -29.805399
v -29.879499 -32.573605 -29.129698
v -30.347099 -36.744705 -30.854298
v -33.367100 -37.216103 -32.940796
v -33.220001 -32.527603 -31.189999
v 29.682699 -36.583805 -31.105598
v 29.235500 -32.437103 -29.258598
v 32.548698 -32.351604 -31.296497
v 32.617802 -37.132504 -33.114895
v -15.032400 20.932198 -25.574303
v -16.540199 15.797698 -24.519701
v 15.420300 20.820599 -25.944702
v 16.862600 15.612898 -24.875202
v -44.561672 68.970589 -33.404266
v 43.619133 68.613884 -32.163383
v -40.791199 -28.765303 -35.183598
v -40.603199 -33.539906 -36.870895
v 39.704899 -33.512905 -36.782898
v 40.078098 -28.758402 -35.162395
v -32.019981 -62.909740 -45.457676
v 30.533485 -62.975231 -45.361225
v -42.458500 42.196598 -29.190304
v -41.190201 39.712395 -28.970903
v -43.168800 36.435997 -31.672703
v 42.526501 41.575294 -29.646404
v 43.413502 35.884495 -32.211304
v 41.540401 39.062397 -29.552303
v -54.574799 54.110996 -41.459705
v -56.171814 54.517265 -45.127472
v 55.755402 53.549995 -43.765602
v 54.134201 53.213898 -40.350304
v -1.040892 -85.083633 -38.957668
v -4.267779 -84.381943 -37.276596
v 2.171191 -84.364288 -37.365723
v -7.426580 36.811798 -21.672802
v -4.145040 32.993099 -19.489202
v -7.460070 32.093300 -22.469202
v 4.631470 32.970299 -19.346302
v 7.847210 36.749298 -21.561602
v 7.894890 32.194000 -22.420202
v -10.728900 -61.962105 -29.071596
v -6.905650 -64.377098 -28.814295
v 9.462810 -62.182404 -29.013996
v 5.604840 -64.475197 -28.755693
v -47.778709 103.323593 -52.313049
v 45.419083 104.909393 -49.784733
v -20.870899 35.785698 -27.797302
v -22.182899 34.106197 -28.532602
v -24.999001 37.501198 -27.398003
v 21.296200 35.432198 -28.025501
v 25.527500 37.017197 -27.590502
v 22.765800 33.655296 -28.670101
v -35.292999 53.560600 -23.020103
v -39.228500 57.945599 -24.920004
v -36.777302 61.542500 -24.178904
v 34.664001 53.198101 -22.892704
v 35.821999 61.280800 -23.494305
v 38.315102 57.573299 -24.472704
v -36.971500 -33.022205 -33.832497
v -36.976700 -28.390501 -32.254295
v 36.380600 -28.275402 -32.340397
v 36.184502 -32.962303 -33.872997
v -14.682800 3.428079 -19.245199
v -11.503500 5.884189 -15.088800
v -13.050100 3.251429 -16.075899
v 14.944700 3.239228 -19.236900
v 13.436900 3.016979 -15.985400
v 11.928000 5.737179 -15.115200
v -14.427146 -74.604134 -33.608124
v -18.049919 -72.383728 -35.436878
v 12.730111 -74.861488 -33.270546
v 16.441557 -72.666283 -35.146793
v -44.450901 56.980698 -28.766504
v -45.767200 52.274895 -29.561504
v 45.117199 51.769695 -29.266903
v 43.579800 56.494495 -28.193304
v -52.333302 35.978897 -41.199905
v -50.507999 31.626097 -40.432304
v 52.090698 35.204296 -41.134003
v 50.426899 30.932297 -40.485905
v -36.645199 22.583498 -29.618202
v -39.376301 25.751698 -30.407001
v 37.313499 22.181698 -30.177202
v 39.995098 25.352499 -31.065802
v -35.645901 -11.002802 -27.507999
v 35.708900 -11.169601 -27.602400
v -49.084610 67.462296 -37.855522
v 48.375835 66.930717 -36.437340
v -16.190800 -0.095722 -20.273399
v -18.280500 -0.600687 -22.894600
v 18.471001 -0.545300 -22.759199
v 16.462400 -0.205610 -20.048401
v -14.011300 -55.519203 -26.872196
v -10.651700 -54.639900 -24.256996
v -7.151610 -56.932400 -24.666496
v -10.809900 -57.976604 -26.857197
v 9.936120 -55.061798 -24.123695
v 12.982300 -55.941204 -26.622097
v 9.876680 -58.231403 -26.830496
v 6.583610 -57.183201 -24.739197
v -12.869100 43.767899 -21.399303
v -15.505800 42.181198 -23.607603
v -20.566099 46.180099 -22.115904
v 13.054700 43.763100 -21.312004
v 20.569700 46.146900 -22.136904
v 15.731300 42.147499 -23.616203
v -24.445961 -63.300991 -37.761971
v -22.250700 -60.941006 -35.104496
v 23.090660 -63.425644 -37.619999
v 21.013300 -61.124004 -35.001698
v -42.355400 -42.897705 -42.946796
v -40.988499 -47.158302 -44.115196
v -45.234699 -43.070805 -46.594597
v 39.736500 -46.997303 -43.926296
v 41.183498 -42.954502 -42.859097
v 43.903099 -43.205704 -46.470795
v -38.395401 -46.214405 -40.782295
v -36.682800 -49.491005 -41.219795
v 37.261101 -45.922302 -40.654198
v 35.461300 -49.194305 -41.102398
v -19.386400 17.285099 -26.572702
v 19.975300 17.027998 -26.876602
v -40.172699 -38.063602 -38.339695
v -36.840000 -37.559204 -35.434597
v 39.144299 -38.054504 -38.223495
v 35.931198 -37.491703 -35.445095
v -53.144001 34.016895 -42.864304
v 52.899101 33.172195 -42.657204
v -14.148000 -59.360504 -29.220497
v -19.823900 -58.449104 -32.295097
v -17.103600 -56.630802 -29.550196
v 12.887200 -59.657303 -29.145296
v 15.902500 -56.992504 -29.316196
v 18.573799 -58.747204 -32.149895
v -40.878502 -24.332802 -33.582298
v 40.277100 -24.383501 -33.570400
v -22.903700 23.992397 -28.040401
v -21.001900 28.018698 -28.340302
v -18.290600 26.147299 -28.008802
v -20.019899 22.692598 -27.957602
v 21.524401 27.599699 -28.344103
v 23.582300 23.551798 -28.191902
v 20.832899 22.419899 -28.143202
v 18.936199 25.945599 -28.178202
v -12.008739 -81.175980 -36.612297
v -7.933590 -81.516731 -34.915051
v -6.816625 -83.149513 -36.110325
v 5.955476 -81.652565 -34.869999
v 10.021217 -81.439407 -36.507145
v 4.752159 -83.228050 -36.171303
v -7.424050 -60.056103 -27.246096
v 6.387650 -60.209103 -27.266996
v -35.708099 -45.157303 -37.948597
v -32.927502 -44.244503 -35.606697
v -32.297298 -46.947803 -36.531395
v -34.776299 -47.935505 -38.713696
v 32.069500 -44.045204 -35.849895
v 34.704700 -44.951603 -38.031895
v 33.711800 -47.759205 -38.840996
v 31.387100 -46.772602 -36.778797
v -2.982720 37.035400 -19.104202
v 0.220217 33.020500 -18.107101
v 3.285950 37.024300 -18.998701
v -35.366299 47.461201 -24.738304
v -38.672699 51.142601 -24.799805
v -31.655701 48.936199 -23.164204
v -27.660000 47.918098 -22.810305
v -22.648399 43.859100 -24.254704
v 38.022999 50.721401 -24.842604
v 35.162701 47.065102 -24.918804
v 31.477501 48.588200 -23.270905
v 27.458401 47.712101 -22.872004
v 22.622900 43.685398 -24.314104
v -32.872398 24.364399 -28.132702
v -29.386200 22.348799 -28.094002
v 33.533298 23.919598 -28.550901
v 29.992901 21.846998 -28.418402
v -41.367100 54.428394 -25.969204
v 40.570999 53.962795 -25.776903
v -10.266400 -13.354001 -16.379297
v -6.743830 -13.367301 -14.091399
v -5.985680 -17.075901 -15.289299
v 7.295010 -13.199201 -13.987799
v 10.693900 -13.466101 -16.333597
v 6.600550 -16.998102 -15.245599
v -55.059299 48.403397 -41.369503
v 54.546001 47.487095 -40.524506
v -11.308700 39.659000 -23.326803
v -7.816600 41.449501 -20.022305
v 11.613100 39.625999 -23.305704
v 8.045070 41.418900 -19.888103
v -2.756710 -66.261497 -28.417294
v -3.961200 -61.922905 -27.727497
v -0.598644 -63.817604 -28.066494
v 1.434400 -66.280098 -28.372993
v 2.778180 -62.003204 -27.709295
v -39.466301 -42.290104 -39.656998
v 38.397900 -42.246704 -39.594597
v -0.490599 -60.220005 -26.693596
v -3.872230 -58.763004 -25.700996
v 3.094280 -58.878403 -25.747896
v -54.796101 41.409695 -42.716305
v 54.343601 40.477097 -42.193504
v -68.376259 -3.612695 -97.506203
v 67.464363 -3.668079 -96.428474
v -35.850101 27.433798 -28.711203
v -41.271599 28.907198 -31.560402
v -38.400002 30.400398 -30.002003
v 36.507401 26.971598 -29.304901
v 39.016800 29.865498 -30.589102
v 41.801201 28.504099 -32.172504
v -56.270199 47.828396 -44.199505
v 55.736698 46.764797 -43.226105
v -20.537701 -34.502499 -24.022398
v -23.976200 -34.019104 -25.977999
v -22.302299 -30.472301 -23.797798
v -18.900000 -31.348303 -21.658998
v 23.481100 -33.721104 -25.961298
v 20.130899 -34.255699 -23.803999
v 18.591200 -31.142202 -21.442898
v 21.871401 -30.165901 -23.721699
v -16.747200 -27.798403 -20.037598
v -19.889700 -26.439201 -22.144598
v -16.931299 -22.808903 -20.996597
v -14.079400 -24.329302 -18.972898
v 19.620701 -26.199001 -22.143398
v 16.686001 -27.667501 -20.006098
v 14.201400 -24.347403 -18.972198
v 16.872400 -22.719402 -21.015898
v 0.032375 41.231899 -18.302404
v -22.977900 -11.361202 -25.231501
v -21.577101 -7.924512 -24.966600
v 22.922501 -11.217802 -25.362400
v 21.478300 -7.830772 -24.953300
v -42.124401 50.669296 -26.802904
v -42.249901 46.304794 -27.988403
v 41.992901 45.800594 -28.211004
v 41.428799 50.177197 -26.770603
v -28.130501 -44.262405 -33.162994
v -24.917601 -46.381306 -32.099297
v -27.110901 -49.466103 -34.394196
v -29.764200 -47.283703 -35.182396
v 24.106001 -46.279305 -32.118397
v 27.336599 -44.176605 -33.388496
v 28.896400 -47.104504 -35.394196
v 26.138000 -49.333904 -34.455296
v -21.368382 -74.131706 -39.158871
v 19.774290 -74.345490 -38.881237
v -4.023246 -82.619194 -34.840202
v -1.022174 -83.682060 -35.859047
v 2.014846 -82.661346 -34.858116
v -8.093290 27.719898 -22.340601
v -10.878000 35.188599 -24.876501
v 8.506820 27.818098 -22.423502
v 11.328700 35.209702 -24.955301
v -0.226812 -57.732399 -24.385996
v -3.281450 -56.176899 -22.937595
v 3.128630 -56.313000 -23.122295
v -21.525400 -21.330702 -23.772697
v -23.306700 -25.634802 -24.204298
v -26.555300 -25.574902 -25.910498
v -25.248199 -21.964201 -25.346098
v 22.929001 -25.336502 -24.269398
v 21.211300 -21.201801 -23.796299
v 24.921801 -21.735302 -25.516397
v 26.178400 -25.355001 -26.045198
v -20.734900 38.507595 -27.027103
v 20.987200 38.247795 -27.210604
v -33.404499 -41.234802 -34.551296
v -36.450100 -41.654602 -36.843597
v -3.570800 -13.496301 -11.859499
v -7.657250 -11.087101 -11.952299
v -4.817010 -11.783901 -9.996519
v 32.582100 -41.028202 -34.743496
v 35.520199 -41.545303 -36.919197
v 4.225440 -13.245501 -11.752999
v 5.362890 -11.396501 -9.818969
v 8.198440 -10.886101 -11.787399
v -17.658199 21.689098 -27.257301
v 18.246799 21.555899 -27.546803
v -8.750190 7.088599 -10.675501
v -9.828620 7.463259 -12.927701
v 10.428100 7.317579 -13.057601
v 9.473410 6.954809 -10.726401
v -20.203400 -17.486002 -24.033098
v -17.122000 -16.722902 -22.718998
v -17.687401 -20.139801 -22.128899
v 16.964800 -16.806103 -22.467299
v 19.928499 -17.457502 -23.978199
v 17.519199 -20.165302 -22.020498
v -5.079500 -20.419601 -15.173698
v -2.984600 -22.818703 -14.507298
v -4.427000 -24.837301 -14.304098
v -6.542360 -22.711601 -15.311698
v 3.879370 -22.827803 -14.471498
v 5.725260 -20.426003 -15.138398
v 7.132170 -22.744402 -15.320298
v 5.223220 -24.882101 -14.296198
v -0.975793 -81.415451 -33.588299
v -25.447001 -29.604902 -25.650997
v -40.225899 32.857098 -30.954502
v -43.038399 32.561398 -32.711002
v -40.328098 35.657295 -30.128302
v 24.939899 -29.384302 -25.666298
v 43.418400 32.008896 -33.256306
v 40.652699 32.158195 -31.476803
v 40.681099 34.821896 -30.695103
v -27.026199 -33.329502 -27.603098
v -28.320400 -28.796602 -27.183298
v 26.429199 -33.098305 -27.679499
v 27.766300 -28.595201 -27.252897
v -39.733601 42.538395 -27.383804
v -38.372501 45.357494 -26.272903
v 39.986900 41.891598 -27.855804
v 38.312099 44.878895 -26.615805
v -32.191502 29.550697 -28.067602
v -29.409599 26.579998 -27.597702
v 32.723000 29.016397 -28.340502
v 29.974701 26.074799 -27.810202
v -18.444000 -50.145203 -27.710896
v -15.795700 -49.701702 -25.293596
v -13.692400 -52.197201 -24.573896
v -16.623100 -52.821304 -27.190296
v 15.067900 -50.247799 -24.793997
v 17.671499 -50.500706 -27.307096
v 15.727800 -53.256504 -26.829796
v 12.945000 -52.697102 -24.250597
v -14.171000 0.147450 -14.256900
v -12.506900 1.966379 -12.985400
v -11.898900 1.248529 -10.549000
v -13.964000 -0.790313 -12.331500
v 13.020400 1.793119 -12.728900
v 14.642000 -0.010329 -13.971000
v 14.471000 -0.921742 -11.958300
v 12.511000 1.160289 -10.333000
v -8.880360 -23.098303 -16.253098
v -11.372500 -25.934301 -17.022099
v 9.371940 -23.112902 -16.307398
v 11.629700 -25.931803 -17.029898
v -30.782000 -42.201305 -33.527298
v -28.973101 -39.474503 -31.417397
v -26.212400 -41.401005 -31.184296
v 28.301201 -39.219006 -31.676996
v 30.045200 -41.996105 -33.812397
v 25.509001 -41.188404 -31.374296
v -24.900000 -37.107304 -28.315498
v -27.737600 -36.774902 -29.491798
v 24.268600 -36.726303 -28.299198
v 27.128300 -36.538002 -29.724098
v -10.947000 -51.501900 -22.434496
v -8.157660 -53.636600 -22.133696
v 10.396600 -52.003899 -22.252796
v 7.748660 -53.994202 -22.159996
v -23.993601 -14.921602 -25.380499
v -24.445499 -17.536701 -25.374899
v -26.784800 -19.012001 -25.948399
v 23.881500 -14.832902 -25.569199
v 26.443100 -18.826403 -26.140999
v 24.173500 -17.400602 -25.540699
v -22.267401 -55.534904 -32.888496
v -24.506399 -52.433903 -33.518898
v -21.402500 -50.710903 -30.443195
v -19.521700 -53.772404 -29.971796
v 23.521601 -52.363403 -33.470695
v 21.150000 -55.633102 -32.737495
v 18.441700 -54.050804 -29.667295
v 20.514799 -50.892902 -30.202696
v -32.613602 44.223301 -24.884203
v -28.378401 39.980595 -26.030104
v -31.624500 41.373997 -25.303604
v 32.793999 43.695000 -25.223305
v 32.070400 40.752296 -25.742004
v 28.820200 39.439697 -26.285904
v -13.912800 -11.870301 -17.685301
v -12.177700 -11.396301 -15.774899
v -12.821600 -13.586501 -18.635498
v 12.585100 -11.438001 -15.532399
v 14.332200 -12.018101 -17.474300
v 13.197300 -13.662301 -18.438398
v -13.731900 -29.008501 -17.997099
v -15.524100 -31.811003 -19.302797
v 15.345600 -31.720001 -19.076698
v 13.768400 -28.934502 -17.894798
v -9.540460 2.792459 -7.949230
v -8.899170 5.308100 -9.359080
v -6.774810 3.823110 -5.062881
v 9.647830 5.219009 -9.358160
v 10.328500 2.641299 -7.954890
v 7.615230 3.777970 -5.175591
v -20.291100 -11.185502 -24.779200
v -21.323200 -14.378201 -24.908098
v 21.144699 -14.381402 -24.965097
v 20.157801 -11.211802 -24.715500
v -35.521900 43.557697 -25.484903
v 35.826900 43.047295 -25.945204
v -8.208690 -50.723999 -20.834496
v -13.135400 -49.201000 -23.191296
v -10.435100 -48.542599 -21.608896
v 7.994440 -51.061901 -20.881197
v 10.058700 -48.911999 -21.424196
v 12.593800 -49.772301 -22.829796
v -13.674500 -2.126481 -10.462200
v -15.170900 -4.270261 -12.028900
v -15.657200 -2.816151 -13.993800
v 15.784100 -4.392971 -11.858800
v 14.274200 -2.326641 -10.191300
v 16.211300 -2.988121 -13.659100
v -26.183599 24.985498 -27.736403
v 26.718201 24.492998 -27.914202
v -33.669899 33.818497 -27.985601
v -30.394501 35.147198 -27.558903
v -28.629000 31.370798 -28.187502
v 34.196098 33.130295 -28.300303
v 28.996201 30.875198 -28.198502
v 30.888700 34.420498 -27.958902
v 0.506603 5.288660 -2.540880
v -1.055180 3.067350 -1.287650
v -3.027870 4.399280 -2.654300
v 2.038530 3.119830 -1.368500
v 3.939670 4.461590 -2.777960
v -37.168400 41.539597 -26.441803
v -38.759899 38.546497 -28.083204
v 39.237701 37.827797 -28.606201
v 37.629799 40.891197 -26.954905
v -1.461050 -13.323001 -9.949919
v 0.394527 -14.219301 -11.481899
v -1.763650 -15.177101 -13.045499
v 2.204540 -13.118401 -9.874640
v 2.430340 -15.117501 -13.009299
v -18.691900 -36.633301 -24.733997
v -21.739700 -36.769203 -26.528399
v -17.346701 -35.069698 -22.400297
v 21.263201 -36.538303 -26.418898
v 18.390499 -36.549999 -24.599699
v 17.083401 -34.991501 -22.179499
v -19.435900 -8.123611 -24.397900
v -18.113501 -8.364511 -23.170099
v -18.372400 -11.129202 -23.878000
v 19.366501 -8.095412 -24.114000
v 18.309299 -11.234201 -23.509800
v 18.276300 -8.404622 -22.699699
v -9.095430 -27.613201 -15.460598
v -11.039200 -30.184702 -16.400099
v 11.324500 -30.158102 -16.336597
v 9.545070 -27.614202 -15.499599
v -17.301701 -47.285503 -26.331396
v -15.011800 -46.990601 -24.512396
v 14.422000 -47.503700 -24.079096
v 16.637600 -47.758305 -25.837896
v -37.005901 36.789696 -27.913403
v -38.510300 34.726097 -29.359701
v 38.967300 33.831795 -29.910103
v 37.445999 35.935696 -28.372501
v -10.655400 -7.820910 -8.441239
v -9.635850 -6.682220 -5.999990
v -7.914800 -8.286950 -5.549540
v -8.649740 -8.755081 -7.506989
v 10.305300 -6.670771 -5.961229
v 11.393200 -7.764690 -8.344869
v 9.153920 -8.601471 -7.477930
v 8.422640 -8.143440 -5.500529
v -10.213200 -2.929060 -5.412940
v -8.361510 -4.961461 -3.804549
v -11.511300 -5.177021 -7.161349
v 8.986930 -4.996661 -3.718800
v 10.820800 -3.163681 -5.338510
v 12.171600 -5.299261 -7.150169
v -12.488000 -46.431099 -22.967396
v -9.776160 -45.433701 -21.893295
v -7.613600 -47.363098 -20.700895
v 9.403710 -45.782700 -21.790195
v 11.994100 -46.822201 -22.688797
v 7.537880 -47.677898 -20.703196
v -15.045200 -33.514801 -19.619598
v -12.539700 -34.431000 -18.941898
v -14.699500 -35.679199 -21.302399
v 14.857500 -33.499001 -19.403599
v 14.517500 -35.719601 -21.254498
v 12.555800 -34.511799 -18.903198
v -25.412300 35.083298 -28.313501
v -28.615801 37.261295 -27.044502
v 29.111700 36.516098 -27.442701
v 25.928400 34.537598 -28.415003
v -5.559940 1.440560 -2.047560
v -7.332160 1.191360 -3.529160
v -4.654100 3.708090 -2.934860
v -6.750930 -3.151890 -1.937930
v -5.087510 -5.088390 -0.960038
v -6.141170 -6.827120 -2.478240
v 8.140290 1.155040 -3.661020
v 6.420360 1.518290 -2.267300
v 5.543680 3.710000 -3.081110
v 5.869030 -5.077930 -0.969030
v 7.460430 -3.167850 -1.909860
v 6.899430 -6.749400 -2.428169
v -16.181499 -6.350611 -13.838499
v -14.080300 -5.663771 -10.451700
v -14.864300 -7.417121 -12.422899
v 16.786699 -6.441021 -13.640299
v 15.477600 -7.531861 -12.226099
v 14.767500 -5.789041 -10.339500
v -11.892100 -43.897202 -23.338495
v -9.332710 -43.025700 -21.989096
v -7.133500 -44.580502 -21.304895
v 11.428600 -44.217098 -23.289097
v 7.094930 -44.891201 -21.288897
v 9.054860 -43.284698 -21.987495
v -3.062820 -16.831501 -14.216399
v -2.768890 -19.028902 -14.555498
v 3.520480 -19.020702 -14.523898
v 3.813890 -16.781603 -14.182099
v -4.960810 -54.466999 -21.615797
v -2.116000 -53.698502 -20.573795
v 0.056827 -55.252300 -21.733896
v 4.956590 -54.618999 -21.740097
v 2.353300 -53.798199 -20.737896
v -24.013500 29.821198 -28.642101
v -21.803200 31.070599 -28.947203
v -24.036200 27.641499 -28.090403
v 22.321400 30.789898 -28.889801
v 24.409100 29.345898 -28.508701
v 24.525101 27.173698 -28.063202
v -1.221120 -17.874502 -14.134699
v 0.333415 -16.511301 -13.633299
v 1.903580 -17.880201 -14.116699
v -21.978100 -47.733204 -30.330397
v -23.155500 -43.439606 -30.461796
v -20.684401 -45.563805 -29.160295
v 21.179701 -47.786205 -30.093296
v 20.022800 -45.668304 -28.922297
v 22.489799 -43.406803 -30.545197
v -18.014799 -3.873602 -22.766300
v -19.718100 -5.585002 -24.297600
v 19.713900 -5.514642 -24.084200
v 18.215200 -3.938752 -22.421301
v -10.300100 0.400192 -6.771840
v -8.884390 -0.398998 -4.463590
v -11.520300 -1.622361 -7.287080
v 9.625510 -0.618118 -4.507990
v 11.053200 0.205437 -6.770130
v 12.180000 -1.884591 -7.128230
v -12.100400 -36.029701 -20.431498
v -14.156200 -37.230701 -22.500198
v -16.448099 -36.687199 -23.479698
v 13.875000 -37.368401 -22.512999
v 11.947400 -36.177502 -20.478899
v 16.188299 -36.695202 -23.399698
v -36.706299 33.572495 -28.773003
v 37.246399 32.805595 -29.271202
v -14.319500 -44.457401 -24.553797
v -16.213600 -42.922104 -26.173796
v -14.109600 -42.302399 -24.544497
v 15.782900 -43.013702 -26.200596
v 13.864000 -44.762501 -24.416397
v 13.655500 -42.404999 -24.552696
v -10.437400 -33.167500 -16.990198
v -8.017740 -34.171501 -16.759398
v -9.912420 -35.208099 -18.499998
v 10.747900 -33.198399 -16.950798
v 10.065600 -35.389599 -18.559599
v 8.482070 -34.310699 -16.804699
v -2.485960 -27.132402 -13.634398
v -3.820030 -29.170702 -13.523398
v -5.631800 -27.050001 -14.115598
v 3.474730 -27.184002 -13.582798
v 6.392030 -27.148003 -14.148298
v 4.687210 -29.295101 -13.503798
v -31.356400 38.513798 -26.330004
v -34.318600 38.046295 -26.681704
v -34.581799 41.300594 -25.662804
v 34.907101 37.245995 -27.254902
v 31.901600 37.796097 -26.904402
v 35.046600 40.700897 -26.184004
v -12.901600 -32.287899 -17.743599
v -8.604500 -31.523201 -15.465899
v 12.936500 -32.203201 -17.574099
v 9.109750 -31.538502 -15.436598
v -1.069520 -25.071201 -14.033098
v -1.323400 -21.026802 -14.467898
v 0.459679 -23.043802 -14.311898
v 2.148640 -25.120802 -13.975898
v 2.094030 -21.066101 -14.442298
v -17.050699 -2.615402 -20.951599
v -15.591800 -0.491610 -17.900600
v -16.780300 -2.631881 -19.384600
v 17.386200 -2.738172 -20.694599
v 17.194700 -2.751671 -19.014999
v 16.012600 -0.676529 -17.695801
v -25.058901 32.149998 -28.851002
v -26.616699 28.617298 -27.968702
v 25.470900 31.659798 -28.732302
v 27.024700 28.154999 -27.933903
v -16.431400 -45.135204 -25.905195
v 15.914400 -45.484604 -25.663795
v -0.880454 -29.330101 -13.187998
v 0.544532 -27.345802 -13.504398
v 1.896930 -29.419302 -13.172098
v -7.478120 -35.806599 -18.227798
v -9.434520 -36.939400 -19.890398
v 9.415500 -37.140202 -19.917799
v 7.765480 -35.968201 -18.225899
v -16.853201 -4.940951 -15.741100
v -16.886999 -3.534721 -17.712999
v -15.728000 -1.583831 -16.021601
v 17.415600 -5.013881 -15.414000
v 16.217199 -1.809811 -15.683500
v 17.396200 -3.741031 -17.274300
v -13.180300 -8.217751 -11.527599
v -12.516000 -6.811710 -9.287319
v -11.357800 -8.727530 -10.807999
v 13.251600 -6.883690 -9.198839
v 13.927500 -8.272011 -11.302699
v 12.157400 -8.752281 -10.619299
v -4.946300 -1.883260 -0.689526
v -7.426060 -0.937289 -2.669110
v -5.704640 -0.282833 -1.426040
v 5.759630 -1.902480 -0.754541
v 6.481820 -0.248368 -1.549280
v 8.124660 -0.977819 -2.682810
v -5.061070 -46.139301 -20.399296
v -3.236470 -48.275200 -19.789997
v -5.534040 -49.569901 -19.955296
v 5.298250 -46.371201 -20.462196
v 5.677990 -49.817902 -20.105997
v 3.620410 -48.443901 -19.910397
v -14.039200 1.188509 -15.691800
v 14.411300 1.074979 -15.485300
v -24.555700 -19.309502 -25.276299
v 24.207800 -19.078602 -25.420698
v -1.451780 -12.167801 -6.699179
v 0.401539 -12.828801 -8.261049
v -3.037490 -12.210201 -8.261729
v 2.158020 -12.028501 -6.587659
v 3.678920 -11.819401 -8.046379
v -3.709360 -51.819698 -19.904297
v -6.125940 -52.747200 -20.755796
v 4.012020 -51.931702 -20.110796
v 6.130760 -52.950401 -20.899996
v -18.203400 -43.444702 -27.424196
v -19.886299 -41.965904 -28.635397
v -18.278799 -41.319504 -27.273096
v 19.421400 -41.833305 -28.741896
v 17.764299 -43.582806 -27.444496
v 17.830799 -41.101006 -27.304996
v -4.855870 -43.561001 -20.534697
v -2.947280 -45.252300 -20.447697
v 3.451770 -45.390900 -20.460896
v 5.158020 -43.713699 -20.520296
v -1.545300 -50.431198 -19.593496
v 0.136217 -52.311298 -19.893295
v 1.995300 -50.522999 -19.698795
v -5.844850 -10.628501 -7.924679
v -4.245110 -11.134901 -6.544259
v 4.829550 -10.761001 -6.328229
v 6.304610 -10.234701 -7.923079
v -9.955140 5.338499 -11.359500
v -11.488200 3.889059 -13.221300
v 11.992600 3.752329 -13.123700
v 10.639300 5.166239 -11.376400
v -19.530500 -47.761803 -28.279997
v -18.505301 -44.998302 -27.452295
v 18.806200 -47.958702 -27.857796
v 17.962299 -45.215603 -27.246696
v -15.286800 -8.940271 -14.480499
v -13.723600 -9.384971 -13.496299
v 15.824300 -8.955061 -14.105699
v 14.286900 -9.382281 -13.051699
v -7.466510 -25.180403 -15.093398
v -6.995380 -29.361101 -14.441498
v 8.007230 -25.229301 -15.151898
v 7.625220 -29.430601 -14.458199
v -17.378599 -6.817411 -17.392099
v -16.614500 -8.101881 -15.726399
v 17.934299 -6.889102 -17.052700
v 17.224300 -8.130841 -15.454999
v -14.448300 -13.379601 -20.262098
v -14.888800 -15.202601 -21.365599
v 14.831900 -13.460702 -19.879997
v 15.065600 -15.287702 -21.033398
v -12.909000 -3.672411 -8.727650
v 13.545900 -3.870281 -8.542330
v -11.958000 -0.313875 -8.873440
v 12.646000 -0.573985 -8.614490
v -19.044300 -14.130602 -24.150698
v -22.575100 -17.455202 -24.896198
v 18.834299 -14.249701 -23.988598
v 22.302999 -17.368902 -24.982698
v -2.210140 -31.164402 -13.349998
v -3.339270 -32.862801 -14.165497
v -5.068320 -31.215601 -14.050798
v 3.150310 -31.353302 -13.394498
v 5.833100 -31.258202 -14.056698
v 4.221940 -32.967300 -14.253997
v -21.958799 -41.352802 -29.480797
v -24.289101 -39.442703 -29.610596
v 21.467699 -41.212105 -29.713196
v 23.601400 -39.228504 -29.799896
v -1.281990 -10.841800 -3.611719
v -2.605980 -9.849750 -2.703169
v -1.130250 -8.802820 -1.251449
v 0.477827 -9.997530 -2.214639
v 3.469400 -9.783270 -2.511919
v 2.075450 -10.784000 -3.524839
v 2.169440 -8.825540 -1.267539
v -2.845800 -11.229300 -5.114619
v 0.340137 -11.662000 -5.003939
v 3.553110 -11.052900 -4.921269
v -2.194950 1.050250 -0.485336
v 0.548764 1.360880 -0.360959
v -0.785930 -0.438727 0.226002
v 3.138740 1.134470 -0.632645
v 1.816250 -0.406135 0.155091
v -6.367300 -32.880402 -15.207897
v 7.074650 -32.964699 -15.255497
v -1.298240 -46.889500 -19.995895
v 0.283037 -48.794201 -19.710896
v 1.828440 -46.985199 -20.001297
v 0.328626 -19.414402 -14.288098
v -18.073700 -37.687500 -25.262999
v 17.759399 -37.686798 -25.238398
v -4.509210 -34.266701 -15.523097
v -6.065170 -35.218899 -16.979298
v 6.602780 -35.362598 -17.040098
v 5.290300 -34.358799 -15.623097
v -17.115801 -11.405202 -22.527399
v -17.441200 -9.172302 -21.628300
v -16.910801 -9.976702 -19.980700
v -16.202801 -11.708802 -20.982700
v -17.384800 -4.241241 -20.588699
v -17.503201 -5.505171 -19.210800
v 17.843399 -9.221922 -21.077700
v 17.310400 -11.448401 -21.971500
v 16.605499 -11.786201 -20.423401
v 17.449900 -10.074902 -19.542299
v 17.760599 -4.452171 -20.134800
v 17.968100 -5.586102 -18.697800
v -2.352710 -7.447290 -0.597312
v -0.874207 -6.303890 0.150802
v 0.573355 -7.647480 -0.340468
v 1.953410 -6.354130 0.092207
v 3.326560 -7.563820 -0.669226
v -10.286000 -10.135900 -12.749899
v -10.286900 -9.255361 -11.075799
v -8.185440 -9.751111 -9.558579
v 11.137500 -10.070201 -12.526799
v 8.717270 -9.553931 -9.509059
v 11.067300 -9.227880 -10.943299
v -6.121110 -8.569660 -3.895809
v -4.032620 -7.718250 -1.447039
v -4.132790 -9.133390 -2.736929
v 6.787160 -8.435350 -3.794609
v 4.929000 -9.067080 -2.584079
v 4.882720 -7.734910 -1.444749
v -5.310560 -10.009500 -5.081809
v -3.833080 -10.266200 -3.977189
v 4.550770 -10.107600 -3.697429
v 5.839000 -9.797630 -4.944779
v -17.627701 -7.216722 -20.464701
v -17.351000 -8.421741 -18.840799
v 18.082001 -7.386961 -20.047800
v 17.926600 -8.507271 -18.420099
v -1.367840 -44.114399 -19.990597
v 0.315551 -45.701900 -20.244997
v 1.905110 -44.177101 -19.963997
v -6.795940 -9.569540 -6.314629
v 7.212260 -9.288530 -6.304160
v -5.287140 -36.075802 -17.674799
v -3.585650 -36.126400 -17.042599
v -4.575110 -37.076401 -18.198298
v 5.094440 -37.217499 -18.228899
v 4.287530 -36.232300 -17.123798
v 5.814630 -36.124599 -17.644999
v -17.814699 -5.971352 -21.919100
v 18.123800 -6.101982 -21.540800
v 0.475613 -36.016701 -16.005499
v -1.034120 -37.055199 -17.151798
v -2.012730 -35.894699 -16.264898
v -0.698414 -35.306999 -15.305597
v 1.896000 -37.123501 -17.133099
v 1.701330 -35.418999 -15.308497
v 2.847200 -36.048000 -16.328098
v -3.431640 -0.539697 -0.271316
v -4.437870 0.797153 -1.081470
v -3.504490 2.365150 -1.455030
v 5.293750 0.820347 -1.240240
v 4.345820 -0.555351 -0.393167
v 4.426920 2.406820 -1.629490
v -16.997601 -13.858702 -23.015398
v -15.594200 -13.395602 -21.645298
v 15.827500 -13.505802 -21.137197
v 16.946199 -13.927902 -22.615599
v 0.523883 -31.330502 -13.123098
v -0.733396 -32.897099 -13.631097
v 1.794060 -33.039001 -13.693197
v -3.616840 -3.499200 0.008297
v -2.174800 -4.924320 0.311840
v -3.445160 -6.346250 -0.407739
v 4.517810 -3.494870 -0.071946
v 4.340930 -6.357420 -0.481868
v 3.176910 -4.972250 0.214886
v -16.605600 -9.443721 -17.304199
v -15.460300 -10.058401 -16.123301
v 17.181499 -9.491661 -16.888901
v 16.041100 -10.082001 -15.675399
v -2.205690 -2.051400 0.357575
v 3.155690 -2.018640 0.258975
v -0.815870 -3.475890 0.639254
v 0.455246 -1.974750 0.575047
v 1.817450 -3.471240 0.571462
v -15.216500 -11.887802 -19.301701
v 15.714800 -12.022102 -19.027399
v -16.112400 -10.635601 -18.392099
v 16.664000 -10.727501 -18.061100
v -21.760599 -38.750404 -28.185495
v 21.299000 -38.537502 -28.333796
v -1.864040 -34.234501 -14.613997
v -2.964430 -35.374901 -15.925497
v 3.807970 -35.462799 -16.040499
v 2.833910 -34.385899 -14.715597
v 0.531537 -4.885710 0.548023
v -15.115900 -10.852701 -17.048800
v 15.619400 -10.954401 -16.643400
v 0.575822 -34.283298 -14.291797
v -11.692000 -10.481400 -14.133399
v -14.200000 -10.556901 -15.721399
v -13.458400 -10.058601 -14.364899
v 12.281800 -10.485301 -13.804499
v 13.873800 -10.096201 -13.961799
v 14.651500 -10.595001 -15.301099
v -12.554100 -9.662461 -13.243699
v -11.462800 -9.312941 -12.168499
v 12.386600 -9.340831 -11.981299
v 13.138500 -9.678301 -12.847999
v -21.240801 -40.318806 -28.792397
v 20.759600 -40.008404 -28.977097
v -23.038488 123.782730 -49.751148
v -43.228127 108.935303 -51.023136
v -35.828499 112.880249 -45.477230
v -51.228008 101.019333 -56.449772
v -59.197514 89.073639 -63.136139
v -68.790039 63.696560 -78.235741
v -64.627037 77.198051 -70.843262
v -67.562767 79.172379 -80.082535
v -4.903031 -86.945702 -53.928577
v -10.556788 -85.899673 -55.553146
v -65.913574 -24.680416 -121.511307
v -56.918579 -43.532993 -105.288834
v -52.920349 -53.709324 -100.156548
v -48.887859 -61.042076 -94.686958
v -43.965878 -66.494781 -88.073334
v -33.168991 -74.808113 -74.492706
v -5.818864 -87.591850 -58.344707
v -63.081886 -51.920097 -120.861359
v -12.493591 -86.227753 -60.484287
v -0.431289 -87.072464 -52.320194
v -68.025948 -43.775799 -130.232727
v -66.484711 -62.194199 -124.487114
v -71.471619 -53.371643 -134.725189
v -69.098999 -75.933609 -128.221405
v -72.871483 -65.896553 -140.352997
v -71.236328 -85.892448 -132.767059
v -74.727913 -73.924385 -146.613434
v -72.605865 -95.707146 -138.252579
v -78.197456 -81.860802 -152.236862
v -78.261116 -102.274895 -143.663773
v -83.661728 -88.449806 -157.393448
v -53.881119 -65.770546 -108.501823
v -58.777531 -59.316238 -113.648933
v -56.682949 -74.713043 -110.538414
v -61.890247 -69.342010 -116.608673
v -58.929337 -88.571960 -111.762321
v -63.819740 -83.909744 -118.818527
v -60.393368 -101.468498 -115.408714
v -65.363152 -95.291374 -122.411354
v -62.939934 -112.651733 -119.886246
v -68.054070 -105.723251 -127.249748
v -67.714539 -121.638565 -125.626381
v -73.221252 -113.256531 -133.350632
v -48.394646 -70.315628 -103.687050
v -54.175877 -105.479187 -110.124825
v -56.648060 -117.755211 -114.273422
v -61.857693 -127.697052 -120.066612
v -0.168443 -87.748283 -56.063816
v -6.911745 -89.977226 -70.778534
v -14.068779 -88.300262 -71.141945
v 0.037221 -89.975304 -68.058044
v -31.956152 -79.689484 -87.302299
v -6.346558 -92.521828 -80.956207
v -13.228584 -92.149994 -82.038811
v 0.000001 -92.250931 -81.271706
v -31.013027 -86.593529 -93.285141
v -5.540989 -106.651466 -87.698936
v -11.910082 -106.167503 -88.544365
v 0.000001 -107.132683 -86.808220
v -32.298096 -101.053513 -96.217979
v -5.729530 -121.797729 -88.957405
v -24.838570 -116.524467 -96.808975
v -11.713705 -120.620018 -90.294289
v 0.000001 -122.253983 -88.172234
v -31.798887 -114.126541 -99.928383
v -5.909905 -135.410629 -93.901772
v -27.957983 -129.957047 -99.514587
v -13.432563 -134.041962 -94.559608
v -24.753689 -145.044754 -96.883247
v 0.000001 -136.089691 -93.403084
v -35.300266 -127.506012 -101.997383
v -8.392700 -148.864471 -90.591377
v -33.093338 -142.551407 -99.588860
v -16.732347 -147.188004 -93.806274
v -20.573254 -132.057785 -97.148506
v 0.000001 -150.371140 -87.111214
v -41.008575 -139.824524 -103.228165
v -18.249611 -118.508545 -93.381874
v -72.711967 -43.186478 -149.881393
v -74.568756 -54.157490 -156.480957
v -79.003838 -59.780865 -164.343140
v -84.224075 -63.038280 -173.616501
v -93.104843 -65.499863 -183.356689
v -70.589920 -33.743393 -167.940018
v -71.990471 -43.950439 -173.733215
v -75.852592 -48.841728 -181.892487
v -82.070190 -50.953201 -191.929764
v -87.194939 -54.327286 -202.932587
v -63.311295 -27.409079 -185.425690
v -65.348457 -37.297794 -189.935043
v -69.422791 -42.178555 -197.128784
v -75.788933 -45.520767 -206.147491
v -81.019783 -51.122990 -217.213959
v -52.350918 -24.777710 -199.484253
v -54.526016 -35.271221 -202.624893
v -57.878849 -41.329697 -210.306702
v -63.353729 -47.950470 -219.367859
v -67.916138 -54.454582 -230.243347
v -37.878555 -28.257839 -207.569260
v -38.356014 -39.780624 -212.662170
v -39.958160 -48.088390 -220.481918
v -44.265919 -58.422840 -228.089462
v -49.008694 -64.714645 -237.002075
v -23.735104 -33.287144 -210.105103
v -23.671444 -45.191807 -217.203354
v -24.435381 -55.929379 -223.208740
v -27.130383 -67.844666 -229.256592
v -31.798887 -78.635262 -235.272583
v 0.000001 -36.491436 -205.648804
v 0.000001 -53.149467 -207.696594
v 0.000001 -64.831421 -215.601212
v 0.000001 -75.494621 -222.402374
v 0.000001 -89.616898 -231.474121
v -72.036850 8.493682 -105.740768
v -77.359245 56.910557 -138.252579
v -56.467690 122.842461 -180.842087
v -46.557728 131.235123 -185.680359
v -74.791565 84.412201 -152.884094
v -71.841927 96.423111 -162.539413
v -76.574188 46.109234 -134.210114
v -70.337440 -13.354525 -111.785461
v -72.237534 24.093809 -95.304359
v -70.941994 11.346891 -97.866089
v -68.420609 -12.690615 -101.419754
v -73.092712 35.419636 -91.872414
v -71.574409 47.862385 -84.979874
v -77.015892 48.866543 -127.742928
v -76.574089 42.650253 -140.533768
v -77.210709 35.679474 -146.634659
v -72.404266 14.342146 -150.719604
v -75.237206 22.777306 -151.059128
v -65.369682 117.898064 -147.547150
v -44.085545 141.527069 -153.902695
v 0.000001 152.413193 -155.197144
v -54.303200 133.622528 -151.006088
v 0.000001 153.007355 -118.634262
v 0.000001 148.880157 -92.575508
v -35.289658 141.187714 -95.769188
v -67.585037 -20.155853 -130.845535
v -69.560722 -34.358810 -144.385284
v -68.319321 -23.759157 -163.791412
v -62.260880 -19.695383 -182.868622
v -51.947727 -17.859850 -195.696396
v -38.706150 -20.310804 -203.399445
v -24.647585 -24.098644 -206.232361
v -32.831066 -74.869446 -67.180496
v -44.357212 -64.984535 -79.558350
v -49.879459 -60.317860 -86.372360
v -55.117867 -52.673061 -91.206100
v -59.629242 -41.012604 -97.556076
v -62.841339 -32.937450 -110.501915
v -64.787369 -25.627188 -100.381317
v -20.098207 -83.565971 -62.845371
v -27.268885 -79.204445 -67.757576
v -17.783741 -83.592461 -56.947357
v -26.588957 -79.693939 -60.303692
v -26.671076 -82.280029 -81.084816
v -25.320436 -89.323883 -88.731972
v -19.543659 -90.756950 -84.776978
v -20.530834 -85.531494 -75.476891
v -42.397564 -73.616936 -98.915359
v -46.876038 -108.768379 -105.742790
v -49.602867 -121.436996 -109.933838
v -55.258121 -132.248840 -114.368919
v -68.161247 -13.714756 -120.255127
v -68.818008 -16.077332 -138.528442
v 0.000001 -27.992626 -203.887512
v -71.428131 8.389915 -154.560516
v -66.048737 9.557005 -174.274323
v -60.096390 11.944211 -187.367371
v -51.056469 14.257347 -199.738892
v -39.374596 14.660476 -210.327911
v -28.849241 15.191100 -216.895660
v 0.000001 15.923088 -225.627884
v -72.818069 16.283926 -156.841705
v -69.210587 18.946968 -176.173569
v -61.146801 21.578438 -190.168472
v -52.297867 25.451071 -204.237640
v -40.552334 27.117016 -213.139633
v -30.621151 27.976294 -220.481918
v 0.000001 28.496195 -232.110748
v -74.993164 24.835655 -157.966400
v -70.027573 30.979128 -179.208099
v -62.526134 35.011028 -193.192383
v -52.234207 39.255016 -206.423355
v -41.910442 42.098579 -215.972565
v -32.212685 43.276398 -223.442169
v 0.000001 44.729843 -234.307068
v -77.242538 41.175552 -153.658630
v -70.844566 55.531170 -177.658997
v -63.746311 63.446430 -192.884689
v -54.727612 69.876266 -207.081192
v -45.496704 73.801918 -215.601212
v -36.743259 77.229126 -221.808197
v 0.000001 80.772903 -234.635971
v -77.189484 51.764584 -145.467529
v -74.855232 75.754227 -165.043427
v -68.223839 87.054192 -177.393738
v -61.231686 97.155098 -190.306396
v -51.141354 105.919113 -200.513474
v -42.016548 113.855629 -207.017548
v 0.000001 124.158096 -210.571976
v -38.716763 144.582932 -120.862396
v -51.109520 136.190262 -121.159492
v -48.096214 133.537750 -97.053024
v -62.804585 93.209099 -71.966782
v -62.133553 122.927467 -123.079941
v -70.133675 104.359428 -123.865097
v -54.719578 105.568314 -64.464668
v -71.428131 103.107536 -143.515274
v -73.889702 89.834015 -137.149109
v -76.412697 60.676994 -130.127594
v -46.197285 112.208427 -57.927605
v -35.173233 121.100159 -52.411869
v -27.247881 116.474747 -42.285595
v -0.660143 119.256248 -38.190800
v -14.908648 117.677750 -39.347363
v -67.375015 103.478897 -107.472282
v -59.290012 121.717873 -100.798439
v -72.563423 89.632446 -122.973839
v -70.600952 88.263763 -111.154068
v -6.565582 -88.620239 -63.927593
v -13.688452 -87.149071 -66.039719
v 0.015905 -88.867653 -61.014832
v -68.836220 -25.760286 -137.403488
v -20.781237 -83.566025 -68.758423
v -27.246658 -79.746689 -74.980301
v -33.060963 -75.908913 -81.154289
v -65.412292 -33.249424 -127.166306
v -60.401470 -41.399189 -117.728920
v -56.299965 -50.907879 -110.704155
v -47.401417 -64.624725 -100.454529
v -42.739727 -68.983894 -94.554733
v -51.991505 -58.575462 -105.396103
v -70.239777 -19.069437 -147.823013
v -70.653580 9.100854 -162.539413
v -72.446709 17.461540 -165.054031
v -74.292885 28.124842 -166.762283
v -76.075409 47.658409 -164.205215
v -76.531654 63.191845 -153.435822
v -75.088654 73.897446 -132.745865
v -57.718323 115.233604 -84.443298
v -65.005630 100.218689 -93.276375
v -69.081909 85.669556 -100.024986
v -45.874836 126.483459 -77.795685
v 0.000001 140.137177 -70.548653
v -10.819722 124.804962 -47.715984
v -0.091581 126.356918 -47.494171
v -33.476986 133.358261 -74.499969
v -6.896657 -36.724873 -206.306641
v -6.864826 -52.077896 -209.139587
v -8.689787 138.917068 -70.866959
v -18.090458 122.534851 -212.853165
v -13.655378 81.579361 -229.882599
v -7.246795 -27.610645 -204.746933
v -13.262799 151.967560 -118.687302
v -18.918056 150.577652 -155.579117
v -11.957741 44.539005 -232.566986
v -10.833055 28.390150 -230.116013
v -9.464334 15.838293 -224.619919
v -9.527996 147.819107 -92.013161
v -8.031952 -74.613983 -223.505829
v -8.456362 -63.589951 -217.882416
v -8.360869 -90.264091 -231.357407
v -50.898251 -78.590134 -105.478958
v -44.084732 -81.562218 -101.323883
v -54.416492 -92.367813 -105.842987
v -46.486637 -96.001923 -102.588692
v -24.747402 -103.496109 -92.601631
v -18.192617 -104.986847 -90.079948
v -14.461756 -35.960911 -208.566620
v -18.302664 -86.338333 -232.216843
v -22.143570 146.047119 -93.795685
v -15.321185 -25.870632 -205.776123
v -19.618334 15.583706 -222.031021
v -14.472366 -60.831291 -220.885101
v -26.016306 79.743828 -226.264496
v -23.013609 44.167648 -228.322876
v -21.241699 27.997543 -225.627884
v -32.021702 119.585243 -211.654221
v -30.706032 147.628052 -155.494217
v -15.894138 -73.446892 -226.657074
v -25.666168 149.219528 -119.536118
v -14.366263 -49.223709 -214.327988
v -20.127253 137.317612 -70.899422
v -48.138653 -136.365646 -108.766716
v -42.387905 -124.895889 -105.530594
v -39.321545 -111.484543 -102.867424
v -39.294792 -98.655853 -99.386528
v -37.407982 -83.827354 -97.503098
v -37.176826 -76.858261 -93.121353
v -37.721485 -72.584869 -87.671944
v -38.664345 -70.513748 -81.070938
v -38.249107 -69.846611 -73.421646
v -71.913658 -4.466137 -109.652008
v -70.099113 -1.035474 -100.250259
v 0.000001 -2.772042 -216.418198
v -8.403311 -3.291941 -215.091919
v -17.241638 -4.045380 -211.346497
v -25.782881 -5.307992 -205.256226
v -39.639851 -3.419234 -201.341049
v -51.841629 -2.761517 -194.232193
v -61.157413 -3.504230 -184.290405
v -67.194641 -5.552053 -170.635010
v -69.963913 -4.692569 -156.894760
v -71.640327 -3.589021 -148.990128
v -70.430763 -9.987082 -144.608109
v -69.900253 -11.907515 -153.319107
v -61.560600 -11.514911 -183.579514
v -51.926510 -10.453862 -193.468262
v -39.491310 -11.525537 -200.524063
v -26.324003 -13.573362 -204.184601
v -16.424650 -12.671480 -205.861023
v -7.851579 -11.451266 -209.309341
v 0.000001 -10.910117 -210.614395
v -67.587219 -13.456588 -168.682739
v -66.027512 112.073112 -171.918869
v 0.000001 142.715424 -190.614120
v -76.128456 69.239601 -144.013931
v -20.117014 139.967377 -189.988113
v -33.156998 137.102768 -189.531876
v -76.680191 39.286793 -144.300415
v -38.875919 94.120697 -219.113190
v -47.364105 91.033073 -210.571960
v -72.192062 65.695824 -172.173508
v -77.200096 46.798927 -150.210312
v -57.751526 84.698761 -200.895416
v -65.242355 75.658707 -186.242676
v 0.000001 103.234825 -227.505905
v -76.754463 55.828259 -159.897461
v -15.872917 101.664398 -225.935593
v -28.329340 97.908539 -223.251190
v -76.913620 30.480478 -149.403931
v -70.409538 43.891815 -180.237289
v -76.712021 34.830513 -156.555237
v -43.809677 57.504723 -217.468613
v -53.602921 54.332302 -208.375641
v -62.865662 49.599983 -195.027954
v 0.000001 62.788506 -233.999359
v -34.186192 59.913177 -224.259155
v -75.003777 38.851894 -166.592514
v -12.700457 62.714237 -232.047073
v -24.552094 61.738186 -228.853394
v -71.923264 62.971687 -89.193504
v -73.851387 75.138580 -122.603058
v -72.747719 74.094215 -113.563774
v -72.359421 71.382118 -104.313789
v -74.054550 45.868397 -95.748238
v -75.651482 61.894657 -122.829659
v -74.921173 61.339916 -115.956367
v -74.491196 58.335945 -108.148590
v -74.335472 33.025677 -102.022797
v -76.733009 49.648201 -122.043480
v -76.227310 49.146084 -116.608307
v -75.673386 46.876644 -111.233978
v -68.060959 -14.485426 -126.909531
v -68.913498 -11.578553 -133.732605
v -71.205307 8.506684 -148.894638
v -70.038185 -3.344958 -142.952911
v -68.786179 -7.546651 -139.090775
v -73.078659 20.540096 -102.782753
v -76.545212 7.030722 -115.646835
v -84.694794 44.804073 -131.505692
v -79.129913 -8.904400 -120.055992
v -83.161163 39.115326 -124.935280
v -84.521156 44.698078 -138.475388
v -85.614014 36.910110 -146.730148
v -83.926987 16.909870 -150.390686
v -85.210823 24.177938 -151.770020
v -81.815544 -11.918135 -123.440681
v -76.234558 -4.406004 -117.721764
v -85.072891 41.133053 -143.143890
v -85.783775 31.615597 -149.488815
v -76.269356 20.925325 -115.365479
v -81.107956 35.081913 -121.566833
v -79.198990 32.125015 -119.086006
v -77.927399 29.255436 -116.966766
v -80.966728 -14.517633 -128.788239
v -80.552933 -10.517608 -133.127823
v -82.261177 9.525234 -147.918503
v -82.123245 -0.522647 -141.997986
v -81.688225 -4.437980 -138.284409
v -76.151482 15.306125 -115.154343
v -77.656334 7.445639 -118.464478
v -86.784164 42.448647 -130.805130
v -79.237267 -6.963205 -121.944633
v -84.878937 36.845211 -125.129616
v -87.385925 42.735252 -137.042999
v -89.539803 34.873013 -144.990067
v -87.460197 16.389971 -150.348236
v -88.351456 22.639490 -150.093597
v -82.558266 -9.796041 -125.159538
v -77.582062 -1.764211 -119.536110
v -88.945633 39.191475 -141.860062
v -89.752007 30.013601 -147.218216
v -77.291763 19.529240 -118.353065
v -83.094780 32.812206 -122.016167
v -81.336380 28.642004 -120.122841
v -79.509384 25.883673 -119.301178
v -82.494606 -11.525532 -128.926178
v -82.696198 -8.130300 -134.125198
v -85.783775 9.281171 -147.812393
v -84.892517 -0.172539 -141.117340
v -84.637871 -2.941828 -138.104034
v -77.317917 15.084283 -117.665215
v -79.109940 8.007833 -120.406151
v -85.893265 37.599773 -130.487000
v -78.696136 -4.522774 -122.910172
v -83.623367 33.609447 -125.691109
v -85.985374 38.650330 -135.568176
v -87.417755 32.835915 -142.411789
v -87.799721 15.679029 -147.483475
v -87.343483 22.045319 -146.889313
v -81.539680 -6.114246 -126.220566
v -78.017082 -0.130039 -120.469818
v -86.823586 36.676773 -139.472748
v -87.619354 28.485676 -144.735428
v -77.628189 18.776772 -120.407333
v -82.819214 29.895449 -123.350410
v -81.541252 26.521317 -121.668869
v -80.444565 24.165829 -120.974472
v -82.876572 -6.156745 -129.594620
v -84.192245 -4.384756 -133.711395
v -87.322258 10.565033 -146.167816
v -85.518524 2.479980 -140.597443
v -85.210823 -1.159315 -136.523102
v -77.756538 14.861913 -119.944420
v -78.282341 10.151179 -124.289497
v -81.699287 34.926037 -131.875992
v -77.327415 0.167046 -123.164810
v -79.394424 31.710499 -127.136002
v -82.261177 35.753746 -136.024429
v -84.616646 30.384958 -140.417053
v -87.396530 14.055787 -144.300415
v -87.205544 19.520094 -143.610748
v -80.860626 -1.859529 -125.849197
v -75.640388 3.381761 -122.103790
v -83.226707 33.546856 -138.263184
v -85.900490 26.204514 -141.796387
v -77.372078 17.450928 -122.553780
v -80.794472 28.028790 -124.942940
v -81.435455 25.004749 -123.391701
v -80.680161 22.543497 -123.033905
v -81.497238 -2.061297 -128.682144
v -82.102020 0.676220 -131.843994
v -86.781143 11.785148 -143.748672
v -84.171021 6.140526 -139.356033
v -82.314232 2.936132 -135.366592
v -77.125824 14.225580 -122.538811
v -74.643028 12.453591 -124.416824
v -81.104668 25.790661 -131.536285
v -72.425484 3.127174 -125.902252
v -79.290665 25.153992 -128.989960
v -82.293007 26.066496 -133.371857
v -85.200211 24.337006 -136.798965
v -85.667068 15.530488 -140.629272
v -85.730728 18.066439 -140.236694
v -77.560844 1.991855 -127.642334
v -72.075356 6.002507 -124.650246
v -83.566238 25.673891 -135.069504
v -86.102081 21.769485 -138.570877
v -77.093994 16.549240 -124.384995
v -79.393448 24.326441 -127.231178
v -80.087257 23.159309 -126.001778
v -79.624390 20.570387 -125.214378
v -79.407021 2.724045 -129.297531
v -78.855293 3.891136 -132.798904
v -84.945572 12.846196 -140.968796
v -81.635178 8.061057 -137.541687
v -79.481293 5.344791 -135.069504
v -75.873817 14.575687 -124.119736
v -77.698776 17.217684 -126.528259
v -78.070129 12.729426 -139.260544
v -80.033028 10.999936 -139.950211
v -78.271729 17.917898 -125.339912
v -75.290253 14.596937 -125.255028
v -76.457382 6.352816 -136.194183
v -78.271729 8.676275 -138.602707
v -81.221375 13.450891 -140.332184
v -74.462654 5.779693 -134.432892
v -73.093933 5.334065 -132.491211
v -79.194824 19.657911 -126.263008
v -78.941422 21.599691 -126.762146
v -79.640450 22.713762 -128.119797
v -76.839348 16.071638 -125.350525
v -84.202850 20.220310 -137.223373
v -83.163048 22.268135 -134.050919
v -71.491791 8.432415 -126.347885
v -72.329994 5.153749 -130.284286
v -83.014503 17.578312 -139.334824
v -82.314232 15.307673 -140.141190
v -83.842102 21.673964 -135.759171
v -82.293007 22.543970 -132.438156
v 0.000001 5.832708 -220.641083
v -8.870161 5.599371 -220.312164
v -18.154119 5.015724 -216.280273
v -27.427467 4.549049 -211.176743
v -56.676926 111.344109 -74.044701
v -44.980995 122.243103 -66.125999
v -39.576195 5.100722 -204.821198
v -64.180206 96.016808 -82.170898
v -68.658386 81.422600 -89.436661
v -51.491489 5.440307 -196.386063
v 0.000001 132.401398 -56.400959
v -32.301212 128.036179 -62.711689
v -8.271430 131.648895 -57.062489
v -60.404087 3.848634 -185.457520
v -70.239777 2.076849 -159.335114
v -71.290192 2.586024 -151.716965
v -19.384201 130.482239 -58.995060
v -66.101784 1.588722 -171.823364
v -72.191986 68.013550 -96.558685
v -74.039566 54.207531 -100.960693
v -75.093391 42.257385 -106.502434
v -70.388321 2.490503 -146.040482
v -76.940475 25.328987 -115.725121
v -82.324844 4.665622 -145.265945
v -77.670403 23.157187 -118.749062
v -85.804993 5.493332 -145.181061
v -78.870697 21.768459 -120.824921
v -86.621986 6.161775 -143.409149
v -79.228500 20.113979 -122.709244
v -85.720116 8.453461 -141.838837
v -78.719025 18.512064 -124.608398
v -83.396469 10.639305 -139.801666
v -80.064857 22.915327 -129.424850
v -71.640327 6.267820 -127.589287
v -81.518463 22.894077 -131.069443
v -73.741158 12.793175 -125.817368
v -78.298820 28.071716 -128.507416
v -76.149681 14.554438 -123.493729
v -75.544891 12.082234 -123.843872
v -84.351395 7.954811 -137.743286
v -82.346062 5.419062 -134.103973
v -80.489937 24.188194 -125.096184
v -78.799644 26.214724 -126.223389
v -72.913559 4.739895 -123.323967
v -85.369980 27.339834 -138.199524
v -86.791748 23.912626 -140.183640
v -81.072830 2.554252 -128.544205
v -79.481293 1.801016 -126.846565
v -76.936264 16.803825 -123.717056
v -80.177193 21.387270 -124.454338
v -83.056946 29.727041 -136.141129
v -82.155075 30.352985 -134.167633
v -87.523857 15.148608 -142.401169
v -87.301041 18.734880 -142.029816
v -87.916435 12.676404 -141.966156
v -81.709450 3.997181 -131.408966
v -73.337967 2.098101 -124.501709
v -81.104668 30.119648 -131.663620
v -78.980713 19.042433 -123.857452
v -86.781143 10.193677 -140.215469
v -75.661606 10.766599 -136.905075
v -75.024994 13.684431 -128.045532
v -76.722633 17.525291 -128.862503
v -76.011749 19.042492 -129.828049
v -80.542320 21.281359 -132.660980
v -83.025116 1.408409 -135.684891
v -77.444420 14.246830 -121.859856
v -82.421135 36.814789 -131.960983
v -78.377831 21.705736 -129.403625
v -76.680191 15.753304 -126.422157
v -83.576851 35.106552 -139.302994
v -80.726181 23.200867 -122.058830
v -79.576790 9.610031 -122.740402
v -80.542320 -3.971102 -126.538864
v -73.804817 8.124602 -135.515137
v -72.669525 7.297095 -133.340027
v -81.412361 19.286554 -136.268463
v -81.231987 20.825005 -133.923599
v -77.284981 17.886126 -138.072205
v -80.743912 21.514696 -131.642395
v -73.306137 12.570361 -127.737823
v -77.030334 16.920597 -138.432953
v -77.688164 19.329054 -135.430252
v -74.865837 14.172558 -126.920837
v -75.460014 9.058357 -136.936905
v -77.062164 10.830144 -138.358673
v -78.452103 14.618185 -139.706177
v -78.101959 18.851652 -127.366470
v -77.910980 20.559895 -128.289551
v -77.115211 18.798428 -136.745926
v -78.123184 19.965723 -134.072144
v -74.462654 9.663052 -136.194183
v -73.656273 9.047631 -134.379837
v -85.667068 7.381889 -142.804367
v -79.546280 20.983685 -121.754051
v -72.287552 11.074208 -128.406265
v -72.414879 7.360641 -130.464661
v -80.255844 17.451021 -138.549652
v -73.178818 11.350044 -129.520340
v -72.605865 9.440239 -132.374496
v -79.491905 15.933820 -139.525803
v -81.698837 20.135515 -135.143768
v -78.176231 20.358330 -132.851959
v -76.775681 16.432470 -127.971252
v -77.147041 14.183081 -138.528442
v -79.502518 21.695213 -130.103912
v -72.011688 9.270447 -129.095932
v -78.844681 20.729685 -131.939484
v -73.804817 12.527863 -128.756409
v -84.988014 27.286812 -144.066986
v -82.077606 29.047012 -124.061859
v -78.441490 -1.859529 -123.069321
v -76.924225 15.848823 -138.655762
v -76.595314 12.400568 -137.775116
v -82.791687 -1.339630 -132.905014
v -86.441612 19.933746 -145.223495
v -82.473389 37.504284 -136.289673
v -77.826439 18.108665 -121.573441
v -76.977280 20.517395 -130.401001
v -76.170898 15.053089 -127.769653
v -78.271729 21.037294 -130.729919
v -72.849892 10.384517 -130.676865
v -84.712143 31.838409 -141.913101
v -81.847382 -3.833083 -129.488510
v -86.675034 10.925665 -144.597488
v -86.866020 14.066309 -145.669128
v -81.535011 25.354605 -122.699753
v -84.117973 4.273016 -139.939606
v -81.616623 32.474384 -126.670563
v -76.552872 1.503931 -121.424736
v -74.908279 18.713634 -133.074783
v -75.300865 15.519966 -132.204742
v -74.292885 16.994869 -132.756470
v -75.131096 13.641932 -131.122498
v -74.239838 12.432343 -130.485886
v -75.788933 15.031839 -129.499130
v -75.194763 16.241430 -136.289673
v -75.714661 14.830274 -136.257843
v -75.226593 17.970921 -136.003204
v -76.298225 13.122032 -136.724701
v -75.300865 11.413791 -135.759171
v -74.876450 12.941716 -133.021729
v -73.826042 11.403269 -131.928864
v -74.887062 17.832901 -130.973953
v -75.597946 16.602262 -130.241837
v -75.725273 19.339577 -131.589340
v -75.162933 13.323598 -129.032272
v -74.908279 18.416548 -134.666306
v -75.279640 14.883296 -133.976639
v -74.377769 16.464243 -134.528381
v -75.810158 17.642061 -137.276428
v -76.319443 14.692456 -137.700836
v -75.863205 16.241430 -137.637177
v -75.364525 12.771925 -134.920959
v -74.017029 10.936391 -133.477966
v -76.521042 14.342148 -123.101158
v -82.674973 4.304992 -134.687531
v -79.075409 27.615061 -125.554855
v -86.420387 25.334507 -140.979401
v -81.476021 0.432157 -125.997749
v -80.520218 21.907038 -123.769348
v -83.046341 32.199245 -137.414368
v -87.534470 14.140582 -143.366714
v -87.385925 12.029212 -143.037796
v -77.974289 30.066301 -127.985481
v -77.019722 10.724101 -124.353165
v -84.701530 7.381889 -138.687592
v -80.855194 24.835138 -124.160370
v -74.706688 4.358015 -122.570641
v -84.860687 29.482977 -139.398483
v -82.452164 0.771740 -127.865150
v -77.194908 17.111406 -123.156082
v -82.006531 34.077278 -135.207428
v -87.534470 18.862175 -143.005951
v -82.685585 2.437482 -131.111877
v -75.428185 1.482682 -123.812042
v -81.412361 32.835915 -131.971313
v -79.126839 19.519964 -123.414566
v -86.314293 9.143152 -141.085510
v -82.197517 23.509497 -146.815033
v -80.701469 41.451389 -137.064224
v -79.734512 40.199234 -131.985046
v -80.860626 15.848822 -146.634659
v -75.697563 6.608194 -113.614334
v -74.948898 -5.222424 -116.512161
v -81.635178 38.406265 -141.191605
v -82.473389 35.127602 -143.122665
v -77.164635 -10.570321 -117.731674
v -78.602310 -13.404892 -121.328651
v -77.284981 -12.066679 -131.366531
v -77.348640 -4.575797 -134.942184
v -75.351746 16.176321 -112.052704
v -75.717117 22.806530 -111.929703
v -77.783661 -0.374103 -138.316238
v -77.939293 34.931278 -118.424187
v -76.969017 32.801361 -115.820244
v -83.078171 30.278711 -145.372040
v -78.458076 35.899071 -121.874626
v -79.294426 37.226727 -125.772423
v -77.740189 -15.500822 -126.538635
v -79.523735 9.175128 -143.769897
v -75.988289 28.160669 -112.968529
v -78.696136 4.750619 -141.393204
v -77.529007 22.331678 -146.284515
v -76.404327 38.130428 -137.244598
v -75.576729 15.424442 -146.443680
v -73.816521 7.455634 -110.572601
v -77.868546 33.939259 -143.366714
v -73.765388 -10.485015 -116.457741
v -72.595253 -9.689997 -129.987198
v -75.558136 28.185160 -107.365776
v -76.710983 40.063217 -117.499382
v -76.567314 40.982800 -126.897072
v -74.091293 8.729499 -144.650543
v -76.091675 39.785538 -132.019318
v -73.412048 -5.103092 -114.400543
v -76.913620 36.262920 -140.544388
v -74.818054 -13.325997 -119.460274
v -72.658913 -4.289437 -134.390442
v -73.914749 18.090218 -107.553276
v -73.009048 -0.915252 -139.302994
v -76.279762 37.791340 -113.922203
v -78.017082 29.175367 -145.043121
v -76.671677 41.013027 -121.862038
v -73.035789 -13.798580 -125.265121
v -76.178810 34.735081 -109.674751
v -73.656273 3.869886 -142.040421
v 22.628740 123.701492 -49.461720
v 43.169891 108.591949 -50.612259
v 35.448807 112.092789 -44.444748
v 51.025311 101.101700 -56.183758
v 59.100655 88.995827 -62.562958
v 68.779099 63.501331 -77.861275
v 64.599815 77.022972 -70.389519
v 67.536438 79.065269 -79.909149
v 4.302348 -86.968529 -53.664268
v 10.736397 -85.730034 -54.766430
v 65.913574 -24.680416 -121.511307
v 56.918579 -43.532993 -105.288834
v 52.919773 -53.710461 -100.157104
v 48.897278 -61.031303 -94.702873
v 44.004120 -66.461327 -88.121826
v 33.216843 -74.771843 -74.555939
v 5.798524 -87.597824 -58.113354
v 63.081886 -51.920097 -120.861359
v 12.845156 -86.161789 -60.339340
v 68.025948 -43.775799 -130.232727
v 66.484711 -62.194199 -124.487114
v 71.471619 -53.371643 -134.725189
v 69.098999 -75.933609 -128.221405
v 72.871483 -65.896553 -140.352997
v 71.236328 -85.892448 -132.767059
v 74.727913 -73.924385 -146.613434
v 72.605865 -95.707146 -138.252579
v 78.197456 -81.860802 -152.236862
v 78.261116 -102.274895 -143.663773
v 83.661728 -88.449806 -157.393448
v 53.881119 -65.770546 -108.501823
v 58.777531 -59.316238 -113.648933
v 56.682949 -74.713043 -110.538414
v 61.890247 -69.342010 -116.608673
v 58.929337 -88.571960 -111.762321
v 63.819740 -83.909744 -118.818527
v 60.393368 -101.468498 -115.408714
v 65.363152 -95.291374 -122.411354
v 62.939934 -112.651733 -119.886246
v 68.054070 -105.723251 -127.249748
v 67.714539 -121.638565 -125.626381
v 73.221252 -113.256531 -133.350632
v 48.394646 -70.315628 -103.687050
v 54.175877 -105.479187 -110.124825
v 56.648060 -117.755211 -114.273422
v 61.857693 -127.697052 -120.066612
v 6.960792 -89.959175 -70.752304
v 14.073565 -88.297478 -71.141411
v 31.956152 -79.689484 -87.302299
v 6.346559 -92.521828 -80.956207
v 13.228586 -92.149994 -82.038811
v 31.013027 -86.593529 -93.285141
v 5.540990 -106.651466 -87.698936
v 11.910084 -106.167503 -88.544365
v 32.298096 -101.053513 -96.217979
v 5.729531 -121.797729 -88.957405
v 24.838570 -116.524467 -96.808975
v 11.713707 -120.620018 -90.294289
v 31.798887 -114.126541 -99.928383
v 5.909906 -135.410629 -93.901772
v 27.957983 -129.957047 -99.514587
v 13.432565 -134.041962 -94.559608
v 24.753689 -145.044754 -96.883247
v 35.300266 -127.506012 -101.997383
v 8.392702 -148.864471 -90.591377
v 33.093338 -142.551407 -99.588860
v 16.732347 -147.188004 -93.806274
v 20.573254 -132.057785 -97.148506
v 41.008575 -139.824524 -103.228165
v 18.249611 -118.508545 -93.381874
v 72.711967 -43.186478 -149.881393
v 74.568756 -54.157490 -156.480957
v 79.003838 -59.780865 -164.343140
v 84.224075 -63.038280 -173.616501
v 93.104843 -65.499863 -183.356689
v 70.589920 -33.743393 -167.940018
v 71.990471 -43.950439 -173.733215
v 75.852592 -48.841728 -181.892487
v 82.070190 -50.953201 -191.929764
v 87.194939 -54.327286 -202.932587
v 63.311295 -27.409079 -185.425690
v 65.348457 -37.297794 -189.935043
v 69.422791 -42.178555 -197.128784
v 75.788933 -45.520767 -206.147491
v 81.019783 -51.122990 -217.213959
v 52.350918 -24.777710 -199.484253
v 54.526016 -35.271221 -202.624893
v 57.878849 -41.329697 -210.306702
v 63.353729 -47.950470 -219.367859
v 67.916138 -54.454582 -230.243347
v 37.878555 -28.257839 -207.569260
v 38.356014 -39.780624 -212.662170
v 39.958160 -48.088390 -220.481918
v 44.265919 -58.422840 -228.089462
v 49.008694 -64.714645 -237.002075
v 23.735104 -33.287144 -210.105103
v 23.671444 -45.191807 -217.203354
v 24.435381 -55.929379 -223.208740
v 27.130383 -67.844666 -229.256592
v 31.798887 -78.635262 -235.272583
v 72.017120 8.493865 -105.671707
v 77.359245 56.910557 -138.252579
v 56.467690 122.842461 -180.842087
v 46.557728 131.235123 -185.680359
v 74.791565 84.412201 -152.884094
v 71.841927 96.423111 -162.539413
v 76.574188 46.109234 -134.210114
v 70.337440 -13.354527 -111.785431
v 72.151024 24.035770 -94.861458
v 70.804924 11.294473 -97.236282
v 68.060242 -12.854071 -100.693115
v 73.043404 35.323368 -91.514603
v 71.513527 47.692783 -84.605637
v 77.015892 48.866543 -127.742928
v 76.574089 42.650253 -140.533768
v 77.210709 35.679474 -146.634659
v 72.404266 14.342146 -150.719604
v 75.237206 22.777306 -151.059128
v 65.369682 117.898064 -147.547150
v 44.085545 141.527069 -153.902695
v 54.303200 133.622528 -151.006088
v 35.289658 141.187714 -95.769188
v 67.585037 -20.155853 -130.845535
v 69.560722 -34.358810 -144.385284
v 68.319321 -23.759157 -163.791412
v 62.260880 -19.695383 -182.868622
v 51.947727 -17.859850 -195.696396
v 38.706150 -20.310804 -203.399445
v 24.647585 -24.098644 -206.232361
v 33.422794 -74.268875 -67.480408
v 44.482018 -65.149269 -80.633301
v 50.265175 -59.644878 -86.125175
v 55.064552 -52.992134 -92.007263
v 59.469109 -41.425655 -97.255943
v 62.841324 -32.937466 -110.501884
v 64.487663 -25.949657 -99.700310
v 20.410666 -83.327560 -63.016644
v 27.358160 -79.147102 -67.913033
v 18.798191 -83.159645 -57.213116
v 26.980032 -79.791992 -61.337269
v 26.671076 -82.280029 -81.084816
v 25.320436 -89.323883 -88.731972
v 19.543659 -90.756950 -84.776978
v 20.530834 -85.531494 -75.476891
v 42.397564 -73.616936 -98.915359
v 46.876038 -108.768379 -105.742790
v 49.602867 -121.436996 -109.933838
v 55.258121 -132.248840 -114.368919
v 68.161247 -13.714756 -120.255127
v 68.818008 -16.077332 -138.528442
v 71.428131 8.389915 -154.560516
v 66.048737 9.557005 -174.274323
v 60.096390 11.944211 -187.367371
v 51.056469 14.257347 -199.738892
v 39.374596 14.660476 -210.327911
v 28.849241 15.191100 -216.895660
v 72.818069 16.283926 -156.841705
v 69.210587 18.946968 -176.173569
v 61.146801 21.578438 -190.168472
v 52.297867 25.451071 -204.237640
v 40.552334 27.117016 -213.139633
v 30.621151 27.976294 -220.481918
v 74.993164 24.835655 -157.966400
v 70.027573 30.979128 -179.208099
v 62.526134 35.011028 -193.192383
v 52.234207 39.255016 -206.423355
v 41.910442 42.098579 -215.972565
v 32.212685 43.276398 -223.442169
v 77.242538 41.175552 -153.658630
v 70.844566 55.531170 -177.658997
v 63.746311 63.446430 -192.884689
v 54.727612 69.876266 -207.081192
v 45.496704 73.801918 -215.601212
v 36.743259 77.229126 -221.808197
v 77.189484 51.764584 -145.467529
v 74.855232 75.754227 -165.043427
v 68.223839 87.054192 -177.393738
v 61.231686 97.155098 -190.306396
v 51.141354 105.919113 -200.513474
v 42.016548 113.855629 -207.017548
v 38.716763 144.582932 -120.862396
v 51.109520 136.190262 -121.159492
v 48.096214 133.537750 -97.053024
v 62.743763 93.130142 -71.785309
v 62.133553 122.927467 -123.079941
v 70.133675 104.359428 -123.865097
v 54.533363 105.435837 -64.304909
v 71.428131 103.107536 -143.515274
v 73.889702 89.834015 -137.149109
v 76.412697 60.676994 -130.127594
v 46.053402 112.049332 -57.704884
v 35.046337 120.959785 -52.116379
v 26.287466 116.190582 -41.462769
v 13.620998 117.572243 -38.796619
v 67.375015 103.478897 -107.472282
v 59.290012 121.717873 -100.798439
v 72.563423 89.632446 -122.973839
v 70.600952 88.263763 -111.154068
v 6.711848 -88.615211 -63.819668
v 13.861379 -87.092514 -65.991898
v 68.836220 -25.760286 -137.403488
v 20.810913 -83.551231 -68.783630
v 27.246977 -79.746506 -74.980682
v 33.060986 -75.908913 -81.154320
v 65.412292 -33.249424 -127.166306
v 60.401470 -41.399189 -117.728920
v 56.299965 -50.907879 -110.704155
v 47.401417 -64.624725 -100.454529
v 42.739727 -68.983894 -94.554733
v 51.991505 -58.575462 -105.396103
v 70.239777 -19.069437 -147.823013
v 70.653580 9.100854 -162.539413
v 72.446709 17.461540 -165.054031
v 74.292885 28.124842 -166.762283
v 76.075409 47.658409 -164.205215
v 76.531654 63.191845 -153.435822
v 75.088654 73.897446 -132.745865
v 57.718323 115.233604 -84.443298
v 65.005630 100.218689 -93.276375
v 69.081909 85.669556 -100.024986
v 45.874836 126.483459 -77.795685
v 10.364745 124.805519 -47.590126
v 33.476986 133.358261 -74.499969
v 6.896658 -36.724873 -206.306641
v 6.864827 -52.077896 -209.139587
v 8.689789 138.917068 -70.866959
v 18.090458 122.534851 -212.853165
v 13.655380 81.579361 -229.882599
v 7.246796 -27.610645 -204.746933
v 13.262801 151.967560 -118.687302
v 18.918056 150.577652 -155.579117
v 11.957743 44.539005 -232.566986
v 10.833057 28.390150 -230.116013
v 9.464336 15.838293 -224.619919
v 9.527998 147.819107 -92.013161
v 8.031954 -74.613983 -223.505829
v 8.456364 -63.589951 -217.882416
v 8.360871 -90.264091 -231.357407
v 50.898251 -78.590134 -105.478958
v 44.084732 -81.562218 -101.323883
v 54.416492 -92.367813 -105.842987
v 46.486637 -96.001923 -102.588692
v 24.747402 -103.496109 -92.601631
v 18.192617 -104.986847 -90.079948
v 14.461758 -35.960911 -208.566620
v 18.302664 -86.338333 -232.216843
v 22.143570 146.047119 -93.795685
v 15.321187 -25.870632 -205.776123
v 19.618334 15.583706 -222.031021
v 14.472368 -60.831291 -220.885101
v 26.016306 79.743828 -226.264496
v 23.013609 44.167648 -228.322876
v 21.241699 27.997543 -225.627884
v 32.021702 119.585243 -211.654221
v 30.706032 147.628052 -155.494217
v 15.894140 -73.446892 -226.657074
v 25.666168 149.219528 -119.536118
v 14.366265 -49.223709 -214.327988
v 20.127253 137.317612 -70.899422
v 48.138653 -136.365646 -108.766716
v 42.387905 -124.895889 -105.530594
v 39.321545 -111.484543 -102.867424
v 39.294792 -98.655853 -99.386528
v 37.407982 -83.827354 -97.503098
v 37.176826 -76.858261 -93.121353
v 37.721687 -72.584732 -87.672356
v 38.692371 -70.502060 -81.172279
v 38.941761 -69.352036 -74.504448
v 71.913445 -4.466222 -109.651459
v 69.763603 -1.100479 -99.482178
v 8.403313 -3.291941 -215.091919
v 17.241638 -4.045380 -211.346497
v 25.782881 -5.307992 -205.256226
v 39.639851 -3.419234 -201.341049
v 51.841629 -2.761517 -194.232193
v 61.157413 -3.504230 -184.290405
v 67.194641 -5.552053 -170.635010
v 69.963913 -4.692569 -156.894760
v 71.640327 -3.589021 -148.990128
v 70.430763 -9.987082 -144.608109
v 69.900253 -11.907515 -153.319107
v 61.560600 -11.514911 -183.579514
v 51.926510 -10.453862 -193.468262
v 39.491310 -11.525537 -200.524063
v 26.324003 -13.573362 -204.184601
v 16.424650 -12.671480 -205.861023
v 7.851580 -11.451266 -209.309341
v 67.587219 -13.456588 -168.682739
v 66.027512 112.073112 -171.918869
v 76.128456 69.239601 -144.013931
v 20.117014 139.967377 -189.988113
v 33.156998 137.102768 -189.531876
v 76.680191 39.286793 -144.300415
v 38.875919 94.120697 -219.113190
v 47.364105 91.033073 -210.571960
v 72.192062 65.695824 -172.173508
v 77.200096 46.798927 -150.210312
v 57.751526 84.698761 -200.895416
v 65.242355 75.658707 -186.242676
v 76.754463 55.828259 -159.897461
v 15.872919 101.664398 -225.935593
v 28.329340 97.908539 -223.251190
v 76.913620 30.480478 -149.403931
v 70.409538 43.891815 -180.237289
v 76.712021 34.830513 -156.555237
v 43.809677 57.504723 -217.468613
v 53.602921 54.332302 -208.375641
v 62.865662 49.599983 -195.027954
v 34.186192 59.913177 -224.259155
v 75.003777 38.851894 -166.592514
v 12.700459 62.714237 -232.047073
v 24.552094 61.738186 -228.853394
v 71.887093 62.880867 -89.064392
v 73.851387 75.138580 -122.603058
v 72.747719 74.094215 -113.563774
v 72.359421 71.382118 -104.313789
v 74.041519 45.807030 -95.643539
v 75.651482 61.894657 -122.829659
v 74.921173 61.339916 -115.956367
v 74.491196 58.335945 -108.148590
v 74.334229 33.024353 -102.016731
v 76.733009 49.648201 -122.043480
v 76.227310 49.146084 -116.608307
v 75.673386 46.876644 -111.233978
v 68.060959 -14.485426 -126.909531
v 68.913498 -11.578553 -133.732605
v 71.205307 8.506684 -148.894638
v 70.038185 -3.344958 -142.952911
v 68.786179 -7.546651 -139.090775
v 73.053337 20.534691 -102.676300
v 76.545212 7.030722 -115.646835
v 84.694794 44.804073 -131.505692
v 79.129913 -8.904400 -120.055992
v 83.161163 39.115326 -124.935280
v 84.521156 44.698078 -138.475388
v 85.614014 36.910110 -146.730148
v 83.926987 16.909870 -150.390686
v 85.210823 24.177938 -151.770020
v 81.815544 -11.918135 -123.440681
v 76.234558 -4.406004 -117.721764
v 85.072891 41.133053 -143.143890
v 85.783775 31.615597 -149.488815
v 76.269356 20.925325 -115.365479
v 81.107956 35.081913 -121.566833
v 79.198990 32.125015 -119.086006
v 77.927399 29.255436 -116.966766
v 80.966728 -14.517633 -128.788239
v 80.552933 -10.517608 -133.127823
v 82.261177 9.525234 -147.918503
v 82.123245 -0.522647 -141.997986
v 81.688225 -4.437980 -138.284409
v 76.151482 15.306125 -115.154343
v 77.656334 7.445639 -118.464478
v 86.784164 42.448647 -130.805130
v 79.237267 -6.963205 -121.944633
v 84.878937 36.845211 -125.129616
v 87.385925 42.735252 -137.042999
v 89.539803 34.873013 -144.990067
v 87.460197 16.389971 -150.348236
v 88.351456 22.639490 -150.093597
v 82.558266 -9.796041 -125.159538
v 77.582062 -1.764211 -119.536110
v 88.945633 39.191475 -141.860062
v 89.752007 30.013601 -147.218216
v 77.291763 19.529240 -118.353065
v 83.094780 32.812206 -122.016167
v 81.336380 28.642004 -120.122841
v 79.509384 25.883673 -119.301178
v 82.494606 -11.525532 -128.926178
v 82.696198 -8.130300 -134.125198
v 85.783775 9.281171 -147.812393
v 84.892517 -0.172539 -141.117340
v 84.637871 -2.941828 -138.104034
v 77.317917 15.084283 -117.665215
v 79.109940 8.007833 -120.406151
v 85.893265 37.599773 -130.487000
v 78.696136 -4.522774 -122.910172
v 83.623367 33.609447 -125.691109
v 85.985374 38.650330 -135.568176
v 87.417755 32.835915 -142.411789
v 87.799721 15.679029 -147.483475
v 87.343483 22.045319 -146.889313
v 81.539680 -6.114246 -126.220566
v 78.017082 -0.130039 -120.469818
v 86.823586 36.676773 -139.472748
v 87.619354 28.485676 -144.735428
v 77.628189 18.776772 -120.407333
v 82.819214 29.895449 -123.350410
v 81.541252 26.521317 -121.668869
v 80.444565 24.165829 -120.974472
v 82.876572 -6.156745 -129.594620
v 84.192245 -4.384756 -133.711395
v 87.322258 10.565033 -146.167816
v 85.518524 2.479980 -140.597443
v 85.210823 -1.159315 -136.523102
v 77.756538 14.861913 -119.944420
v 78.282341 10.151179 -124.289497
v 81.699287 34.926037 -131.875992
v 77.327415 0.167046 -123.164810
v 79.394424 31.710499 -127.136002
v 82.261177 35.753746 -136.024429
v 84.616646 30.384958 -140.417053
v 87.396530 14.055787 -144.300415
v 87.205544 19.520094 -143.610748
v 80.860626 -1.859529 -125.849197
v 75.640388 3.381761 -122.103790
v 83.226707 33.546856 -138.263184
v 85.900490 26.204514 -141.796387
v 77.372078 17.450928 -122.553780
v 80.794472 28.028790 -124.942940
v 81.435455 25.004749 -123.391701
v 80.680161 22.543497 -123.033905
v 81.497238 -2.061297 -128.682144
v 82.102020 0.676220 -131.843994
v 86.781143 11.785148 -143.748672
v 84.171021 6.140526 -139.356033
v 82.314232 2.936132 -135.366592
v 77.125824 14.225580 -122.538811
v 74.643028 12.453591 -124.416824
v 81.104668 25.790661 -131.536285
v 72.425484 3.127174 -125.902252
v 79.290665 25.153992 -128.989960
v 82.293007 26.066496 -133.371857
v 85.200211 24.337006 -136.798965
v 85.667068 15.530488 -140.629272
v 85.730728 18.066439 -140.236694
v 77.560844 1.991855 -127.642334
v 72.075356 6.002507 -124.650246
v 83.566238 25.673891 -135.069504
v 86.102081 21.769485 -138.570877
v 77.093994 16.549240 -124.384995
v 79.393448 24.326441 -127.231178
v 80.087257 23.159309 -126.001778
v 79.624390 20.570387 -125.214378
v 79.407021 2.724045 -129.297531
v 78.855293 3.891136 -132.798904
v 84.945572 12.846196 -140.968796
v 81.635178 8.061057 -137.541687
v 79.481293 5.344791 -135.069504
v 75.873817 14.575687 -124.119736
v 77.698776 17.217684 -126.528259
v 78.070129 12.729426 -139.260544
v 80.033028 10.999936 -139.950211
v 78.271729 17.917898 -125.339912
v 75.290253 14.596937 -125.255028
v 76.457382 6.352816 -136.194183
v 78.271729 8.676275 -138.602707
v 81.221375 13.450891 -140.332184
v 74.462654 5.779693 -134.432892
v 73.093933 5.334065 -132.491211
v 79.194824 19.657911 -126.263008
v 78.941422 21.599691 -126.762146
v 79.640450 22.713762 -128.119797
v 76.839348 16.071638 -125.350525
v 84.202850 20.220310 -137.223373
v 83.163048 22.268135 -134.050919
v 71.491791 8.432415 -126.347885
v 72.329994 5.153749 -130.284286
v 83.014503 17.578312 -139.334824
v 82.314232 15.307673 -140.141190
v 83.842102 21.673964 -135.759171
v 82.293007 22.543970 -132.438156
v 8.870163 5.599371 -220.312164
v 18.154119 5.015724 -216.280273
v 27.427467 4.549049 -211.176743
v 56.676708 111.343712 -74.043304
v 44.979027 122.239723 -66.117195
v 39.576195 5.100722 -204.821198
v 64.180122 96.016579 -82.170341
v 68.658554 81.408180 -89.415611
v 51.491489 5.440307 -196.386063
v 32.301212 128.036179 -62.711689
v 8.271432 131.648895 -57.062489
v 60.404087 3.848634 -185.457520
v 70.239777 2.076849 -159.335114
v 71.290192 2.586024 -151.716965
v 19.384201 130.482239 -58.995060
v 66.101784 1.588722 -171.823364
v 72.192390 68.006218 -96.548157
v 74.039230 54.203030 -100.954384
v 75.093391 42.257385 -106.502434
v 70.388321 2.490503 -146.040482
v 76.940475 25.328987 -115.725121
v 82.324844 4.665622 -145.265945
v 77.670403 23.157187 -118.749062
v 85.804993 5.493332 -145.181061
v 78.870697 21.768459 -120.824921
v 86.621986 6.161775 -143.409149
v 79.228500 20.113979 -122.709244
v 85.720116 8.453461 -141.838837
v 78.719025 18.512064 -124.608398
v 83.396469 10.639305 -139.801666
v 80.064857 22.915327 -129.424850
v 71.640327 6.267820 -127.589287
v 81.518463 22.894077 -131.069443
v 73.741158 12.793175 -125.817368
v 78.298820 28.071716 -128.507416
v 76.149681 14.554438 -123.493729
v 75.544891 12.082234 -123.843872
v 84.351395 7.954811 -137.743286
v 82.346062 5.419062 -134.103973
v 80.489937 24.188194 -125.096184
v 78.799644 26.214724 -126.223389
v 72.913559 4.739895 -123.323967
v 85.369980 27.339834 -138.199524
v 86.791748 23.912626 -140.183640
v 81.072830 2.554252 -128.544205
v 79.481293 1.801016 -126.846565
v 76.936264 16.803825 -123.717056
v 80.177193 21.387270 -124.454338
v 83.056946 29.727041 -136.141129
v 82.155075 30.352985 -134.167633
v 87.523857 15.148608 -142.401169
v 87.301041 18.734880 -142.029816
v 87.916435 12.676404 -141.966156
v 81.709450 3.997181 -131.408966
v 73.337967 2.098101 -124.501709
v 81.104668 30.119648 -131.663620
v 78.980713 19.042433 -123.857452
v 86.781143 10.193677 -140.215469
v 75.661606 10.766599 -136.905075
v 75.024994 13.684431 -128.045532
v 76.722633 17.525291 -128.862503
v 76.011749 19.042492 -129.828049
v 80.542320 21.281359 -132.660980
v 83.025116 1.408409 -135.684891
v 77.444420 14.246830 -121.859856
v 82.421135 36.814789 -131.960983
v 78.377831 21.705736 -129.403625
v 76.680191 15.753304 -126.422157
v 83.576851 35.106552 -139.302994
v 80.726181 23.200867 -122.058830
v 79.576790 9.610031 -122.740402
v 80.542320 -3.971102 -126.538864
v 73.804817 8.124602 -135.515137
v 72.669525 7.297095 -133.340027
v 81.412361 19.286554 -136.268463
v 81.231987 20.825005 -133.923599
v 77.284981 17.886126 -138.072205
v 80.743912 21.514696 -131.642395
v 73.306137 12.570361 -127.737823
v 77.030334 16.920597 -138.432953
v 77.688164 19.329054 -135.430252
v 74.865837 14.172558 -126.920837
v 75.460014 9.058357 -136.936905
v 77.062164 10.830144 -138.358673
v 78.452103 14.618185 -139.706177
v 78.101959 18.851652 -127.366470
v 77.910980 20.559895 -128.289551
v 77.115211 18.798428 -136.745926
v 78.123184 19.965723 -134.072144
v 74.462654 9.663052 -136.194183
v 73.656273 9.047631 -134.379837
v 85.667068 7.381889 -142.804367
v 79.546280 20.983685 -121.754051
v 72.287552 11.074208 -128.406265
v 72.414879 7.360641 -130.464661
v 80.255844 17.451021 -138.549652
v 73.178818 11.350044 -129.520340
v 72.605865 9.440239 -132.374496
v 79.491905 15.933820 -139.525803
v 81.698837 20.135515 -135.143768
v 78.176231 20.358330 -132.851959
v 76.775681 16.432470 -127.971252
v 77.147041 14.183081 -138.528442
v 79.502518 21.695213 -130.103912
v 72.011688 9.270447 -129.095932
v 78.844681 20.729685 -131.939484
v 73.804817 12.527863 -128.756409
v 84.988014 27.286812 -144.066986
v 82.077606 29.047012 -124.061859
v 78.441490 -1.859529 -123.069321
v 76.924225 15.848823 -138.655762
v 76.595314 12.400568 -137.775116
v 82.791687 -1.339630 -132.905014
v 86.441612 19.933746 -145.223495
v 82.473389 37.504284 -136.289673
v 77.826439 18.108665 -121.573441
v 76.977280 20.517395 -130.401001
v 76.170898 15.053089 -127.769653
v 78.271729 21.037294 -130.729919
v 72.849892 10.384517 -130.676865
v 84.712143 31.838409 -141.913101
v 81.847382 -3.833083 -129.488510
v 86.675034 10.925665 -144.597488
v 86.866020 14.066309 -145.669128
v 81.535011 25.354605 -122.699753
v 84.117973 4.273016 -139.939606
v 81.616623 32.474384 -126.670563
v 76.552872 1.503931 -121.424736
v 74.908279 18.713634 -133.074783
v 75.300865 15.519966 -132.204742
v 74.292885 16.994869 -132.756470
v 75.131096 13.641932 -131.122498
v 74.239838 12.432343 -130.485886
v 75.788933 15.031839 -129.499130
v 75.194763 16.241430 -136.289673
v 75.714661 14.830274 -136.257843
v 75.226593 17.970921 -136.003204
v 76.298225 13.122032 -136.724701
v 75.300865 11.413791 -135.759171
v 74.876450 12.941716 -133.021729
v 73.826042 11.403269 -131.928864
v 74.887062 17.832901 -130.973953
v 75.597946 16.602262 -130.241837
v 75.725273 19.339577 -131.589340
v 75.162933 13.323598 -129.032272
v 74.908279 18.416548 -134.666306
v 75.279640 14.883296 -133.976639
v 74.377769 16.464243 -134.528381
v 75.810158 17.642061 -137.276428
v 76.319443 14.692456 -137.700836
v 75.863205 16.241430 -137.637177
v 75.364525 12.771925 -134.920959
v 74.017029 10.936391 -133.477966
v 76.521042 14.342148 -123.101158
v 82.674973 4.304992 -134.687531
v 79.075409 27.615061 -125.554855
v 86.420387 25.334507 -140.979401
v 81.476021 0.432157 -125.997749
v 80.520218 21.907038 -123.769348
v 83.046341 32.199245 -137.414368
v 87.534470 14.140582 -143.366714
v 87.385925 12.029212 -143.037796
v 77.974289 30.066301 -127.985481
v 77.019722 10.724101 -124.353165
v 84.701530 7.381889 -138.687592
v 80.855194 24.835138 -124.160370
v 74.706688 4.358015 -122.570641
v 84.860687 29.482977 -139.398483
v 82.452164 0.771740 -127.865150
v 77.194908 17.111406 -123.156082
v 82.006531 34.077278 -135.207428
v 87.534470 18.862175 -143.005951
v 82.685585 2.437482 -131.111877
v 75.428185 1.482682 -123.812042
v 81.412361 32.835915 -131.971313
v 79.126839 19.519964 -123.414566
v 86.314293 9.143152 -141.085510
v 82.197517 23.509497 -146.815033
v 80.701469 41.451389 -137.064224
v 79.734512 40.199234 -131.985046
v 80.860626 15.848822 -146.634659
v 75.697563 6.608194 -113.614334
v 74.948898 -5.222424 -116.512161
v 81.635178 38.406265 -141.191605
v 82.473389 35.127602 -143.122665
v 77.164635 -10.570321 -117.731674
v 78.602310 -13.404892 -121.328651
v 77.284981 -12.066679 -131.366531
v 77.348640 -4.575797 -134.942184
v 75.351746 16.176321 -112.052704
v 75.717117 22.806530 -111.929703
v 77.783661 -0.374103 -138.316238
v 77.939293 34.931278 -118.424187
v 76.969017 32.801361 -115.820244
v 83.078171 30.278711 -145.372040
v 78.458076 35.899071 -121.874626
v 79.294426 37.226727 -125.772423
v 77.740189 -15.500822 -126.538635
v 79.523735 9.175128 -143.769897
v 75.988289 28.160669 -112.968529
v 78.696136 4.750619 -141.393204
v 77.529007 22.331678 -146.284515
v 76.404327 38.130428 -137.244598
v 75.576729 15.424442 -146.443680
v 73.816521 7.455634 -110.572601
v 77.868546 33.939259 -143.366714
v 73.765388 -10.485015 -116.457741
v 72.595253 -9.689997 -129.987198
v 75.558136 28.185160 -107.365776
v 76.710983 40.063217 -117.499382
v 76.567314 40.982800 -126.897072
v 74.091293 8.729499 -144.650543
v 76.091675 39.785538 -132.019318
v 73.412048 -5.103092 -114.400543
v 76.913620 36.262920 -140.544388
v 74.818054 -13.325997 -119.460274
v 72.658913 -4.289437 -134.390442
v 73.914749 18.090218 -107.553276
v 73.009048 -0.915252 -139.302994
v 76.279762 37.791340 -113.922203
v 78.017082 29.175367 -145.043121
v 76.671677 41.013027 -121.862038
v 73.035789 -13.798580 -125.265121
v 76.178810 34.735081 -109.674751
v 73.656273 3.869886 -142.040421
vn -0.9550 -0.2200 0.1989
vn -0.9490 -0.2435 0.2004
vn -0.9221 -0.2683 0.2787
vn -0.9729 -0.1940 0.1261
vn -0.9700 -0.2121 0.1187
vn -0.9588 -0.2083 0.1931
vn -0.9745 -0.1835 0.1293
vn -0.9302 -0.2501 0.2687
vn -0.9313 -0.2314 0.2813
vn 0.9450 -0.2421 0.2200
vn 0.9688 -0.2087 0.1340
vn 0.9716 -0.1929 0.1372
vn 0.9381 -0.2641 0.2242
vn 0.9655 -0.2284 0.1248
vn 0.9134 -0.2767 0.2987
vn 0.9060 -0.2894 0.3089
vn 0.9511 -0.2241 0.2126
vn 0.9163 -0.2561 0.3078
vn -0.9593 -0.1296 0.2510
vn -0.9579 -0.1698 0.2314
vn -0.9307 -0.2007 0.3059
vn -0.9713 -0.1069 0.2123
vn -0.9734 -0.1559 0.1678
vn -0.9555 -0.0605 0.2889
vn -0.9652 -0.0524 0.2561
vn -0.9320 -0.1667 0.3219
vn -0.9357 -0.1014 0.3380
vn 0.9561 -0.1354 0.2599
vn 0.9692 -0.1073 0.2215
vn 0.9649 -0.0504 0.2578
vn 0.9525 -0.1797 0.2459
vn 0.9714 -0.1613 0.1745
vn 0.9272 -0.1796 0.3288
vn 0.9220 -0.2206 0.3182
vn 0.9538 -0.0637 0.2937
vn 0.9348 -0.1109 0.3374
vn -0.9827 -0.1757 0.0587
vn -0.9830 -0.1687 0.0719
vn -0.9852 -0.1667 0.0388
vn -0.9801 -0.1926 0.0474
vn -0.9846 -0.1730 0.0261
vn -0.9837 -0.1798 0.0054
vn 0.9811 -0.1871 0.0496
vn 0.9822 -0.1734 0.0722
vn 0.9828 -0.1845 -0.0046
vn 0.9839 -0.1768 0.0258
vn 0.9781 -0.2060 0.0315
vn 0.9799 -0.1969 -0.0318
vn -0.9826 -0.1618 0.0916
vn -0.9850 -0.1566 0.0717
vn -0.9824 -0.1429 0.1199
vn -0.9846 -0.1255 0.1214
vn -0.9743 -0.1748 0.1420
vn 0.9816 -0.1672 0.0926
vn 0.9836 -0.1621 0.0788
vn 0.9850 -0.1179 0.1256
vn 0.9722 -0.1818 0.1477
vn 0.9826 -0.1441 0.1168
vn -0.8928 -0.2681 0.3618
vn -0.8897 -0.2756 0.3640
vn -0.8425 -0.2889 0.4547
vn -0.8984 -0.2518 0.3599
vn -0.8503 -0.2867 0.4413
vn -0.8571 -0.2755 0.4353
vn 0.8748 -0.2934 0.3855
vn 0.8736 -0.2950 0.3869
vn 0.8377 -0.3079 0.4510
vn 0.8317 -0.3058 0.4633
vn 0.8797 -0.2809 0.3836
vn 0.8425 -0.3011 0.4467
vn -0.9256 0.0650 0.3730
vn -0.9181 0.0683 0.3904
vn -0.9259 0.0654 0.3720
vn -0.9106 0.0746 0.4066
vn -0.9084 0.0694 0.4122
vn -0.9351 0.0556 0.3499
vn -0.9121 0.0626 0.4052
vn -0.9334 0.0532 0.3549
vn -0.9504 0.0260 0.3101
vn 0.9238 0.0528 0.3793
vn 0.9088 0.0647 0.4123
vn 0.9135 0.0570 0.4027
vn 0.9156 0.0544 0.3985
vn 0.9076 0.0550 0.4162
vn 0.9388 0.0398 0.3421
vn 0.9278 0.0508 0.3696
vn 0.9350 0.0444 0.3520
vn 0.9523 0.0171 0.3046
vn -0.7557 -0.6423 0.1281
vn -0.7494 -0.6436 0.1554
vn -0.7348 -0.6608 0.1531
vn -0.7865 -0.6115 0.0862
vn -0.7928 -0.5927 0.1419
vn -0.7770 -0.6083 0.1617
vn -0.8072 -0.5769 0.1246
vn -0.7427 -0.6493 0.1634
vn -0.7604 -0.6107 0.2210
vn 0.7547 -0.6343 0.1677
vn 0.7880 -0.6005 0.1358
vn 0.8018 -0.5770 0.1557
vn 0.7747 -0.5903 0.2268
vn 0.7851 -0.5790 0.2198
vn 0.7337 -0.6564 0.1758
vn 0.7459 -0.6183 0.2478
vn 0.7728 -0.6084 0.1808
vn 0.7535 -0.6162 0.2292
vn -0.8902 -0.2022 0.4082
vn -0.8846 -0.2303 0.4055
vn -0.8337 -0.2301 0.5019
vn -0.8970 -0.1569 0.4133
vn -0.8362 -0.2099 0.5066
vn -0.8346 -0.1343 0.5343
vn 0.8837 -0.2238 0.4112
vn 0.8745 -0.2572 0.4111
vn 0.8313 -0.2376 0.5025
vn 0.8267 -0.2639 0.4969
vn 0.8948 -0.1690 0.4133
vn 0.8312 -0.1515 0.5349
vn -0.4451 0.3354 0.8303
vn -0.3596 0.3455 0.8668
vn -0.3626 0.4085 0.8376
vn -0.4470 0.2828 0.8486
vn -0.3873 0.3172 0.8656
vn -0.5331 0.3576 0.7668
vn -0.5333 0.2697 0.8018
vn -0.4546 0.3918 0.7999
vn -0.5484 0.3961 0.7365
vn 0.3916 0.3232 0.8615
vn 0.4198 0.2868 0.8611
vn 0.4805 0.2510 0.8403
vn 0.3172 0.3511 0.8810
vn 0.3561 0.3297 0.8744
vn 0.3832 0.3842 0.8400
vn 0.3046 0.4135 0.8581
vn 0.4607 0.3238 0.8264
vn 0.4793 0.3875 0.7875
vn -0.9852 -0.1680 0.0347
vn -0.9849 -0.1695 0.0354
vn -0.9810 -0.1725 0.0889
vn -0.9852 -0.1667 0.0394
vn -0.9858 -0.1613 0.0476
vn -0.9843 -0.1718 0.0406
vn -0.9848 -0.1643 0.0560
vn -0.9810 -0.1794 0.0735
vn 0.9835 -0.1811 0.0046
vn 0.9846 -0.1737 0.0214
vn 0.9867 -0.1621 0.0127
vn 0.9881 -0.1495 0.0363
vn 0.9821 -0.1865 0.0247
vn 0.9773 -0.1844 0.1043
vn 0.9824 -0.1867 0.0004
vn 0.9799 -0.1982 0.0235
vn -0.2935 0.3568 0.8869
vn -0.1993 0.3837 0.9017
vn -0.1990 0.4389 0.8762
vn -0.3053 0.3329 0.8921
vn -0.2054 0.3367 0.9190
vn -0.2791 0.4253 0.8609
vn 0.2577 0.3733 0.8912
vn 0.2743 0.3484 0.8963
vn 0.1706 0.3984 0.9012
vn 0.1746 0.3449 0.9223
vn 0.2338 0.4364 0.8688
vn 0.1656 0.4507 0.8772
vn -0.2788 0.3038 0.9110
vn -0.1933 0.2918 0.9367
vn -0.2542 0.2651 0.9301
vn -0.1749 0.2511 0.9520
vn -0.3413 0.3186 0.8843
vn -0.3362 0.2623 0.9045
vn 0.2493 0.3110 0.9171
vn 0.1616 0.2983 0.9407
vn 0.1457 0.2499 0.9572
vn 0.3146 0.3237 0.8923
vn 0.2280 0.2637 0.9373
vn 0.3097 0.2620 0.9140
vn -0.4633 0.4386 0.7701
vn -0.4620 0.4590 0.7589
vn -0.5713 0.4086 0.7118
vn -0.3588 0.4812 0.7998
vn -0.3686 0.5408 0.7561
vn -0.5599 0.4085 0.7209
vn 0.3839 0.4408 0.8114
vn 0.2943 0.4793 0.8269
vn 0.3904 0.4664 0.7938
vn 0.3045 0.5441 0.7818
vn 0.4926 0.4115 0.7668
vn 0.5121 0.4204 0.7490
vn -0.9744 -0.0522 0.2186
vn -0.9787 -0.0851 0.1868
vn -0.9629 -0.0097 0.2698
vn -0.9717 -0.0426 0.2323
vn -0.9667 -0.0144 0.2555
vn -0.9818 -0.0742 0.1750
vn 0.9766 -0.0505 0.2090
vn 0.9665 -0.0143 0.2565
vn 0.9808 -0.0789 0.1781
vn 0.9752 -0.0467 0.2164
vn 0.9822 -0.0692 0.1745
vn 0.9670 -0.0160 0.2541
vn -0.8333 -0.5460 0.0863
vn -0.8344 -0.5014 0.2288
vn -0.8708 -0.4860 0.0744
vn -0.8811 -0.4245 0.2084
vn -0.8417 -0.5365 0.0607
vn -0.8729 -0.4876 0.0165
vn 0.8296 -0.5413 0.1373
vn 0.8613 -0.4949 0.1151
vn 0.8660 -0.4964 0.0603
vn 0.8275 -0.4761 0.2978
vn 0.8753 -0.4164 0.2458
vn 0.8363 -0.5389 0.1010
vn -0.9769 -0.0021 0.2138
vn -0.9815 -0.0716 0.1776
vn -0.9913 -0.0187 0.1300
vn -0.9902 -0.0889 0.1074
vn -0.9681 0.0591 0.2433
vn -0.9800 0.0452 0.1938
vn -0.9580 0.0143 0.2863
vn -0.9519 0.0604 0.3004
vn 0.9762 -0.0286 0.2150
vn 0.9839 -0.0557 0.1699
vn 0.9751 0.0212 0.2208
vn 0.9834 -0.0759 0.1648
vn 0.9869 -0.1027 0.1246
vn 0.9601 -0.0022 0.2796
vn 0.9646 0.0308 0.2619
vn 0.9528 0.0369 0.3014
vn -0.7671 -0.0128 0.6414
vn -0.7688 -0.0994 0.6317
vn -0.6844 -0.0597 0.7267
vn -0.8297 -0.0209 0.5579
vn -0.7800 0.0246 0.6254
vn -0.8652 0.0399 0.4999
vn -0.6712 0.0158 0.7411
vn -0.6665 0.0688 0.7423
vn 0.7651 -0.0210 0.6436
vn 0.8276 -0.0285 0.5607
vn 0.8663 0.0357 0.4982
vn 0.7675 -0.1161 0.6304
vn 0.6739 0.0075 0.7388
vn 0.6867 -0.0714 0.7235
vn 0.7823 0.0160 0.6227
vn 0.6701 0.0572 0.7400
vn -0.8896 -0.3447 0.2997
vn -0.8820 -0.3837 0.2737
vn -0.8520 -0.4151 0.3191
vn -0.9223 -0.2955 0.2489
vn -0.9113 -0.3351 0.2393
vn -0.8961 -0.3142 0.3135
vn -0.8560 -0.3881 0.3416
vn -0.8521 -0.3577 0.3820
vn 0.8752 -0.3559 0.3276
vn 0.9076 -0.3135 0.2793
vn 0.8691 -0.3937 0.2994
vn 0.8970 -0.3504 0.2693
vn 0.8440 -0.3924 0.3656
vn 0.8404 -0.4210 0.3413
vn 0.8806 -0.3269 0.3429
vn 0.8397 -0.3632 0.4037
vn -0.9295 0.0905 0.3574
vn -0.9246 0.0852 0.3713
vn -0.9262 0.0948 0.3649
vn -0.9296 0.0856 0.3584
vn -0.9233 0.0814 0.3755
vn -0.9346 0.0937 0.3430
vn -0.9384 0.0829 0.3355
vn -0.9319 0.0983 0.3490
vn -0.9395 0.1089 0.3247
vn 0.9335 0.0821 0.3490
vn 0.9317 0.0737 0.3557
vn 0.9391 0.0721 0.3359
vn 0.9293 0.0740 0.3617
vn 0.9260 0.0675 0.3713
vn 0.9376 0.0951 0.3345
vn 0.9345 0.0889 0.3447
vn 0.9370 0.0879 0.3381
vn 0.9425 0.1071 0.3166
vn -0.9584 -0.1946 0.2088
vn -0.9305 -0.2206 0.2923
vn 0.9517 -0.2084 0.2255
vn 0.9184 -0.2409 0.3138
vn -0.9291 0.1155 0.3515
vn -0.9433 0.1158 0.3112
vn -0.9268 0.1890 0.3244
vn -0.9284 0.1474 0.3410
vn -0.9297 0.1229 0.3473
vn -0.9331 0.1797 0.3116
vn 0.9356 0.1185 0.3327
vn 0.9312 0.1988 0.3055
vn 0.9396 0.1912 0.2839
vn 0.9482 0.1189 0.2946
vn 0.9331 0.1526 0.3255
vn 0.9378 0.1256 0.3235
vn -0.9321 0.0061 0.3621
vn -0.9161 -0.0052 0.4009
vn -0.9438 0.0056 0.3306
vn -0.9001 0.0570 0.4318
vn 0.9330 0.0051 0.3599
vn 0.9194 -0.0111 0.3932
vn 0.9036 0.0542 0.4249
vn 0.9430 0.0074 0.3328
vn -0.6411 0.3917 0.6600
vn -0.6472 0.3980 0.6502
vn -0.6966 0.3801 0.6085
vn -0.6354 0.3838 0.6701
vn -0.6949 0.3745 0.6139
vn -0.6967 0.3606 0.6201
vn 0.5968 0.4039 0.6933
vn 0.6100 0.4106 0.6777
vn 0.6669 0.3939 0.6325
vn 0.6738 0.3990 0.6219
vn 0.5830 0.3915 0.7119
vn 0.6657 0.3708 0.6476
vn -0.8940 -0.2377 0.3798
vn -0.8616 -0.2390 0.4478
vn 0.8791 -0.2664 0.3953
vn 0.8477 -0.2749 0.4536
vn -0.8737 -0.4184 0.2483
vn -0.8645 -0.4620 0.1979
vn -0.8397 -0.4880 0.2382
vn -0.8960 -0.3866 0.2185
vn -0.8919 -0.4281 0.1456
vn -0.8482 -0.4495 0.2804
vn 0.8610 -0.4299 0.2717
vn 0.8826 -0.4012 0.2452
vn 0.8530 -0.4738 0.2190
vn 0.8799 -0.4433 0.1710
vn 0.8371 -0.4569 0.3008
vn 0.8302 -0.4946 0.2573
vn -0.9826 -0.1841 0.0233
vn -0.9817 -0.1905 -0.0092
vn -0.9788 -0.2026 0.0294
vn -0.9794 -0.2006 0.0238
vn 0.9810 -0.1930 -0.0206
vn 0.9760 -0.2120 -0.0491
vn 0.9749 -0.2189 -0.0400
vn 0.9781 -0.2070 -0.0199
vn -0.8185 -0.4111 0.4013
vn -0.7862 -0.4301 0.4437
vn -0.7796 -0.4048 0.4779
vn -0.8214 -0.4418 0.3606
vn -0.7884 -0.4609 0.4075
vn -0.8142 -0.3863 0.4333
vn 0.8104 -0.4124 0.4161
vn 0.8131 -0.4443 0.3763
vn 0.7833 -0.4281 0.4508
vn 0.7863 -0.4570 0.4158
vn 0.8075 -0.3867 0.4455
vn 0.7785 -0.4056 0.4791
vn -0.9474 -0.2620 0.1837
vn -0.9431 -0.2887 0.1648
vn -0.9638 -0.2462 0.1021
vn -0.9562 -0.2863 0.0608
vn 0.9364 -0.2812 0.2101
vn 0.9602 -0.2578 0.1076
vn 0.9321 -0.3086 0.1897
vn 0.9515 -0.2978 0.0767
vn -0.6343 0.3435 0.6926
vn -0.6259 0.2713 0.7311
vn -0.6964 0.3296 0.6375
vn -0.6846 0.2715 0.6765
vn 0.5728 0.3218 0.7539
vn 0.5512 0.2282 0.8025
vn 0.6346 0.2351 0.7363
vn 0.6606 0.3224 0.6780
vn -0.4948 -0.8581 0.1375
vn -0.6272 -0.7653 0.1446
vn -0.6626 -0.7269 0.1803
vn -0.4811 -0.8604 0.1681
vn -0.6119 -0.7584 0.2243
vn -0.3819 -0.9146 0.1329
vn -0.3756 -0.9175 0.1310
vn -0.5132 -0.8446 0.1528
vn -0.3810 -0.9154 0.1299
vn 0.4809 -0.8588 0.1766
vn 0.4663 -0.8626 0.1959
vn 0.3828 -0.9068 0.1768
vn 0.5861 -0.7932 0.1650
vn 0.5635 -0.7990 0.2098
vn 0.5145 -0.8363 0.1896
vn 0.6244 -0.7419 0.2443
vn 0.3854 -0.9068 0.1710
vn 0.3704 -0.9161 0.1535
vn -0.9853 -0.1115 0.1297
vn -0.9858 -0.1456 0.0837
vn -0.9879 -0.1338 0.0786
vn 0.9870 -0.0980 0.1274
vn 0.9872 -0.1315 0.0905
vn 0.9909 -0.1168 0.0665
vn -0.9449 0.0348 0.3255
vn -0.9379 0.0630 0.3410
vn 0.9518 0.0194 0.3060
vn 0.9418 0.0447 0.3331
vn -0.7993 -0.5550 0.2302
vn -0.8273 -0.5316 0.1816
vn -0.8116 -0.5156 0.2748
vn -0.7759 -0.5699 0.2706
vn -0.7841 -0.5273 0.3274
vn 0.7930 -0.5573 0.2459
vn 0.8202 -0.5352 0.2024
vn 0.7732 -0.5706 0.2766
vn 0.8050 -0.5179 0.2895
vn 0.7829 -0.5255 0.3331
vn -0.1027 0.3873 0.9162
vn -0.0088 0.3944 0.9189
vn -0.0010 0.4540 0.8910
vn -0.1044 0.3409 0.9343
vn -0.0063 0.3396 0.9406
vn -0.0978 0.4501 0.8876
vn 0.0822 0.3963 0.9144
vn 0.0830 0.3426 0.9358
vn 0.0819 0.4635 0.8823
vn -0.8545 -0.5043 0.1242
vn -0.8815 -0.4685 0.0590
vn 0.8459 -0.5104 0.1546
vn 0.8727 -0.4789 0.0950
vn -0.8057 0.2654 0.5296
vn -0.7707 0.3030 0.5606
vn -0.7678 0.3222 0.5538
vn -0.8282 0.2232 0.5140
vn -0.7661 0.2638 0.5860
vn -0.8330 0.1982 0.5165
vn -0.8651 0.1485 0.4792
vn -0.7975 0.2967 0.5254
vn -0.8397 0.2583 0.4777
vn 0.7776 0.2710 0.5673
vn 0.7884 0.1904 0.5850
vn 0.8290 0.1195 0.5463
vn 0.7441 0.3027 0.5955
vn 0.7299 0.2273 0.6447
vn 0.7777 0.3224 0.5396
vn 0.7491 0.3385 0.5694
vn 0.8073 0.2086 0.5520
vn 0.8242 0.2950 0.4834
vn -0.4977 0.2592 0.8277
vn -0.4606 0.3078 0.8325
vn -0.5418 0.2425 0.8047
vn -0.4961 0.2483 0.8320
vn -0.5478 0.2152 0.8084
vn -0.5733 0.2104 0.7919
vn 0.4742 0.2692 0.8383
vn 0.4355 0.3180 0.8421
vn 0.4741 0.2539 0.8431
vn 0.5215 0.2232 0.8235
vn 0.5204 0.2506 0.8163
vn 0.5498 0.2196 0.8059
vn -0.0947 0.2841 0.9541
vn -0.0051 0.2773 0.9608
vn -0.0820 0.2345 0.9687
vn -0.0011 0.2310 0.9730
vn 0.0751 0.2854 0.9555
vn 0.0648 0.2324 0.9705
vn -0.7336 0.3182 0.6005
vn -0.7271 0.2767 0.6283
vn -0.7359 0.3403 0.5853
vn 0.7071 0.3123 0.6344
vn 0.6897 0.2418 0.6825
vn 0.7147 0.3514 0.6048
vn -0.9165 0.0741 0.3931
vn -0.9174 0.0763 0.3907
vn -0.9081 0.0705 0.4127
vn -0.9111 0.0697 0.4062
vn -0.9232 0.0772 0.3765
vn 0.9165 0.0561 0.3960
vn 0.9084 0.0495 0.4151
vn 0.9198 0.0590 0.3879
vn 0.9131 0.0492 0.4048
vn 0.9244 0.0631 0.3763
vn -0.9322 0.0773 0.3535
vn -0.9461 0.0781 0.3144
vn 0.9343 0.0623 0.3510
vn 0.9461 0.0600 0.3183
vn -0.0963 0.5346 0.8396
vn -0.1951 0.5158 0.8342
vn -0.1027 0.6252 0.7737
vn -0.1927 0.5986 0.7775
vn 0.0029 0.5269 0.8499
vn 0.0041 0.5895 0.8078
vn 0.0841 0.5316 0.8428
vn 0.1606 0.5149 0.8421
vn 0.1681 0.5825 0.7953
vn 0.0888 0.6058 0.7906
vn -0.9197 0.0787 0.3847
vn -0.9209 0.0858 0.3803
vn -0.9138 0.0715 0.3997
vn -0.9149 0.0784 0.3959
vn 0.9252 0.0630 0.3742
vn 0.9182 0.0499 0.3930
vn 0.9300 0.0728 0.3603
vn 0.9224 0.0588 0.3818
vn -0.7996 0.3123 0.5130
vn -0.7662 0.3305 0.5511
vn -0.7663 0.3332 0.5493
vn -0.8405 0.2787 0.4646
vn -0.8010 0.3175 0.5074
vn -0.8305 0.2912 0.4749
vn 0.7875 0.3468 0.5094
vn 0.7526 0.3551 0.5545
vn 0.7938 0.3535 0.4949
vn 0.7574 0.3629 0.5429
vn 0.8313 0.3229 0.4525
vn 0.8238 0.3340 0.4580
vn -0.9157 -0.4017 0.0113
vn -0.9309 -0.3574 0.0749
vn -0.8996 -0.4360 -0.0265
vn -0.9433 -0.3317 -0.0091
vn -0.9288 -0.3667 -0.0536
vn 0.9091 -0.4137 0.0489
vn 0.9219 -0.3740 0.1008
vn 0.9422 -0.3346 0.0192
vn 0.8956 -0.4443 0.0223
vn 0.9297 -0.3682 -0.0108
vn -0.8027 0.3271 0.4987
vn -0.8232 0.3272 0.4639
vn -0.8114 0.3391 0.4760
vn -0.8415 0.3673 0.3961
vn -0.7667 0.3375 0.5462
vn -0.7709 0.3571 0.5275
vn 0.7963 0.3630 0.4839
vn 0.8037 0.3804 0.4576
vn 0.7676 0.3906 0.5081
vn 0.8165 0.3640 0.4481
vn 0.8282 0.3930 0.3995
vn 0.7614 0.3694 0.5328
vn -0.8601 0.1066 0.4989
vn -0.8782 0.0877 0.4701
vn -0.8191 0.1316 0.5583
vn -0.8376 0.1021 0.5367
vn -0.8404 0.1010 0.5325
vn -0.7778 0.1589 0.6081
vn 0.8651 0.1006 0.4915
vn 0.8830 0.0803 0.4624
vn 0.8416 0.0954 0.5316
vn 0.8450 0.0927 0.5266
vn 0.8244 0.1228 0.5526
vn 0.7830 0.1483 0.6041
vn -0.5565 0.0385 0.8300
vn -0.4396 0.0667 0.8957
vn -0.4108 0.1113 0.9049
vn -0.5705 -0.0190 0.8211
vn -0.4565 0.0208 0.8895
vn -0.5444 0.0805 0.8350
vn 0.5623 0.0338 0.8263
vn 0.5757 -0.0272 0.8172
vn 0.4470 0.0652 0.8922
vn 0.4647 0.0149 0.8854
vn 0.5541 0.0719 0.8293
vn 0.4197 0.1107 0.9009
vn -0.9622 0.0755 0.2619
vn -0.9727 0.0730 0.2202
vn -0.9517 0.0800 0.2964
vn -0.9666 0.0845 0.2418
vn 0.9608 0.0594 0.2710
vn 0.9515 0.0704 0.2994
vn 0.9721 0.0625 0.2262
vn 0.9666 0.0782 0.2441
vn -0.7345 0.3520 0.5802
vn -0.7324 0.3592 0.5784
vn 0.7172 0.3727 0.5888
vn 0.7177 0.3842 0.5807
vn -0.7446 -0.6260 0.2317
vn -0.7321 -0.6559 0.1838
vn -0.7414 -0.6275 0.2380
vn -0.7527 -0.5949 0.2820
vn -0.7538 -0.5953 0.2783
vn -0.7565 -0.5569 0.3429
vn 0.7367 -0.6323 0.2397
vn 0.7202 -0.6688 0.1843
vn 0.7486 -0.6021 0.2777
vn 0.7291 -0.6465 0.2246
vn 0.7433 -0.6062 0.2830
vn 0.7478 -0.5664 0.3464
vn -0.9755 -0.2174 0.0354
vn -0.9643 -0.2647 0.0021
vn -0.9802 -0.1978 -0.0065
vn -0.9719 -0.2340 -0.0266
vn 0.9747 -0.2231 0.0134
vn 0.9772 -0.2060 -0.0515
vn 0.9674 -0.2531 -0.0064
vn 0.9735 -0.2129 -0.0833
vn -0.2480 -0.2015 0.9476
vn -0.1784 -0.2971 0.9380
vn -0.0127 -0.2848 0.9585
vn -0.3970 -0.1981 0.8962
vn -0.3409 -0.2895 0.8944
vn -0.3036 -0.1851 0.9347
vn -0.4063 -0.1803 0.8958
vn -0.1272 -0.2339 0.9639
vn -0.1855 -0.1579 0.9699
vn 0.2260 -0.2086 0.9515
vn 0.3841 -0.2068 0.8998
vn 0.3996 -0.1770 0.8995
vn 0.1456 -0.3086 0.9400
vn 0.3139 -0.3018 0.9002
vn 0.1041 -0.2388 0.9655
vn 0.2886 -0.1820 0.9400
vn 0.1697 -0.1522 0.9737
vn -0.8181 -0.4726 0.3276
vn -0.7881 -0.4932 0.3682
vn 0.8104 -0.4755 0.3423
vn 0.7865 -0.4910 0.3747
vn -0.9076 0.0647 0.4149
vn -0.9079 0.0724 0.4129
vn -0.9039 0.0600 0.4235
vn -0.8946 0.0681 0.4417
vn -0.9044 0.0623 0.4221
vn -0.9001 0.0525 0.4325
vn 0.9091 0.0404 0.4146
vn 0.9099 0.0449 0.4123
vn 0.8843 0.0447 0.4649
vn 0.9054 0.0390 0.4229
vn 0.9027 0.0343 0.4290
vn 0.8994 0.0297 0.4362
vn -0.6122 0.2047 0.7637
vn -0.6175 0.1853 0.7645
vn -0.6588 0.2100 0.7224
vn -0.6583 0.1691 0.7335
vn 0.5633 0.1891 0.8043
vn 0.6077 0.1703 0.7757
vn 0.5883 0.1928 0.7853
vn 0.6225 0.1626 0.7655
vn -0.7772 -0.1750 0.6045
vn -0.7039 -0.1254 0.6991
vn -0.7793 -0.2310 0.5825
vn -0.7128 -0.1816 0.6774
vn 0.7776 -0.1996 0.5962
vn 0.7071 -0.1449 0.6921
vn 0.7186 -0.2097 0.6631
vn 0.7792 -0.2614 0.5696
vn -0.8874 0.0277 0.4601
vn -0.8559 0.0363 0.5159
vn -0.8220 0.0181 0.5692
vn -0.8900 0.0505 0.4531
vn -0.8762 0.0539 0.4789
vn -0.9029 0.0430 0.4278
vn -0.8800 -0.0043 0.4749
vn -0.9105 0.0234 0.4129
vn 0.8870 0.0131 0.4616
vn 0.8904 0.0326 0.4541
vn 0.8574 0.0246 0.5141
vn 0.8777 0.0414 0.4774
vn 0.8732 -0.0146 0.4872
vn 0.8175 0.0149 0.5757
vn 0.9009 0.0226 0.4334
vn 0.9048 0.0053 0.4258
vn -0.3286 0.1079 0.9383
vn -0.3097 0.1488 0.9391
vn -0.2679 0.1308 0.9545
vn -0.2579 0.1773 0.9498
vn -0.3425 0.0673 0.9371
vn -0.2403 0.0711 0.9681
vn 0.3352 0.1099 0.9357
vn 0.3139 0.1530 0.9370
vn 0.2594 0.1877 0.9474
vn 0.3482 0.0599 0.9355
vn 0.2718 0.1399 0.9521
vn 0.2433 0.0677 0.9676
vn -0.8988 0.0610 0.4341
vn -0.8930 0.0668 0.4451
vn 0.8991 0.0410 0.4357
vn 0.8950 0.0529 0.4430
vn -0.8819 0.2065 0.4238
vn -0.8869 0.1900 0.4210
vn -0.9087 0.1386 0.3939
vn -0.9078 0.1267 0.3998
vn -0.8721 0.2149 0.4396
vn -0.9071 0.1479 0.3940
vn 0.8848 0.2432 0.3975
vn 0.8892 0.2172 0.4026
vn 0.9188 0.1270 0.3738
vn 0.8751 0.2540 0.4118
vn 0.9213 0.1498 0.3589
vn 0.9175 0.1637 0.3625
vn -0.9180 0.1027 0.3830
vn -0.9128 0.0939 0.3975
vn -0.9201 0.1100 0.3759
vn 0.9303 0.0982 0.3535
vn 0.9232 0.0788 0.3762
vn 0.9312 0.1127 0.3466
vn -0.0680 0.2061 0.9762
vn -0.0627 0.1340 0.9890
vn 0.0062 0.1369 0.9906
vn -0.1595 0.2215 0.9620
vn -0.1419 0.1723 0.9748
vn 0.0006 0.1885 0.9821
vn 0.0568 0.2006 0.9780
vn 0.1356 0.2131 0.9676
vn 0.0581 0.1285 0.9900
vn 0.1219 0.1630 0.9791
vn -0.7132 -0.6791 0.1740
vn -0.7170 -0.6729 0.1821
vn -0.7002 -0.6938 0.1684
vn 0.7092 -0.6775 0.1952
vn 0.6945 -0.7021 0.1572
vn 0.7569 -0.5652 0.3281
vn -0.9721 -0.2163 0.0901
vn -0.9308 -0.1861 0.3148
vn -0.9619 -0.2166 0.1666
vn -0.9679 -0.2078 0.1417
vn -0.9336 -0.1928 0.3020
vn -0.9784 -0.2065 0.0115
vn 0.9711 -0.2273 0.0733
vn 0.9680 -0.2155 0.1284
vn 0.9085 -0.1907 0.3719
vn 0.9107 -0.1967 0.3632
vn 0.9726 -0.2294 -0.0387
vn 0.9504 -0.2227 0.2173
vn -0.9003 -0.4330 0.0435
vn -0.9217 -0.3001 0.2460
vn -0.8932 -0.4469 -0.0497
vn -0.9371 -0.3383 0.0853
vn 0.8934 -0.4349 0.1126
vn 0.8865 -0.4627 0.0105
vn 0.8964 -0.3182 0.3085
vn 0.9307 -0.3358 0.1451
vn -0.3800 -0.1543 0.9120
vn -0.4485 0.0816 0.8901
vn -0.4599 0.1770 0.8701
vn -0.2922 -0.2631 0.9195
vn -0.3279 -0.0060 0.9447
vn -0.2747 -0.3809 0.8829
vn -0.2512 -0.4548 0.8545
vn -0.4054 -0.0068 0.9141
vn -0.2966 -0.2759 0.9143
vn 0.3618 -0.1619 0.9181
vn 0.2921 -0.2589 0.9207
vn 0.2530 -0.4445 0.8593
vn 0.4203 0.0646 0.9051
vn 0.3159 -0.0100 0.9488
vn 0.3920 -0.0439 0.9189
vn 0.4433 0.1509 0.8836
vn 0.2654 -0.3740 0.8886
vn 0.2866 -0.2885 0.9136
vn -0.2789 0.5124 0.8122
vn -0.2595 0.6088 0.7497
vn 0.2372 0.5103 0.8266
vn 0.2268 0.5929 0.7727
vn -0.8180 -0.3456 0.4598
vn -0.7926 -0.3638 0.4892
vn -0.7817 -0.3175 0.5368
vn -0.8477 -0.3182 0.4245
vn -0.8145 -0.3070 0.4923
vn 0.8119 -0.3510 0.4665
vn 0.7927 -0.3688 0.4854
vn 0.8107 -0.3194 0.4906
vn 0.7843 -0.3273 0.5271
vn 0.8354 -0.3283 0.4408
vn -0.8840 0.0771 0.4610
vn -0.8613 0.0720 0.5029
vn 0.8857 0.0676 0.4593
vn 0.8634 0.0634 0.5006
vn -0.7998 -0.2983 0.5209
vn -0.7492 -0.2993 0.5908
vn -0.7605 -0.2847 0.5836
vn -0.7938 -0.2887 0.5353
vn -0.7403 -0.2861 0.6083
vn -0.8075 -0.2942 0.5113
vn 0.7981 -0.3155 0.5133
vn 0.7942 -0.3052 0.5255
vn 0.7567 -0.3154 0.5727
vn 0.7476 -0.3033 0.5908
vn 0.8035 -0.3141 0.5057
vn 0.7664 -0.3062 0.5648
vn -0.1772 -0.4179 0.8911
vn -0.0102 -0.3910 0.9203
vn -0.2050 -0.5219 0.8280
vn -0.0076 -0.5098 0.8603
vn -0.2889 -0.4704 0.8338
vn -0.3483 -0.5543 0.7560
vn 0.1471 -0.4331 0.8893
vn 0.2523 -0.4894 0.8348
vn 0.1779 -0.5328 0.8274
vn 0.3144 -0.5845 0.7480
vn -0.6039 -0.0775 0.7933
vn -0.5275 -0.0431 0.8485
vn -0.6358 -0.1315 0.7605
vn -0.5459 -0.1450 0.8252
vn 0.6109 -0.0920 0.7863
vn 0.6458 -0.1512 0.7484
vn 0.5366 -0.0552 0.8420
vn 0.5510 -0.1641 0.8182
vn -0.9044 0.0913 0.4169
vn -0.8908 0.1073 0.4414
vn -0.8995 0.1006 0.4251
vn 0.9056 0.0695 0.4184
vn 0.8797 0.0735 0.4698
vn 0.8871 0.0886 0.4530
vn -0.2446 0.2430 0.9387
vn -0.2474 0.1936 0.9494
vn -0.3367 0.2461 0.9089
vn -0.3477 0.2217 0.9110
vn 0.2232 0.2341 0.9463
vn 0.3119 0.2383 0.9197
vn 0.2307 0.1897 0.9544
vn 0.3219 0.2173 0.9215
vn -0.9874 -0.1504 0.0485
vn -0.9907 -0.1081 0.0826
vn -0.9914 -0.1147 0.0626
vn -0.9862 -0.1465 0.0776
vn 0.9877 -0.1474 0.0517
vn 0.9843 -0.1402 0.1069
vn 0.9775 -0.1602 0.1374
vn 0.9819 -0.1577 0.1053
vn -0.5152 0.1038 0.8508
vn -0.4841 0.1199 0.8667
vn -0.5963 0.1607 0.7865
vn -0.3812 0.1263 0.9158
vn -0.3866 0.0952 0.9173
vn -0.6170 0.1073 0.7796
vn 0.5191 0.0919 0.8498
vn 0.3886 0.1257 0.9128
vn 0.4815 0.1041 0.8703
vn 0.3837 0.1057 0.9174
vn 0.6238 0.0855 0.7769
vn 0.6022 0.1405 0.7859
vn -0.6794 0.1701 0.7138
vn -0.7241 0.1770 0.6666
vn -0.6518 0.1918 0.7337
vn -0.6906 0.1809 0.7002
vn -0.7202 0.1200 0.6833
vn 0.6916 0.1503 0.7065
vn 0.6655 0.1758 0.7254
vn 0.7317 0.1644 0.6615
vn 0.6985 0.1754 0.6938
vn 0.7284 0.1029 0.6774
vn -0.7080 0.2043 0.6760
vn -0.6977 0.1538 0.6996
vn -0.7586 0.1944 0.6219
vn -0.7398 0.1328 0.6596
vn 0.6655 0.1612 0.7288
vn 0.7173 0.1472 0.6810
vn 0.6630 0.1397 0.7355
vn 0.7062 0.1204 0.6977
vn -0.0550 0.0282 0.9981
vn -0.0697 -0.1378 0.9880
vn 0.0056 -0.1173 0.9931
vn -0.1494 0.0357 0.9881
vn -0.1329 -0.1306 0.9825
vn 0.0097 0.0190 0.9998
vn 0.0550 0.0295 0.9981
vn 0.1290 0.0373 0.9909
vn 0.0683 -0.1182 0.9906
vn 0.1206 -0.1184 0.9856
vn -0.7365 0.3713 0.5655
vn -0.7418 0.4029 0.5361
vn -0.7278 0.3929 0.5621
vn -0.7423 0.4597 0.4875
vn 0.7249 0.3961 0.5635
vn 0.7305 0.4252 0.5343
vn 0.7132 0.4887 0.5025
vn 0.7098 0.4177 0.5673
vn -0.8078 0.1562 0.5683
vn -0.7871 0.1099 0.6069
vn -0.8530 0.1244 0.5069
vn -0.8272 0.0828 0.5558
vn 0.7586 0.1140 0.6415
vn 0.7994 0.0915 0.5939
vn 0.7543 0.1051 0.6481
vn 0.7904 0.0777 0.6077
vn -0.2991 -0.9459 0.1255
vn -0.2236 -0.9645 0.1405
vn -0.2147 -0.9687 0.1243
vn -0.3121 -0.9412 0.1291
vn -0.2262 -0.9634 0.1436
vn -0.2933 -0.9486 0.1186
vn 0.2886 -0.9434 0.1631
vn 0.2866 -0.9458 0.1526
vn 0.1894 -0.9686 0.1612
vn 0.1951 -0.9693 0.1497
vn 0.2873 -0.9438 0.1632
vn 0.1875 -0.9702 0.1533
vn -0.2883 0.1571 0.9446
vn -0.2765 0.0955 0.9563
vn -0.2485 0.1844 0.9509
vn -0.2165 0.1265 0.9681
vn 0.2907 0.1620 0.9430
vn 0.2472 0.1907 0.9500
vn 0.2759 0.1124 0.9546
vn 0.2197 0.1348 0.9662
vn -0.7111 -0.6716 0.2081
vn -0.7437 -0.6148 0.2628
vn -0.6960 -0.6722 0.2526
vn -0.7404 -0.5971 0.3087
vn 0.6839 -0.6996 0.2071
vn 0.6582 -0.7153 0.2347
vn 0.7341 -0.6278 0.2588
vn 0.7255 -0.6161 0.3066
vn -0.1614 -0.0244 0.9866
vn -0.2049 0.0070 0.9788
vn -0.1664 -0.0471 0.9849
vn -0.2280 0.0462 0.9726
vn -0.2425 -0.0692 0.9677
vn -0.3685 0.0081 0.9296
vn -0.1219 -0.0503 0.9913
vn -0.1737 -0.0876 0.9809
vn 0.1674 -0.0341 0.9853
vn 0.2301 0.0477 0.9720
vn 0.3782 0.0277 0.9253
vn 0.2052 -0.0061 0.9787
vn 0.1296 -0.0701 0.9891
vn 0.1608 -0.0666 0.9847
vn 0.2775 -0.0683 0.9583
vn 0.2193 -0.1032 0.9702
vn -0.1019 -0.2641 0.9591
vn -0.1578 -0.2729 0.9490
vn -0.0068 -0.2442 0.9697
vn -0.1536 -0.3116 0.9377
vn -0.2571 -0.4249 0.8680
vn -0.0021 -0.2157 0.9765
vn 0.1002 -0.2460 0.9641
vn 0.1510 -0.2912 0.9447
vn 0.1508 -0.2560 0.9548
vn 0.2611 -0.4058 0.8759
vn -0.5093 -0.8260 0.2417
vn -0.6222 -0.7200 0.3073
vn -0.5463 -0.7688 0.3325
vn -0.6426 -0.6649 0.3808
vn -0.3835 -0.9099 0.1579
vn -0.4161 -0.8796 0.2305
vn 0.4848 -0.8406 0.2417
vn 0.5090 -0.8119 0.2857
vn 0.3985 -0.8874 0.2319
vn 0.5626 -0.7765 0.2837
vn 0.6078 -0.7127 0.3501
vn 0.3870 -0.9013 0.1945
vn -0.2953 -0.9476 0.1217
vn -0.3065 -0.9374 0.1654
vn -0.2070 -0.9720 0.1111
vn -0.2122 -0.9691 0.1255
vn 0.2903 -0.9423 0.1667
vn 0.2990 -0.9321 0.2042
vn 0.1963 -0.9657 0.1699
vn 0.1874 -0.9710 0.1481
vn -0.7526 -0.4509 0.4798
vn -0.7446 -0.4237 0.5158
vn -0.7184 -0.4676 0.5150
vn -0.7042 -0.4453 0.5530
vn -0.7557 -0.4788 0.4468
vn -0.7318 -0.4798 0.4840
vn 0.7525 -0.4444 0.4862
vn 0.7141 -0.4619 0.5261
vn 0.7260 -0.4765 0.4958
vn 0.7440 -0.4248 0.5158
vn 0.7012 -0.4447 0.5573
vn 0.7563 -0.4717 0.4533
vn -0.9252 -0.3697 -0.0856
vn -0.9074 -0.4066 -0.1062
vn -0.9422 -0.3039 0.1414
vn -0.9362 -0.3381 -0.0962
vn -0.9538 -0.2929 0.0667
vn 0.9344 -0.3529 -0.0477
vn 0.9464 -0.3151 -0.0712
vn 0.9445 -0.2776 0.1757
vn 0.9641 -0.2426 0.1077
vn 0.9145 -0.4022 -0.0435
vn -0.2470 0.1258 0.9608
vn -0.2647 0.1839 0.9466
vn -0.3360 0.1007 0.9365
vn -0.3346 0.1944 0.9221
vn 0.2471 0.1420 0.9585
vn 0.2610 0.1968 0.9451
vn 0.3222 0.2078 0.9236
vn 0.3254 0.1228 0.9376
vn -0.2216 0.1023 0.9697
vn -0.2252 -0.0972 0.9695
vn -0.3646 0.1485 0.9193
vn 0.2077 0.1005 0.9730
vn 0.3380 0.1459 0.9298
vn 0.2189 -0.0896 0.9716
vn -0.8611 0.0811 0.5020
vn -0.8634 0.1158 0.4911
vn -0.8271 0.1439 0.5433
vn -0.8895 0.0749 0.4507
vn -0.8955 0.0918 0.4354
vn -0.8705 0.0682 0.4875
vn -0.8251 0.0962 0.5567
vn 0.8480 0.0859 0.5230
vn 0.8796 0.0578 0.4722
vn 0.8589 0.1112 0.5000
vn 0.8931 0.0704 0.4444
vn 0.8088 0.1152 0.5766
vn 0.8140 0.1551 0.5598
vn 0.8373 0.0519 0.5442
vn -0.5079 0.1361 0.8506
vn -0.4558 0.2069 0.8657
vn -0.6486 0.1833 0.7387
vn -0.5902 0.2428 0.7698
vn -0.5909 0.1158 0.7984
vn -0.7245 0.1640 0.6695
vn 0.4989 0.1583 0.8521
vn 0.4397 0.2156 0.8719
vn 0.5798 0.2496 0.7756
vn 0.5968 0.1556 0.7871
vn 0.6465 0.1989 0.7365
vn 0.7295 0.1921 0.6564
vn -0.7407 -0.5451 0.3927
vn -0.7112 -0.6005 0.3656
vn -0.7590 -0.5454 0.3556
vn -0.7611 -0.4838 0.4320
vn -0.7687 -0.4900 0.4110
vn -0.7066 -0.5719 0.4167
vn -0.7390 -0.4838 0.4689
vn 0.7281 -0.5672 0.3849
vn 0.7513 -0.5562 0.3551
vn 0.7648 -0.4971 0.4099
vn 0.6926 -0.6183 0.3715
vn 0.6928 -0.6049 0.3925
vn 0.7578 -0.4940 0.4263
vn 0.7375 -0.4959 0.4584
vn -0.2582 -0.0216 0.9658
vn -0.3627 -0.0128 0.9318
vn -0.2237 -0.1325 0.9656
vn -0.3675 -0.1163 0.9227
vn -0.1775 0.0140 0.9840
vn -0.1294 -0.1017 0.9864
vn 0.2665 0.0057 0.9638
vn 0.2503 -0.1054 0.9624
vn 0.1491 -0.0936 0.9844
vn 0.3593 0.0256 0.9329
vn 0.3790 -0.0794 0.9220
vn 0.1881 0.0234 0.9819
vn -0.7614 -0.4990 0.4139
vn -0.7632 -0.5282 0.3722
vn -0.7547 -0.5111 0.4113
vn -0.7448 -0.4944 0.4482
vn 0.7627 -0.4939 0.4176
vn 0.7631 -0.5289 0.3715
vn 0.7381 -0.4940 0.4596
vn 0.7465 -0.5163 0.4198
vn -0.6927 -0.1887 0.6961
vn -0.6639 -0.1626 0.7300
vn -0.7263 -0.0449 0.6859
vn -0.6347 -0.2355 0.7360
vn -0.5880 -0.2179 0.7790
vn -0.7245 -0.2141 0.6551
vn -0.6646 -0.2074 0.7179
vn -0.7604 -0.0703 0.6457
vn -0.7732 -0.0881 0.6280
vn 0.6691 -0.2021 0.7152
vn 0.6154 -0.2459 0.7489
vn 0.6581 -0.2066 0.7240
vn 0.6352 -0.1737 0.7526
vn 0.5691 -0.2272 0.7902
vn 0.7394 -0.0846 0.6680
vn 0.6982 -0.0562 0.7137
vn 0.7053 -0.2247 0.6723
vn 0.7547 -0.1044 0.6477
vn -0.9519 -0.3031 -0.0451
vn -0.9542 -0.2892 -0.0761
vn 0.9595 -0.2794 -0.0351
vn 0.9686 -0.2287 -0.0970
vn -0.5345 -0.7533 0.3831
vn -0.6226 -0.6533 0.4308
vn -0.5074 -0.7044 0.4964
vn -0.5817 -0.6025 0.5465
vn -0.4461 -0.8227 0.3524
vn -0.4257 -0.7640 0.4849
vn 0.5015 -0.7978 0.3348
vn 0.4755 -0.7533 0.4544
vn 0.3823 -0.8126 0.4399
vn 0.5958 -0.7001 0.3936
vn 0.5588 -0.6487 0.5166
vn 0.4056 -0.8590 0.3125
vn -0.9628 -0.2631 -0.0608
vn -0.9590 -0.2191 0.1795
vn -0.9752 -0.2186 -0.0333
vn 0.9761 -0.2097 -0.0575
vn 0.9702 -0.2293 -0.0788
vn 0.9457 -0.1591 0.2833
vn -0.7495 -0.2539 0.6114
vn -0.6998 -0.2600 0.6653
vn -0.7134 -0.2717 0.6460
vn -0.6510 -0.2616 0.7125
vn -0.7877 -0.2392 0.5677
vn 0.7526 -0.2845 0.5939
vn 0.7217 -0.2912 0.6280
vn 0.7055 -0.2874 0.6479
vn 0.6554 -0.2834 0.7001
vn 0.7883 -0.2733 0.5512
vn -0.6617 -0.4168 0.6232
vn -0.6600 -0.3775 0.6495
vn -0.6150 -0.3641 0.6994
vn -0.7039 -0.4208 0.5722
vn -0.6940 -0.4094 0.5922
vn -0.6754 -0.4409 0.5912
vn -0.7063 -0.4496 0.5468
vn -0.6148 -0.4094 0.6741
vn -0.6288 -0.4422 0.6396
vn 0.6541 -0.4223 0.6275
vn 0.6948 -0.4254 0.5798
vn 0.6925 -0.4553 0.5596
vn 0.6573 -0.3846 0.6481
vn 0.6902 -0.4115 0.5953
vn 0.6110 -0.4090 0.6778
vn 0.6225 -0.3635 0.6931
vn 0.6650 -0.4454 0.5995
vn 0.6178 -0.4423 0.6501
vn -0.7208 0.0636 0.6902
vn -0.7902 -0.0418 0.6114
vn -0.7068 0.0137 0.7073
vn -0.7711 -0.0888 0.6305
vn -0.6644 0.1579 0.7305
vn -0.6735 0.1195 0.7294
vn -0.7391 0.1001 0.6661
vn 0.7123 0.0737 0.6979
vn 0.6903 0.0350 0.7227
vn 0.6601 0.1430 0.7374
vn 0.7782 -0.0370 0.6269
vn 0.7483 -0.0757 0.6590
vn 0.7376 0.0998 0.6678
vn 0.6668 0.1634 0.7271
vn -0.7657 -0.4197 0.4873
vn -0.7497 -0.3751 0.5452
vn -0.7425 -0.4050 0.5336
vn -0.7508 -0.4138 0.5149
vn -0.7348 -0.3487 0.5818
vn -0.7678 -0.4366 0.4688
vn 0.7661 -0.4223 0.4845
vn 0.7534 -0.4177 0.5078
vn 0.7530 -0.3784 0.5383
vn 0.7378 -0.3520 0.5759
vn 0.7657 -0.4376 0.4714
vn 0.7433 -0.4028 0.5341
vn -0.4784 0.5017 0.7207
vn -0.4515 0.6025 0.6581
vn -0.5524 0.5536 0.6231
vn -0.5806 0.4460 0.6812
vn 0.4125 0.5364 0.7363
vn 0.5244 0.4793 0.7038
vn 0.4994 0.6027 0.6224
vn 0.4154 0.6241 0.6618
vn -0.5559 0.2281 0.7993
vn -0.5927 0.2152 0.7761
vn -0.5952 0.2370 0.7679
vn -0.5067 0.2309 0.8306
vn -0.5588 0.2345 0.7954
vn -0.5092 0.2298 0.8294
vn 0.5309 0.2416 0.8123
vn 0.5684 0.2322 0.7893
vn 0.5323 0.2470 0.8097
vn 0.5716 0.2521 0.7808
vn 0.4809 0.2401 0.8433
vn 0.4825 0.2399 0.8424
vn -0.4486 0.1936 0.8725
vn -0.5020 0.2146 0.8378
vn -0.4482 0.2133 0.8681
vn 0.4169 0.1873 0.8894
vn 0.4166 0.2171 0.8828
vn 0.4775 0.2159 0.8517
vn -0.9452 0.0887 0.3141
vn -0.9487 0.0960 0.3012
vn 0.9458 0.0830 0.3139
vn 0.9498 0.0926 0.2990
vn -0.7722 0.1344 0.6210
vn -0.8275 0.0747 0.5565
vn 0.7759 0.1283 0.6177
vn 0.8305 0.0703 0.5526
vn -0.6281 0.2031 0.7511
vn -0.6373 0.1546 0.7550
vn -0.5806 0.1913 0.7914
vn -0.5704 0.1635 0.8049
vn 0.6325 0.2025 0.7476
vn 0.6253 0.1758 0.7603
vn 0.5544 0.1821 0.8121
vn 0.5797 0.1818 0.7943
vn -0.4273 0.1092 0.8975
vn -0.3045 -0.0471 0.9514
vn -0.2190 -0.0265 0.9754
vn -0.5415 0.0701 0.8378
vn -0.4283 -0.1424 0.8923
vn -0.5909 0.2512 0.7666
vn -0.6342 0.2390 0.7353
vn -0.3759 0.0947 0.9218
vn -0.5599 0.2574 0.7875
vn 0.4399 0.0874 0.8938
vn 0.5599 0.0533 0.8268
vn 0.6627 0.2160 0.7171
vn 0.2951 -0.0592 0.9536
vn 0.4337 -0.1557 0.8875
vn 0.3630 0.0748 0.9288
vn 0.1836 -0.0211 0.9828
vn 0.6139 0.2263 0.7563
vn 0.5601 0.2401 0.7928
vn -0.4349 0.2412 0.8676
vn -0.4217 0.2505 0.8715
vn 0.4076 0.2424 0.8804
vn 0.3970 0.2541 0.8819
vn -0.8508 0.3376 0.4026
vn -0.8616 0.3815 0.3349
vn -0.8884 0.2950 0.3516
vn -0.8571 0.2937 0.4232
vn 0.8419 0.3720 0.3910
vn 0.8509 0.3344 0.4051
vn 0.8843 0.3275 0.3328
vn 0.8545 0.3998 0.3315
vn -0.7587 -0.2049 0.6184
vn -0.7364 -0.2324 0.6354
vn -0.8418 -0.1960 0.5030
vn -0.7911 -0.2147 0.5727
vn -0.7977 -0.0912 0.5961
vn -0.8461 -0.1099 0.5216
vn 0.7436 -0.2214 0.6309
vn 0.8279 -0.2068 0.5213
vn 0.8325 -0.1313 0.5382
vn 0.7205 -0.2398 0.6507
vn 0.7761 -0.2255 0.5889
vn 0.7826 -0.1083 0.6131
vn -0.7031 -0.2901 0.6492
vn -0.6884 -0.2992 0.6607
vn -0.6335 -0.2912 0.7169
vn -0.6594 -0.2813 0.6971
vn 0.7113 -0.3066 0.6325
vn 0.6933 -0.3154 0.6479
vn 0.6615 -0.2991 0.6878
vn 0.6295 -0.3079 0.7134
vn -0.7365 0.2233 0.6386
vn -0.6723 0.2738 0.6878
vn -0.7656 0.2761 0.5810
vn -0.7197 0.3024 0.6250
vn -0.7992 0.2177 0.5603
vn -0.8147 0.2721 0.5122
vn 0.7468 0.2349 0.6221
vn 0.6762 0.2745 0.6837
vn 0.7388 0.2952 0.6059
vn 0.8143 0.2350 0.5308
vn 0.7893 0.2804 0.5463
vn 0.8357 0.2822 0.4712
vn -0.6627 0.4187 0.6209
vn -0.6662 0.4209 0.6157
vn -0.4991 0.5135 0.6980
vn -0.7489 0.3768 0.5451
vn -0.7561 0.4037 0.5151
vn -0.6503 0.4059 0.6421
vn -0.7506 0.3508 0.5599
vn -0.4816 0.4729 0.7378
vn -0.4946 0.4553 0.7403
vn 0.6740 0.4254 0.6039
vn 0.7616 0.3898 0.5178
vn 0.7742 0.3541 0.5245
vn 0.6766 0.4219 0.6036
vn 0.7662 0.4120 0.4932
vn 0.4903 0.4749 0.7308
vn 0.5157 0.5082 0.6898
vn 0.6691 0.4105 0.6195
vn 0.5107 0.4600 0.7264
vn -0.6268 0.1964 0.7540
vn -0.6656 0.1775 0.7249
vn -0.6734 0.2035 0.7107
vn -0.6351 0.2236 0.7393
vn 0.6027 0.2129 0.7691
vn 0.6409 0.1916 0.7433
vn 0.6123 0.2401 0.7533
vn 0.6501 0.2236 0.7262
vn -0.4952 0.0352 0.8681
vn -0.5940 0.0597 0.8023
vn -0.5005 -0.0794 0.8621
vn -0.6229 -0.0342 0.7815
vn -0.4903 0.0908 0.8668
vn 0.4771 0.0764 0.8755
vn 0.4958 -0.0281 0.8680
vn 0.5673 0.1095 0.8162
vn 0.6059 0.0115 0.7955
vn 0.4734 0.1079 0.8742
vn -0.7838 0.1131 0.6106
vn -0.7421 0.1350 0.6566
vn -0.7797 0.1363 0.6112
vn -0.7476 0.1565 0.6454
vn 0.7599 0.1363 0.6355
vn 0.7608 0.1646 0.6278
vn 0.7137 0.1517 0.6838
vn 0.7227 0.1853 0.6659
vn -0.3324 -0.9001 0.2815
vn -0.3476 -0.8056 0.4797
vn -0.2256 -0.9439 0.2410
vn -0.2369 -0.8719 0.4286
vn 0.3036 -0.9089 0.2859
vn 0.3031 -0.8459 0.4389
vn 0.2162 -0.8869 0.4083
vn 0.2108 -0.9395 0.2701
vn -0.2299 -0.0942 0.9686
vn -0.3263 -0.1367 0.9353
vn -0.3258 -0.0884 0.9413
vn -0.2367 -0.1332 0.9624
vn -0.3743 -0.1675 0.9121
vn -0.1522 -0.0622 0.9864
vn -0.2184 -0.0632 0.9738
vn -0.1533 -0.0340 0.9876
vn 0.2190 -0.1125 0.9692
vn 0.2234 -0.1586 0.9617
vn 0.3144 -0.1546 0.9366
vn 0.3634 -0.1918 0.9117
vn 0.2155 -0.0724 0.9738
vn 0.3209 -0.0997 0.9418
vn 0.1467 -0.0845 0.9856
vn 0.1612 -0.0478 0.9858
vn -0.7681 0.3078 0.5615
vn -0.7317 0.3325 0.5950
vn -0.7342 0.3568 0.5776
vn -0.7247 0.3594 0.5879
vn -0.7991 0.3081 0.5163
vn 0.7966 0.3032 0.5230
vn 0.7613 0.3502 0.5457
vn 0.7610 0.3181 0.5654
vn 0.7539 0.3408 0.5617
vn 0.8222 0.3136 0.4751
vn -0.6859 0.3424 0.6421
vn -0.6595 0.3208 0.6798
vn -0.7054 0.3501 0.6163
vn 0.7128 0.3176 0.6254
vn 0.6723 0.3056 0.6742
vn 0.7373 0.3232 0.5932
vn -0.1167 -0.9869 0.1114
vn -0.0176 -0.9925 0.1212
vn -0.0106 -0.9923 0.1231
vn -0.1224 -0.9831 0.1365
vn -0.0194 -0.9893 0.1447
vn -0.1128 -0.9861 0.1223
vn 0.0860 -0.9877 0.1304
vn 0.0843 -0.9853 0.1485
vn 0.0922 -0.9843 0.1508
vn -0.4878 -0.2456 0.8377
vn -0.5504 -0.2560 0.7946
vn -0.5883 -0.2350 0.7738
vn -0.4754 -0.3118 0.8227
vn -0.5443 -0.2944 0.7855
vn -0.3968 -0.2427 0.8852
vn -0.3939 -0.3344 0.8562
vn -0.5131 -0.2067 0.8331
vn 0.4882 -0.2464 0.8372
vn 0.4703 -0.3240 0.8209
vn 0.3843 -0.3382 0.8590
vn 0.5521 -0.2614 0.7917
vn 0.5457 -0.3055 0.7803
vn 0.5171 -0.2052 0.8309
vn 0.5936 -0.2373 0.7690
vn 0.3938 -0.2344 0.8888
vn -0.7167 -0.3287 0.6151
vn -0.6989 -0.3080 0.6455
vn -0.6601 -0.2808 0.6967
vn -0.7161 -0.3615 0.5971
vn -0.6736 -0.3167 0.6678
vn -0.6674 -0.3249 0.6701
vn 0.7236 -0.3322 0.6050
vn 0.7028 -0.3156 0.6375
vn 0.6847 -0.3185 0.6555
vn 0.6626 -0.2902 0.6904
vn 0.7257 -0.3575 0.5878
vn 0.6838 -0.3209 0.6553
vn -0.7574 -0.4744 0.4486
vn -0.7372 -0.4626 0.4925
vn -0.7426 -0.4766 0.4705
vn -0.7647 -0.5171 0.3844
vn -0.7462 -0.5191 0.4168
vn 0.7527 -0.4775 0.4533
vn 0.7315 -0.4606 0.5028
vn 0.7376 -0.5256 0.4239
vn 0.7316 -0.4788 0.4853
vn 0.7606 -0.5216 0.3866
vn -0.6475 0.4290 0.6299
vn -0.6366 0.5366 0.5540
vn -0.6735 0.5308 0.5144
vn -0.6785 0.4273 0.5976
vn 0.6028 0.4488 0.6597
vn 0.5773 0.5777 0.5771
vn 0.6514 0.4371 0.6201
vn 0.6405 0.5492 0.5368
vn -0.7113 0.4320 0.5545
vn -0.7179 0.5011 0.4833
vn 0.6913 0.4701 0.5487
vn 0.6673 0.5764 0.4717
vn -0.4117 -0.1803 0.8933
vn -0.4871 -0.2242 0.8440
vn -0.4763 -0.2161 0.8523
vn -0.4587 -0.1848 0.8692
vn -0.5133 -0.2306 0.8267
vn -0.4028 -0.1479 0.9032
vn 0.3985 -0.1999 0.8951
vn 0.4479 -0.2088 0.8694
vn 0.4738 -0.2395 0.8475
vn 0.5020 -0.2502 0.8279
vn 0.3955 -0.1607 0.9043
vn 0.4668 -0.2279 0.8545
vn -0.5561 -0.5056 0.6596
vn -0.4878 -0.5220 0.6997
vn -0.6278 -0.5242 0.5755
vn -0.6122 -0.4304 0.6633
vn -0.6549 -0.4572 0.6018
vn -0.4827 -0.5451 0.6855
vn -0.5662 -0.3565 0.7432
vn 0.5400 -0.5284 0.6552
vn 0.6150 -0.5521 0.5629
vn 0.6533 -0.4656 0.5969
vn 0.4644 -0.5551 0.6901
vn 0.4621 -0.5670 0.6819
vn 0.6072 -0.4398 0.6617
vn 0.5593 -0.3704 0.7416
vn -0.6746 0.3549 0.6473
vn -0.6758 0.2383 0.6975
vn -0.7394 0.1941 0.6447
vn -0.5118 0.4082 0.7560
vn -0.5337 0.3020 0.7899
vn -0.6589 0.3901 0.6432
vn -0.5144 0.4398 0.7362
vn -0.7301 0.3293 0.5987
vn 0.6952 0.3380 0.6344
vn 0.5270 0.3964 0.7517
vn 0.5373 0.4319 0.7244
vn 0.6880 0.2235 0.6905
vn 0.5357 0.2948 0.7913
vn 0.7549 0.3047 0.5808
vn 0.7603 0.1740 0.6258
vn 0.6871 0.3756 0.6220
vn -0.9037 0.0598 0.4240
vn -0.9128 0.0605 0.4040
vn 0.9012 0.0348 0.4320
vn 0.9070 0.0353 0.4195
vn -0.7004 -0.0963 0.7073
vn -0.6987 -0.0247 0.7150
vn -0.7413 -0.1362 0.6572
vn -0.7404 -0.0568 0.6698
vn -0.6205 -0.1072 0.7768
vn -0.6113 -0.0884 0.7864
vn -0.5823 -0.0606 0.8107
vn 0.6955 -0.0787 0.7142
vn 0.7298 -0.1213 0.6728
vn 0.6775 0.0155 0.7354
vn 0.7235 -0.0266 0.6898
vn 0.6096 -0.0638 0.7901
vn 0.6288 -0.1058 0.7704
vn 0.5950 -0.0636 0.8012
vn -0.7018 0.1579 0.6947
vn -0.7109 0.1794 0.6801
vn 0.6752 0.1726 0.7172
vn 0.6865 0.2025 0.6983
vn -0.9207 0.1892 0.3414
vn -0.9244 0.1480 0.3516
vn -0.9263 0.2304 0.2982
vn -0.9016 0.2038 0.3815
vn 0.9267 0.2098 0.3118
vn 0.9051 0.2308 0.3570
vn 0.9280 0.2501 0.2760
vn 0.9336 0.1594 0.3209
vn -0.2060 -0.3104 0.9280
vn -0.2391 -0.4785 0.8449
vn 0.2080 -0.2998 0.9310
vn 0.2513 -0.4676 0.8475
vn -0.7963 0.0653 0.6013
vn -0.8089 0.1667 0.5639
vn -0.8409 0.1524 0.5193
vn -0.7694 0.0959 0.6315
vn -0.7761 0.1934 0.6002
vn -0.8166 0.0565 0.5745
vn 0.7747 0.0423 0.6309
vn 0.7432 0.0749 0.6649
vn 0.7899 0.1301 0.5993
vn 0.7507 0.1552 0.6421
vn 0.8006 0.0276 0.5985
vn 0.8266 0.1126 0.5514
vn -0.8062 0.2051 0.5549
vn -0.7964 0.1962 0.5721
vn -0.7738 0.2276 0.5912
vn -0.7651 0.2194 0.6054
vn -0.8465 0.1721 0.5038
vn 0.7870 0.1800 0.5901
vn 0.7473 0.2023 0.6329
vn 0.7771 0.2017 0.5961
vn 0.7363 0.2232 0.6387
vn 0.8381 0.1521 0.5239
vn -0.7624 -0.5577 0.3281
vn -0.7588 -0.5365 0.3693
vn 0.7566 -0.5658 0.3279
vn 0.7476 -0.5498 0.3725
vn -0.6668 0.0806 0.7408
vn -0.7037 0.0422 0.7092
vn 0.6410 0.1226 0.7577
vn 0.6799 0.0761 0.7293
vn -0.6608 0.3955 0.6379
vn -0.4902 0.4531 0.7446
vn 0.6879 0.3907 0.6117
vn 0.5123 0.4524 0.7300
vn -0.5166 -0.2088 0.8304
vn -0.5804 -0.2202 0.7840
vn -0.5701 -0.2411 0.7854
vn -0.4593 -0.1759 0.8707
vn 0.5120 -0.2314 0.8272
vn 0.5708 -0.2665 0.7767
vn 0.5796 -0.2374 0.7795
vn 0.4571 -0.1959 0.8676
vn -0.5383 0.2559 0.8029
vn -0.5862 0.2740 0.7625
vn -0.5821 0.3039 0.7542
vn -0.4942 0.2835 0.8218
vn 0.5153 0.2594 0.8168
vn 0.5632 0.2795 0.7776
vn 0.4784 0.2712 0.8352
vn 0.5661 0.2930 0.7705
vn -0.2738 0.4931 0.8257
vn 0.0017 0.5098 0.8603
vn 0.0063 0.5052 0.8630
vn -0.2557 0.4964 0.8295
vn 0.0055 0.5137 0.8579
vn -0.2748 0.4855 0.8299
vn 0.2849 0.4954 0.8206
vn 0.2683 0.4990 0.8240
vn 0.2902 0.4838 0.8256
vn -0.5668 -0.3958 0.7225
vn -0.5725 -0.4383 0.6930
vn -0.5102 -0.3941 0.7644
vn -0.5326 -0.3953 0.7483
vn -0.5557 -0.3576 0.7506
vn -0.5148 -0.3384 0.7877
vn 0.5685 -0.3912 0.7238
vn 0.5210 -0.3885 0.7600
vn 0.5342 -0.3382 0.7747
vn 0.5670 -0.4320 0.7013
vn 0.5295 -0.3995 0.7484
vn 0.5696 -0.3537 0.7420
vn -0.9818 -0.1896 -0.0109
vn 0.9724 -0.2225 -0.0699
vn -0.6720 -0.5627 0.4814
vn -0.6998 -0.4938 0.5161
vn 0.6597 -0.5974 0.4559
vn 0.7003 -0.5037 0.5058
vn -0.9785 -0.1665 0.1215
vn -0.9786 -0.1582 0.1319
vn -0.9587 -0.1609 0.2347
vn -0.9501 -0.1777 0.2563
vn 0.9711 -0.2058 0.1211
vn 0.9377 -0.1947 0.2879
vn 0.9738 -0.1960 0.1149
vn 0.9252 -0.2248 0.3058
vn -0.6887 -0.4625 0.5584
vn -0.7162 -0.4705 0.5155
vn -0.6608 -0.4580 0.5946
vn 0.6786 -0.4635 0.5698
vn 0.7023 -0.4740 0.5311
vn 0.6544 -0.4575 0.6021
vn -0.6722 -0.2727 0.6883
vn -0.6303 -0.2618 0.7309
vn -0.7189 -0.3303 0.6116
vn -0.6802 -0.3228 0.6582
vn -0.6298 -0.2650 0.7301
vn 0.6759 -0.2777 0.6827
vn 0.7226 -0.3308 0.6070
vn 0.6382 -0.2626 0.7237
vn 0.6866 -0.3200 0.6528
vn 0.6337 -0.2728 0.7238
vn -0.6148 -0.3181 0.7217
vn -0.6001 -0.3035 0.7401
vn -0.5941 -0.2998 0.7464
vn -0.6337 -0.3069 0.7101
vn -0.6088 -0.2943 0.7367
vn -0.6532 -0.3419 0.6756
vn -0.6060 -0.3083 0.7333
vn 0.6310 -0.3177 0.7078
vn 0.6487 -0.3044 0.6975
vn 0.6157 -0.3068 0.7258
vn 0.6204 -0.2975 0.7257
vn 0.6233 -0.3067 0.7193
vn 0.6161 -0.3037 0.7268
vn 0.6659 -0.3414 0.6634
vn -0.2486 0.2114 0.9453
vn -0.2150 0.1682 0.9620
vn -0.3193 0.2317 0.9189
vn -0.2605 0.2225 0.9395
vn 0.2448 0.2149 0.9455
vn 0.3030 0.2311 0.9245
vn 0.2143 0.1677 0.9622
vn 0.2510 0.2115 0.9446
vn -0.1302 -0.9791 0.1562
vn -0.0198 -0.9844 0.1747
vn -0.1188 -0.9793 0.1641
vn -0.0174 -0.9842 0.1762
vn 0.0918 -0.9818 0.1663
vn 0.0879 -0.9821 0.1667
vn -0.7349 -0.4791 0.4800
vn -0.7486 -0.4919 0.4445
vn -0.7305 -0.4610 0.5038
vn 0.7200 -0.4817 0.4995
vn 0.7356 -0.4978 0.4595
vn 0.7178 -0.4619 0.5210
vn -0.2875 0.4574 0.8415
vn -0.2950 0.3630 0.8839
vn 0.0053 0.4748 0.8801
vn -0.0087 0.3900 0.9208
vn 0.2954 0.4520 0.8417
vn 0.2840 0.3598 0.8888
vn -0.1444 0.0684 0.9872
vn -0.0626 -0.0327 0.9975
vn -0.1792 0.1443 0.9732
vn -0.0667 0.0517 0.9964
vn 0.1506 0.0655 0.9864
vn 0.0773 -0.0389 0.9962
vn 0.0720 0.0327 0.9969
vn 0.1755 0.1302 0.9758
vn -0.7353 0.2513 0.6294
vn -0.7311 0.2406 0.6385
vn -0.6931 0.2661 0.6699
vn -0.6874 0.2679 0.6751
vn -0.7362 0.2137 0.6421
vn -0.6880 0.2322 0.6876
vn -0.6423 0.2842 0.7118
vn -0.6423 0.2827 0.7124
vn -0.5932 0.2831 0.7536
vn -0.6341 0.2417 0.7345
vn -0.5632 0.2153 0.7978
vn 0.7096 0.2295 0.6662
vn 0.6735 0.2427 0.6982
vn 0.6648 0.1873 0.7231
vn 0.7028 0.2386 0.6701
vn 0.6666 0.2631 0.6974
vn 0.7144 0.1763 0.6772
vn 0.6273 0.2529 0.7365
vn 0.5794 0.2505 0.7756
vn 0.5559 0.1620 0.8153
vn 0.6260 0.2757 0.7294
vn 0.6168 0.1896 0.7640
vn -0.2882 0.0425 0.9566
vn -0.4065 0.0254 0.9133
vn -0.3446 -0.0340 0.9381
vn -0.2143 -0.0154 0.9766
vn -0.7270 -0.2980 0.6186
vn -0.7454 -0.3226 0.5833
vn -0.7154 -0.3510 0.6041
vn -0.7596 -0.2898 0.5823
vn -0.7053 -0.2775 0.6524
vn -0.6967 -0.3148 0.6445
vn -0.6690 -0.2944 0.6825
vn 0.2870 0.0357 0.9572
vn 0.4077 0.0232 0.9128
vn 0.2065 -0.0255 0.9781
vn 0.3391 -0.0488 0.9395
vn 0.7359 -0.3113 0.6013
vn 0.7664 -0.3048 0.5655
vn 0.7512 -0.3342 0.5692
vn 0.7030 -0.3276 0.6312
vn 0.7220 -0.3617 0.5898
vn 0.7119 -0.2934 0.6381
vn 0.6692 -0.3082 0.6762
vn -0.8594 -0.0597 0.5077
vn -0.9118 -0.0242 0.4098
vn -0.8378 -0.1297 0.5304
vn -0.8881 -0.0858 0.4516
vn -0.2628 0.5075 0.8206
vn -0.2657 0.5201 0.8117
vn 0.0087 0.5450 0.8384
vn 0.0051 0.5278 0.8494
vn 0.8451 -0.0680 0.5303
vn 0.8987 -0.0391 0.4368
vn 0.8697 -0.1007 0.4831
vn 0.8168 -0.1324 0.5616
vn 0.2740 0.5101 0.8153
vn 0.2844 0.5194 0.8058
vn -0.8130 0.3804 0.4408
vn -0.7827 0.4095 0.4688
vn -0.7914 0.4713 0.3894
vn -0.8373 0.4057 0.3665
vn 0.7989 0.4236 0.4271
vn 0.8093 0.4388 0.3904
vn 0.7727 0.5143 0.3720
vn 0.7791 0.4465 0.4400
vn -0.2985 -0.2768 0.9134
vn -0.2184 -0.1224 0.9682
vn -0.2896 -0.4688 0.8345
vn -0.1720 -0.3541 0.9192
vn -0.3026 -0.3825 0.8730
vn -0.2250 -0.5227 0.8223
vn 0.3015 -0.2798 0.9115
vn 0.2965 -0.4642 0.8346
vn 0.2277 -0.5182 0.8244
vn 0.2489 -0.1107 0.9622
vn 0.1918 -0.3560 0.9146
vn 0.2952 -0.3862 0.8739
vn -0.9927 -0.0608 0.1044
vn -0.9886 0.0103 0.1499
vn -0.9922 -0.0674 0.1051
vn -0.9934 -0.0897 0.0715
vn 0.9802 -0.1025 0.1693
vn 0.9853 0.0027 0.1710
vn 0.9866 -0.1274 0.1022
vn 0.9881 -0.0790 0.1320
vn -0.0214 -0.3779 0.9256
vn -0.1149 -0.4227 0.8990
vn -0.1415 -0.3114 0.9397
vn -0.0532 -0.4336 0.8995
vn -0.1227 -0.4725 0.8728
vn 0.0485 -0.3244 0.9447
vn 0.0117 -0.3636 0.9315
vn 0.0319 -0.2559 0.9662
vn 0.0615 -0.3358 0.9399
vn 0.0054 -0.3758 0.9267
vn 0.0654 -0.4456 0.8929
vn -0.0081 -0.3620 0.9321
vn 0.1089 -0.4322 0.8952
vn 0.1260 -0.4787 0.8689
vn -0.0385 -0.2619 0.9643
vn 0.1542 -0.3238 0.9335
vn -0.0627 -0.3137 0.9474
vn -0.0686 -0.3308 0.9412
vn -0.5498 0.0550 0.8335
vn -0.4978 0.1599 0.8524
vn -0.4408 0.0546 0.8960
vn -0.5239 0.1781 0.8329
vn -0.5043 0.1963 0.8409
vn -0.6047 -0.0606 0.7941
vn -0.5542 0.1340 0.8216
vn -0.5752 -0.1090 0.8107
vn -0.5907 -0.2837 0.7554
vn 0.5714 0.0341 0.8200
vn 0.5476 0.1468 0.8238
vn 0.5792 0.0806 0.8112
vn 0.5209 0.1444 0.8413
vn 0.5296 0.1841 0.8280
vn 0.5842 -0.1181 0.8030
vn 0.4606 0.0444 0.8865
vn 0.6051 -0.1123 0.7882
vn 0.5838 -0.2999 0.7545
vn -0.4336 -0.1354 0.8909
vn -0.3896 -0.0664 0.9186
vn -0.4696 -0.1292 0.8734
vn -0.4232 -0.0408 0.9051
vn -0.4787 -0.2073 0.8531
vn -0.5007 -0.2084 0.8401
vn 0.4348 -0.1412 0.8894
vn 0.4818 -0.1294 0.8667
vn 0.5072 -0.2151 0.8346
vn 0.3931 -0.0713 0.9167
vn 0.4361 -0.0369 0.8991
vn 0.4751 -0.2148 0.8533
vn -0.5106 -0.2830 0.8119
vn -0.5149 -0.2554 0.8183
vn -0.4890 -0.3284 0.8081
vn -0.4801 -0.3108 0.8203
vn -0.5068 -0.3122 0.8036
vn -0.4627 -0.3465 0.8160
vn -0.5092 -0.2645 0.8190
vn -0.5366 -0.2878 0.7933
vn 0.5036 -0.3015 0.8096
vn 0.4819 -0.3512 0.8028
vn 0.4528 -0.3615 0.8150
vn 0.5223 -0.2716 0.8084
vn 0.4865 -0.3353 0.8068
vn 0.5011 -0.2771 0.8198
vn 0.4918 -0.3315 0.8052
vn 0.5253 -0.3009 0.7959
vn -0.7587 -0.5683 0.3185
vn 0.7531 -0.5760 0.3179
vn -0.6137 0.3106 0.7259
vn -0.5206 0.2616 0.8127
vn -0.4529 0.2865 0.8443
vn -0.5236 0.2940 0.7996
vn 0.6089 0.3034 0.7329
vn 0.5044 0.2508 0.8262
vn 0.5105 0.2881 0.8102
vn 0.4257 0.2731 0.8626
vn -0.6375 0.2628 0.7243
vn -0.6821 0.2402 0.6907
vn 0.6178 0.2702 0.7385
vn 0.6593 0.2482 0.7097
vn -0.6652 -0.2858 0.6898
vn -0.6072 -0.2876 0.7406
vn -0.6305 -0.2818 0.7232
vn -0.5842 -0.2776 0.7627
vn 0.6640 -0.3019 0.6841
vn 0.6235 -0.2962 0.7235
vn 0.5980 -0.3030 0.7420
vn 0.5734 -0.2911 0.7658
vn -0.7259 -0.4389 0.5295
vn -0.7081 -0.4082 0.5762
vn 0.7194 -0.4372 0.5398
vn 0.7058 -0.4057 0.5808
vn -0.5828 -0.2635 0.7687
vn -0.5588 -0.2019 0.8044
vn -0.5120 -0.2784 0.8126
vn -0.5206 -0.2076 0.8282
vn -0.5712 -0.2877 0.7688
vn -0.5011 -0.3125 0.8070
vn 0.5946 -0.2576 0.7616
vn 0.5662 -0.2026 0.7990
vn 0.5453 -0.1972 0.8147
vn 0.5881 -0.2686 0.7629
vn 0.5444 -0.2636 0.7963
vn 0.5365 -0.2957 0.7904
vn -0.8794 0.1484 0.4523
vn -0.8840 0.1275 0.4497
vn -0.9099 0.1031 0.4018
vn -0.9086 0.0687 0.4120
vn 0.8724 0.1177 0.4743
vn 0.9044 0.0689 0.4210
vn 0.8750 0.0884 0.4760
vn 0.8999 0.0345 0.4347
vn -0.1142 -0.9704 0.2128
vn -0.0014 -0.9739 0.2271
vn 0.0029 -0.9106 0.4132
vn -0.1143 -0.9005 0.4196
vn 0.1056 -0.9655 0.2379
vn 0.1166 -0.9023 0.4151
vn -0.6667 0.0289 0.7448
vn -0.5837 -0.2145 0.7831
vn -0.5951 -0.2253 0.7714
vn -0.5142 0.1048 0.8513
vn -0.4785 -0.1306 0.8683
vn -0.6824 0.0063 0.7309
vn 0.6813 0.0245 0.7316
vn 0.5084 0.1100 0.8540
vn 0.5992 -0.2060 0.7736
vn 0.4714 -0.1173 0.8741
vn 0.7042 -0.0100 0.7099
vn 0.6159 -0.2285 0.7540
vn -0.2992 -0.2236 0.9276
vn -0.2875 -0.3611 0.8871
vn -0.1995 -0.2212 0.9546
vn -0.1858 -0.3631 0.9130
vn 0.2868 -0.2144 0.9337
vn 0.2757 -0.3601 0.8913
vn 0.1740 -0.3607 0.9163
vn 0.1839 -0.2098 0.9603
vn -0.7609 0.4500 0.4675
vn -0.7609 0.5172 0.3919
vn 0.7516 0.4688 0.4641
vn 0.7385 0.5225 0.4261
vn -0.0778 -0.3509 0.9332
vn 0.0037 -0.1459 0.9893
vn -0.2797 -0.2823 0.9176
vn -0.0145 -0.4202 0.9073
vn -0.0352 -0.3433 0.9386
vn 0.0475 -0.3242 0.9448
vn -0.0007 -0.1390 0.9903
vn 0.0002 -0.3974 0.9176
vn 0.2169 -0.2287 0.9490
vn 0.0074 -0.2969 0.9549
vn -0.4257 0.0543 0.9032
vn -0.3323 -0.0906 0.9388
vn -0.5111 0.1306 0.8495
vn -0.4453 -0.0230 0.8951
vn -0.4809 0.1993 0.8539
vn 0.4262 0.0083 0.9046
vn 0.3348 -0.1271 0.9337
vn 0.4511 -0.0666 0.8900
vn 0.4755 0.1541 0.8661
vn 0.5124 0.0768 0.8553
vn -0.5196 -0.2571 0.8148
vn -0.5541 -0.2783 0.7846
vn -0.5282 -0.2591 0.8087
vn 0.5125 -0.2667 0.8162
vn 0.5170 -0.2700 0.8123
vn 0.5433 -0.2901 0.7878
vn -0.8239 0.2765 0.4948
vn -0.8154 0.2532 0.5205
vn -0.8556 0.3562 0.3755
vn -0.8482 0.2999 0.4365
vn -0.8369 0.3696 0.4038
vn -0.8383 0.3700 0.4004
vn 0.8365 0.2994 0.4590
vn 0.8192 0.2873 0.4964
vn 0.8426 0.3973 0.3635
vn 0.8531 0.3924 0.3437
vn 0.8650 0.3131 0.3922
vn 0.8519 0.3858 0.3542
vn -0.5076 -0.2109 0.8354
vn -0.4841 -0.2928 0.8245
vn -0.5878 -0.2549 0.7678
vn 0.5053 -0.2148 0.8358
vn 0.4713 -0.3039 0.8279
vn 0.5889 -0.2592 0.7655
vn -0.7245 0.1221 0.6784
vn -0.6738 0.1538 0.7228
vn -0.6940 -0.0123 0.7199
vn -0.6386 0.0134 0.7695
vn 0.6940 0.0885 0.7145
vn 0.6578 -0.0252 0.7528
vn 0.6447 0.1099 0.7565
vn 0.6066 -0.0153 0.7949
vn -0.7522 -0.2023 0.6271
vn -0.7750 -0.2243 0.5908
vn -0.7556 -0.1716 0.6322
vn -0.7562 -0.1197 0.6433
vn 0.7416 -0.1927 0.6425
vn 0.7600 -0.2226 0.6106
vn 0.7376 -0.0894 0.6693
vn 0.7367 -0.1510 0.6592
vn -0.5119 -0.1260 0.8497
vn -0.3545 -0.1728 0.9190
vn -0.3460 -0.1145 0.9312
vn -0.4864 -0.0881 0.8693
vn 0.5228 -0.1047 0.8460
vn 0.3827 -0.1465 0.9122
vn 0.5068 -0.0873 0.8576
vn 0.3787 -0.1058 0.9195
vn -0.4604 -0.0909 0.8831
vn -0.3742 -0.1417 0.9165
vn 0.4635 -0.1087 0.8794
vn 0.3697 -0.1658 0.9142
vn -0.7207 0.2148 0.6591
vn -0.7534 0.1874 0.6303
vn 0.6944 0.2298 0.6818
vn 0.7260 0.2098 0.6550
vn -0.7376 0.1075 0.6666
vn -0.8786 0.1734 0.4450
vn -0.6176 -0.0567 0.7845
vn -0.8311 0.0835 0.5499
vn 0.7517 0.1531 0.6414
vn 0.6404 -0.0400 0.7670
vn 0.8852 0.2206 0.4096
vn 0.8534 0.1190 0.5075
vn -0.3564 -0.5643 0.7446
vn -0.4645 -0.4740 0.7481
vn -0.4329 -0.4562 0.7775
vn -0.3929 -0.5371 0.7465
vn -0.5000 -0.4561 0.7362
vn -0.2363 -0.6465 0.7254
vn -0.2650 -0.6510 0.7113
vn -0.3239 -0.5256 0.7866
vn -0.2055 -0.6037 0.7703
vn 0.3311 -0.6131 0.7173
vn 0.3631 -0.5832 0.7267
vn 0.2329 -0.6724 0.7026
vn 0.4504 -0.5330 0.7163
vn 0.4867 -0.5087 0.7102
vn 0.3069 -0.5694 0.7626
vn 0.4184 -0.5113 0.7507
vn 0.2103 -0.6697 0.7122
vn 0.1860 -0.6279 0.7557
vn -0.2505 -0.5658 0.7856
vn -0.3522 -0.5246 0.7751
vn -0.2607 -0.5071 0.8215
vn -0.3650 -0.5074 0.7806
vn -0.2226 -0.5461 0.8076
vn 0.2624 -0.5556 0.7890
vn 0.3639 -0.5116 0.7784
vn 0.3815 -0.5070 0.7729
vn 0.2247 -0.5351 0.8143
vn 0.2702 -0.5068 0.8186
vn -0.6021 -0.2627 0.7540
vn -0.6255 -0.2845 0.7265
vn -0.5832 -0.2884 0.7594
vn 0.6067 -0.2716 0.7471
vn 0.6303 -0.2900 0.7202
vn 0.5898 -0.2980 0.7505
vn -0.7224 -0.4016 0.5629
vn -0.6937 -0.3709 0.6174
vn -0.6898 -0.4133 0.5944
vn -0.6675 -0.3794 0.6407
vn -0.7408 -0.4007 0.5391
vn 0.7223 -0.4113 0.5560
vn 0.6849 -0.4230 0.5933
vn 0.6950 -0.3854 0.6069
vn 0.6598 -0.3960 0.6386
vn 0.7443 -0.4081 0.5287
vn -0.6527 -0.4303 0.6236
vn -0.6333 -0.3953 0.6654
vn -0.6195 -0.4290 0.6574
vn -0.5931 -0.3968 0.7005
vn 0.6413 -0.4367 0.6310
vn 0.6184 -0.4080 0.6716
vn 0.5759 -0.4113 0.7065
vn 0.6023 -0.4332 0.6705
vn -0.4157 0.2702 0.8685
vn -0.3487 0.2681 0.8980
vn 0.3959 0.2649 0.8793
vn 0.3236 0.2501 0.9125
vn -0.5972 -0.2920 0.7470
vn -0.6367 -0.3077 0.7070
vn -0.6025 -0.3212 0.7307
vn -0.5649 -0.3025 0.7677
vn 0.5878 -0.3049 0.7493
vn 0.6290 -0.3213 0.7080
vn 0.5507 -0.3190 0.7713
vn 0.5899 -0.3378 0.7334
vn -0.7242 -0.0335 0.6887
vn -0.7514 -0.1439 0.6439
vn 0.6983 -0.0005 0.7158
vn 0.7208 -0.1175 0.6831
vn -0.4896 -0.3614 0.7935
vn -0.4060 -0.4073 0.8181
vn -0.5458 -0.3241 0.7727
vn -0.5107 -0.3846 0.7690
vn -0.5640 -0.3369 0.7540
vn 0.4832 -0.3896 0.7840
vn 0.3908 -0.4392 0.8089
vn 0.5100 -0.4318 0.7440
vn 0.5475 -0.3448 0.7625
vn 0.5757 -0.3676 0.7304
vn -0.5494 -0.2661 0.7921
vn -0.5695 -0.2767 0.7740
vn 0.5363 -0.2816 0.7956
vn 0.5584 -0.2941 0.7757
vn -0.0378 0.0482 0.9981
vn 0.0150 0.0128 0.9998
vn -0.1043 0.0640 0.9925
vn 0.0680 0.0448 0.9967
vn -0.3367 -0.0036 0.9416
vn -0.1197 0.1201 0.9855
vn -0.2611 0.1056 0.9595
vn 0.0139 0.0256 0.9996
vn 0.0445 0.0455 0.9980
vn -0.0100 -0.0235 0.9997
vn -0.0661 -0.0062 0.9978
vn 0.0991 0.0953 0.9905
vn 0.2592 0.0056 0.9658
vn 0.2057 0.0883 0.9746
vn -0.3371 -0.6923 0.6381
vn -0.4053 -0.6349 0.6578
vn -0.2743 -0.5368 0.7979
vn -0.2332 -0.7842 0.5750
vn -0.1912 -0.6630 0.7237
vn 0.3039 -0.7404 0.5995
vn 0.2472 -0.5760 0.7792
vn 0.1700 -0.6938 0.6998
vn 0.3649 -0.6818 0.6341
vn 0.2080 -0.8202 0.5329
vn -0.2983 -0.4639 0.8342
vn -0.1833 -0.5091 0.8410
vn 0.2834 -0.4841 0.8278
vn 0.1707 -0.5215 0.8360
vn -0.5171 -0.3799 0.7669
vn -0.5610 -0.3768 0.7371
vn -0.4777 -0.3850 0.7896
vn -0.5349 -0.3534 0.7675
vn -0.5001 -0.3555 0.7896
vn -0.4469 -0.3570 0.8203
vn -0.5580 -0.3903 0.7324
vn 0.5063 -0.3922 0.7680
vn 0.4744 -0.3899 0.7892
vn 0.4604 -0.3577 0.8125
vn 0.5429 -0.3929 0.7422
vn 0.5156 -0.3716 0.7721
vn 0.5434 -0.4049 0.7354
vn 0.4997 -0.3680 0.7841
vn -0.2939 0.1940 0.9359
vn -0.2633 -0.0207 0.9645
vn -0.0159 0.2408 0.9704
vn -0.0160 0.0207 0.9997
vn 0.2679 0.1988 0.9427
vn 0.2363 -0.0099 0.9716
vn -0.3084 -0.2623 0.9144
vn -0.2582 -0.2718 0.9271
vn -0.3848 -0.1663 0.9079
vn -0.4157 -0.2329 0.8792
vn -0.2286 -0.3555 0.9063
vn -0.2151 -0.5109 0.8323
vn -0.1839 -0.4119 0.8925
vn -0.1703 -0.5273 0.8324
vn 0.3160 -0.2762 0.9077
vn 0.3896 -0.1874 0.9017
vn 0.2720 -0.2911 0.9172
vn 0.4094 -0.2393 0.8804
vn 0.2315 -0.3555 0.9056
vn 0.2124 -0.5038 0.8373
vn 0.1802 -0.4174 0.8907
vn 0.1752 -0.5261 0.8321
vn -0.2133 -0.1857 0.9592
vn -0.1931 -0.1402 0.9711
vn -0.0805 -0.1566 0.9844
vn -0.0601 -0.1085 0.9923
vn 0.2445 -0.1761 0.9535
vn 0.2336 -0.1421 0.9619
vn 0.0949 -0.1324 0.9866
vn 0.1068 -0.1596 0.9814
vn -0.6030 0.1465 0.7842
vn -0.5500 0.0520 0.8336
vn 0.5854 0.0942 0.8053
vn 0.5365 0.0081 0.8439
vn -0.4920 -0.3298 0.8057
vn -0.5394 -0.5176 0.6642
vn -0.4233 -0.5874 0.6897
vn -0.4433 -0.6702 0.5952
vn -0.3768 -0.1902 0.9066
vn -0.3413 -0.5110 0.7889
vn 0.4911 -0.3391 0.8024
vn 0.4047 -0.5997 0.6904
vn 0.3511 -0.5004 0.7914
vn 0.5350 -0.5313 0.6570
vn 0.4056 -0.6997 0.5882
vn 0.3902 -0.1866 0.9016
vn -0.8461 0.0383 0.5316
vn -0.9124 -0.0161 0.4089
vn 0.8342 0.0110 0.5514
vn 0.9015 -0.0381 0.4310
vn -0.5009 -0.4119 0.7613
vn -0.4722 -0.3839 0.7935
vn -0.3815 -0.3475 0.8566
vn 0.5144 -0.4011 0.7580
vn 0.4870 -0.3857 0.7836
vn 0.3826 -0.3293 0.8632
vn -0.1014 -0.1909 0.9764
vn -0.0932 -0.1753 0.9801
vn -0.0075 -0.1259 0.9920
vn -0.0892 -0.3764 0.9222
vn -0.0029 -0.1968 0.9804
vn -0.0043 -0.3615 0.9323
vn 0.0916 -0.1878 0.9779
vn 0.0745 -0.1690 0.9828
vn 0.0793 -0.3779 0.9224
vn -0.6673 -0.3326 0.6664
vn -0.6380 -0.3477 0.6871
vn 0.6655 -0.3474 0.6606
vn 0.6281 -0.3650 0.6872
vn -0.0874 -0.5341 0.8409
vn -0.0054 -0.5518 0.8339
vn -0.0054 -0.6717 0.7408
vn -0.0991 -0.6488 0.7545
vn 0.0767 -0.5359 0.8408
vn 0.0851 -0.6506 0.7546
vn -0.8028 -0.1757 0.5698
vn -0.8519 -0.1642 0.4973
vn 0.7796 -0.1766 0.6009
vn 0.8337 -0.1749 0.5238
vn -0.9701 -0.1873 0.1545
vn -0.9329 -0.1889 0.3067
vn 0.9636 -0.2080 0.1680
vn 0.9004 -0.2155 0.3779
vn -0.4568 0.0073 0.8895
vn -0.3240 -0.0299 0.9456
vn -0.2797 -0.0577 0.9583
vn -0.5249 -0.0237 0.8508
vn -0.4372 -0.0195 0.8992
vn -0.5044 -0.0239 0.8631
vn 0.4739 -0.0013 0.8806
vn 0.3600 -0.0337 0.9323
vn 0.4566 -0.0299 0.8892
vn 0.3219 -0.0728 0.9440
vn 0.5421 -0.0338 0.8396
vn 0.5193 -0.0247 0.8542
vn -0.9254 0.0437 0.3764
vn -0.9236 -0.0221 0.3828
vn 0.9152 0.0172 0.4026
vn 0.9089 -0.0417 0.4150
vn -0.5341 -0.2749 0.7995
vn -0.4901 -0.4479 0.7478
vn -0.5307 -0.3613 0.7667
vn -0.4987 -0.3567 0.7900
vn -0.4286 -0.4916 0.7581
vn -0.5457 -0.1410 0.8261
vn -0.5191 -0.2294 0.8233
vn -0.5612 -0.1716 0.8097
vn -0.5508 -0.0367 0.8339
vn 0.5734 -0.2588 0.7773
vn 0.5395 -0.3543 0.7638
vn 0.5459 -0.2325 0.8050
vn 0.5351 -0.4311 0.7265
vn 0.4787 -0.4888 0.7293
vn 0.5898 -0.1563 0.7923
vn 0.5561 -0.3548 0.7516
vn 0.5806 -0.1209 0.8052
vn 0.5805 -0.0165 0.8141
vn -0.5158 0.1350 0.8460
vn -0.5404 0.0573 0.8394
vn -0.5197 0.1248 0.8452
vn -0.5310 0.0695 0.8445
vn -0.4893 0.1871 0.8518
vn -0.4794 0.1415 0.8661
vn -0.5031 0.1813 0.8450
vn 0.5380 0.1398 0.8313
vn 0.5563 0.0796 0.8272
vn 0.5033 0.1358 0.8534
vn 0.5642 0.0737 0.8224
vn 0.5248 0.1803 0.8319
vn 0.5384 0.1320 0.8323
vn 0.5119 0.1821 0.8395
vn -0.2073 -0.2143 0.9545
vn -0.0148 -0.1416 0.9898
vn 0.1902 -0.2008 0.9610
vn -0.1106 -0.0491 0.9927
vn -0.1359 -0.0216 0.9905
vn -0.2283 -0.0236 0.9733
vn -0.1615 -0.0580 0.9852
vn 0.1283 -0.0717 0.9891
vn 0.1739 -0.0412 0.9839
vn 0.2265 -0.0739 0.9712
vn 0.3128 -0.0431 0.9488
vn -0.6003 -0.1490 0.7857
vn -0.5520 -0.1580 0.8188
vn -0.5181 -0.2018 0.8312
vn 0.5689 -0.1576 0.8072
vn 0.5031 -0.2101 0.8383
vn 0.5228 -0.1653 0.8363
vn -0.4829 -0.2829 0.8287
vn -0.4216 -0.3259 0.8462
vn -0.5045 -0.2152 0.8362
vn -0.4333 -0.2736 0.8587
vn -0.5334 -0.2916 0.7940
vn -0.5779 -0.2129 0.7878
vn -0.4679 -0.3432 0.8144
vn 0.5137 -0.2778 0.8118
vn 0.5486 -0.2030 0.8110
vn 0.6188 -0.2182 0.7547
vn 0.4465 -0.3172 0.8367
vn 0.4670 -0.2525 0.8474
vn 0.4908 -0.3462 0.7995
vn 0.5678 -0.2908 0.7701
vn -0.7216 -0.4054 0.5612
vn -0.6632 -0.4026 0.6310
vn 0.7259 -0.4056 0.5554
vn 0.6689 -0.4005 0.6263
vn -0.0933 -0.8052 0.5856
vn -0.0804 -0.6578 0.7489
vn 0.0029 -0.8026 0.5966
vn -0.0021 -0.6985 0.7156
vn 0.0900 -0.8221 0.5622
vn 0.0706 -0.6773 0.7323
vn -0.6409 0.0167 0.7675
vn -0.7066 0.1856 0.6828
vn -0.5277 -0.2065 0.8239
vn 0.6621 0.0021 0.7494
vn 0.7311 0.1607 0.6631
vn 0.5395 -0.2153 0.8140
vn -0.1139 -0.7048 0.7002
vn -0.0023 -0.7217 0.6922
vn 0.0043 -0.7218 0.6921
vn -0.1266 -0.6906 0.7121
vn 0.0985 -0.7081 0.6992
vn 0.1175 -0.6938 0.7105
vn -0.4375 0.0556 0.8975
vn -0.4283 0.1510 0.8909
vn -0.3599 0.1312 0.9237
vn -0.4672 0.0146 0.8840
vn -0.4464 -0.0412 0.8939
vn -0.4848 -0.0733 0.8716
vn -0.3773 0.0454 0.9250
vn 0.4593 0.0595 0.8863
vn 0.4895 0.0213 0.8717
vn 0.5010 -0.0686 0.8627
vn 0.4591 0.1438 0.8767
vn 0.3977 0.0463 0.9163
vn 0.3936 0.1319 0.9098
vn 0.4637 -0.0354 0.8853
vn -0.1100 -0.4830 0.8687
vn -0.0272 -0.3679 0.9295
vn 0.1245 -0.4894 0.8631
vn 0.0494 -0.3771 0.9249
vn -0.5352 -0.3144 0.7841
vn -0.5029 -0.3285 0.7995
vn -0.5699 -0.3351 0.7503
vn -0.4537 -0.7314 0.5090
vn -0.3595 -0.7444 0.5627
vn -0.3771 -0.8494 0.3692
vn -0.4462 -0.7603 0.4721
vn -0.4496 -0.8233 0.3464
vn -0.4708 -0.8203 0.3247
vn 0.5179 -0.3353 0.7870
vn 0.4870 -0.3479 0.8011
vn 0.5511 -0.3547 0.7553
vn 0.4432 -0.7205 0.5333
vn 0.3754 -0.7285 0.5730
vn 0.4655 -0.8001 0.3782
vn 0.4204 -0.8210 0.3862
vn 0.4012 -0.7639 0.5055
vn 0.4362 -0.8222 0.3657
vn -0.2374 0.2101 0.9484
vn -0.4318 0.2143 0.8761
vn 0.2180 0.1888 0.9575
vn 0.3809 0.1965 0.9035
vn -0.8033 0.3449 0.4855
vn -0.7993 0.3770 0.4680
vn -0.8176 0.3370 0.4669
vn -0.8193 0.3696 0.4384
vn 0.8244 0.3537 0.4418
vn 0.8381 0.3475 0.4204
vn 0.8142 0.3901 0.4300
vn 0.8391 0.3801 0.3891
vn -0.4402 0.2023 0.8748
vn -0.3906 0.1851 0.9017
vn -0.5091 0.1779 0.8422
vn -0.4562 0.1376 0.8792
vn -0.4842 0.1878 0.8546
vn 0.4779 0.1853 0.8586
vn 0.5623 0.1315 0.8164
vn 0.4393 0.1776 0.8806
vn 0.5303 0.1003 0.8419
vn 0.5096 0.1642 0.8446
vn -0.0121 -0.1880 0.9821
vn -0.2276 0.1575 0.9609
vn -0.3143 0.0235 0.9490
vn -0.1369 0.1078 0.9847
vn -0.1676 0.0135 0.9858
vn -0.1524 0.1910 0.9697
vn -0.0827 0.1807 0.9801
vn -0.2948 0.1991 0.9346
vn -0.2724 0.1860 0.9440
vn 0.2580 0.1526 0.9540
vn 0.1560 0.1120 0.9814
vn 0.1025 0.1809 0.9781
vn 0.3356 0.0219 0.9417
vn 0.1735 0.0181 0.9847
vn 0.3260 0.1853 0.9270
vn 0.1938 0.1874 0.9630
vn 0.3128 0.1803 0.9325
vn -0.1422 -0.5679 0.8107
vn -0.0060 -0.6028 0.7978
vn 0.1248 -0.5794 0.8054
vn -0.5186 -0.0327 0.8544
vn -0.5078 -0.1467 0.8489
vn -0.5334 -0.2274 0.8147
vn -0.4743 -0.1161 0.8727
vn -0.5046 -0.2579 0.8239
vn -0.5258 -0.0710 0.8477
vn -0.4757 -0.3151 0.8212
vn 0.5435 -0.0220 0.8392
vn 0.5253 -0.1467 0.8382
vn 0.5530 -0.2109 0.8061
vn 0.5316 -0.0653 0.8445
vn 0.5002 -0.1111 0.8588
vn 0.5114 -0.2964 0.8066
vn 0.5316 -0.2447 0.8109
vn -0.5064 -0.2159 0.8348
vn -0.4949 -0.2935 0.8179
vn -0.4950 -0.1542 0.8551
vn 0.5227 -0.2253 0.8222
vn 0.5113 -0.3097 0.8017
vn 0.5071 -0.1575 0.8474
vn -0.4832 -0.1861 0.8555
vn -0.4458 -0.1728 0.8783
vn -0.3791 -0.1538 0.9125
vn -0.3667 -0.1965 0.9094
vn 0.4872 -0.1775 0.8551
vn 0.4629 -0.1639 0.8711
vn 0.3707 -0.2038 0.9061
vn 0.3903 -0.1424 0.9096
vn -0.1623 0.0007 0.9867
vn -0.1207 0.0309 0.9922
vn -0.0389 0.0066 0.9992
vn 0.0127 0.0993 0.9950
vn 0.2164 -0.0154 0.9762
vn 0.1831 0.0162 0.9830
vn 0.0479 0.0691 0.9965
vn 0.0901 -0.0308 0.9955
vn -0.6048 -0.2901 0.7416
vn -0.6365 -0.2038 0.7439
vn -0.6174 -0.2747 0.7372
vn -0.6167 -0.1767 0.7671
vn -0.6439 -0.1109 0.7570
vn -0.5343 -0.3739 0.7581
vn -0.5510 -0.2615 0.7925
vn -0.5800 -0.3487 0.7362
vn 0.6125 -0.3440 0.7117
vn 0.6212 -0.2261 0.7504
vn 0.5320 -0.3135 0.7866
vn 0.6636 -0.2464 0.7063
vn 0.6683 -0.1398 0.7306
vn 0.5873 -0.4049 0.7008
vn 0.6415 -0.3198 0.6973
vn 0.5215 -0.4318 0.7359
vn -0.7990 0.4930 0.3444
vn -0.8154 0.4938 0.3022
vn -0.8421 0.4396 0.3123
vn -0.7989 0.5016 0.3318
vn -0.8094 0.4999 0.3081
vn -0.7871 0.4745 0.3941
vn -0.7987 0.4499 0.3996
vn -0.8197 0.4368 0.3705
vn -0.8040 0.4237 0.4173
vn 0.8046 0.5052 0.3122
vn 0.8033 0.5231 0.2846
vn 0.8072 0.4608 0.3690
vn 0.8144 0.5160 0.2654
vn 0.8082 0.5241 0.2683
vn 0.8237 0.4434 0.3534
vn 0.8394 0.4587 0.2914
vn 0.7886 0.4831 0.3804
vn 0.8105 0.4182 0.4101
vn -0.4956 0.1934 0.8467
vn -0.4592 0.1720 0.8715
vn -0.4949 0.1558 0.8549
vn -0.4586 0.1664 0.8729
vn 0.5148 0.1819 0.8378
vn 0.4780 0.1562 0.8643
vn 0.4763 0.1652 0.8636
vn 0.5077 0.1574 0.8470
vn -0.3918 -0.3678 0.8434
vn -0.4153 -0.3630 0.8341
vn -0.4035 -0.3916 0.8270
vn -0.3690 -0.3648 0.8549
vn -0.3531 -0.4283 0.8318
vn 0.4079 -0.3631 0.8377
vn 0.4096 -0.3921 0.8237
vn 0.3710 -0.4368 0.8195
vn 0.4217 -0.3682 0.8286
vn 0.3840 -0.3544 0.8526
vn -0.4485 -0.3922 0.8032
vn -0.3859 -0.4736 0.7916
vn -0.4201 -0.3937 0.8176
vn 0.4768 -0.4050 0.7802
vn 0.4196 -0.4917 0.7630
vn 0.4336 -0.4138 0.8005
vn -0.4453 -0.4798 0.7560
vn -0.4800 -0.3266 0.8142
vn -0.3785 -0.5630 0.7347
vn -0.3872 -0.3711 0.8440
vn 0.4128 -0.5205 0.7475
vn 0.4413 -0.3646 0.8199
vn 0.3538 -0.3910 0.8497
vn 0.3406 -0.5893 0.7326
vn -0.2244 -0.0022 0.9745
vn -0.1776 0.0065 0.9841
vn -0.2403 0.0641 0.9686
vn -0.2349 0.0661 0.9698
vn -0.3029 0.0208 0.9528
vn -0.2714 0.0365 0.9618
vn 0.2347 -0.0077 0.9720
vn 0.2014 -0.0019 0.9795
vn 0.2698 0.0659 0.9607
vn 0.3072 0.0157 0.9515
vn 0.2644 0.0647 0.9623
vn 0.2906 0.0361 0.9562
vn -0.3802 -0.3856 0.8407
vn 0.3882 -0.3892 0.8354
vn -0.6063 -0.2717 0.7474
vn -0.5862 -0.3015 0.7520
vn -0.5949 -0.2529 0.7630
vn -0.6228 -0.2224 0.7501
vn -0.5873 -0.3147 0.7457
vn 0.6344 -0.2965 0.7139
vn 0.6226 -0.2628 0.7371
vn 0.6037 -0.3183 0.7309
vn 0.6062 -0.3586 0.7099
vn 0.6604 -0.2504 0.7080
vn -0.5808 -0.3105 0.7525
vn 0.5925 -0.3208 0.7389
vn 0.0434 -0.2323 0.9717
vn -0.1178 -0.1696 0.9785
vn -0.1255 -0.1727 0.9770
vn 0.0836 -0.2927 0.9525
vn 0.0056 -0.2106 0.9776
vn 0.0626 -0.3153 0.9469
vn 0.0043 -0.2665 0.9638
vn 0.1607 -0.1980 0.9669
vn 0.0523 -0.2621 0.9636
vn 0.1598 -0.1948 0.9677
vn -0.0524 -0.3125 0.9485
vn -0.0025 -0.3508 0.9364
vn -0.4984 -0.6140 0.6120
vn -0.4796 -0.7223 0.4983
vn -0.5980 -0.6021 0.5290
vn -0.4034 -0.7320 0.5490
vn -0.3975 -0.7772 0.4878
vn -0.6008 -0.4657 0.6497
vn 0.4711 -0.6363 0.6109
vn 0.3722 -0.7548 0.5402
vn 0.4396 -0.7479 0.4974
vn 0.3519 -0.7982 0.4889
vn 0.5720 -0.4868 0.6602
vn 0.5556 -0.6314 0.5410
vn -0.6831 -0.3743 0.6271
vn 0.6891 -0.3725 0.6216
vn -0.6027 -0.3606 0.7119
vn 0.5853 -0.3800 0.7162
vn -0.5670 -0.0442 0.8225
vn -0.5359 0.0454 0.8431
vn -0.5901 -0.1551 0.7923
vn -0.5120 -0.0724 0.8559
vn 0.5879 -0.0307 0.8083
vn 0.6078 -0.1528 0.7792
vn 0.5507 0.0583 0.8327
vn 0.5323 -0.0613 0.8443
vn -0.7163 0.4557 0.5284
vn -0.7521 0.4763 0.4555
vn -0.7181 0.4337 0.5443
vn -0.7852 0.3870 0.4833
vn -0.6419 0.5056 0.5765
vn 0.7246 0.4523 0.5200
vn 0.7929 0.3891 0.4690
vn 0.7544 0.4775 0.4505
vn 0.6559 0.4985 0.5669
vn 0.7255 0.4192 0.5459
vn -0.5444 -0.3887 0.7433
vn 0.5472 -0.4447 0.7091
vn -0.1857 0.0144 0.9825
vn -0.3247 -0.0061 0.9458
vn -0.2703 0.0710 0.9602
vn -0.3725 0.0402 0.9271
vn 0.2335 0.0012 0.9724
vn 0.3255 0.0587 0.9437
vn 0.4153 -0.0337 0.9090
vn 0.4633 0.0090 0.8862
vn -0.5668 -0.3064 0.7647
vn 0.5922 -0.3052 0.7458
vn -0.2551 -0.1601 0.9536
vn -0.2616 -0.1150 0.9583
vn 0.2709 -0.1843 0.9448
vn 0.2824 -0.1247 0.9512
vn -0.4597 -0.1593 0.8737
vn -0.3466 -0.1822 0.9201
vn -0.3170 0.0088 0.9484
vn -0.5422 -0.1137 0.8325
vn -0.4233 0.0052 0.9060
vn -0.5120 0.0453 0.8578
vn 0.4252 -0.1864 0.8857
vn 0.3175 -0.2058 0.9257
vn 0.3892 -0.0022 0.9211
vn 0.2952 -0.0159 0.9553
vn 0.5210 -0.1458 0.8410
vn 0.4918 0.0501 0.8693
vn -0.8492 0.3201 0.4200
vn -0.8307 0.2968 0.4710
vn -0.8681 0.1008 0.4860
vn -0.8310 0.0839 0.5499
vn -0.8838 0.3235 0.3380
vn -0.9074 0.1368 0.3973
vn 0.8499 0.3240 0.4156
vn 0.8669 0.1010 0.4882
vn 0.9051 0.1393 0.4017
vn 0.8339 0.2849 0.4726
vn 0.8325 0.0781 0.5485
vn 0.8791 0.3433 0.3307
vn 0.0041 -0.0853 0.9963
vn 0.0656 -0.0526 0.9965
vn 0.0170 -0.1070 0.9941
vn -0.0406 -0.0990 0.9943
vn -0.0228 -0.1013 0.9946
vn -0.1103 -0.2323 0.9664
vn 0.0814 -0.2606 0.9620
vn -0.0456 -0.3061 0.9509
vn 0.0775 0.0189 0.9968
vn 0.1292 -0.1812 0.9749
vn 0.0695 -0.0767 0.9946
vn 0.1456 -0.2246 0.9635
vn 0.0443 -0.2606 0.9644
vn -0.0168 0.0314 0.9994
vn -0.0481 -0.1887 0.9809
vn -0.0872 -0.1186 0.9891
vn -0.1906 0.5563 0.8088
vn 0.0134 0.5289 0.8486
vn -0.0984 0.4949 0.8633
vn 0.0139 0.4967 0.8678
vn -0.2796 0.5901 0.7573
vn -0.2018 0.4843 0.8513
vn 0.2134 0.5512 0.8066
vn 0.1331 0.4916 0.8606
vn 0.2376 0.4769 0.8462
vn 0.3066 0.5799 0.7548
vn -0.4230 -0.2590 0.8683
vn -0.3626 -0.2214 0.9053
vn -0.4193 -0.2954 0.8585
vn -0.3086 -0.2886 0.9064
vn 0.4465 -0.2467 0.8601
vn 0.4483 -0.2758 0.8503
vn 0.3774 -0.2043 0.9032
vn 0.3117 -0.2716 0.9105
vn -0.1883 -0.8216 0.5380
vn -0.1892 -0.8922 0.4102
vn 0.0206 -0.8423 0.5386
vn 0.0369 -0.9130 0.4063
vn -0.1753 -0.6590 0.7314
vn 0.0055 -0.6727 0.7399
vn 0.2254 -0.8049 0.5490
vn 0.2587 -0.8723 0.4149
vn 0.1901 -0.6481 0.7375
vn -0.6294 -0.3169 0.7095
vn 0.6323 -0.3192 0.7059
vn -0.4139 -0.5798 0.7018
vn -0.3677 -0.6356 0.6788
vn -0.3839 -0.6657 0.6399
vn -0.3913 -0.5608 0.7297
vn -0.3793 -0.5890 0.7136
vn -0.4645 -0.5401 0.7019
vn 0.4543 -0.5761 0.6795
vn 0.4404 -0.5742 0.6902
vn 0.3922 -0.6516 0.6493
vn 0.4139 -0.6127 0.6733
vn 0.4820 -0.5427 0.6879
vn 0.3923 -0.6746 0.6254
vn -0.5441 -0.0475 0.8377
vn -0.5005 -0.0570 0.8639
vn -0.8250 -0.1017 0.5559
vn -0.7633 -0.0509 0.6440
vn -0.6099 -0.0661 0.7897
vn -0.8236 -0.1733 0.5401
vn 0.6646 -0.0805 0.7428
vn 0.6159 -0.0697 0.7847
vn 0.8446 -0.0410 0.5338
vn 0.7216 -0.1107 0.6834
vn 0.9058 -0.1119 0.4086
vn 0.8940 -0.2103 0.3957
vn -0.4929 0.0793 0.8664
vn -0.4380 0.0848 0.8950
vn -0.4633 -0.0667 0.8837
vn -0.4238 -0.0558 0.9040
vn 0.5099 0.0948 0.8550
vn 0.4833 -0.0537 0.8738
vn 0.4554 0.1030 0.8843
vn 0.4437 -0.0396 0.8953
vn -0.6058 -0.0574 0.7936
vn -0.6359 -0.0147 0.7716
vn -0.5820 0.0594 0.8110
vn -0.6033 0.0853 0.7930
vn 0.6070 -0.0672 0.7919
vn 0.5787 0.0807 0.8115
vn 0.6495 -0.0076 0.7604
vn 0.6059 0.1297 0.7849
vn -0.4350 0.1394 0.8896
vn -0.4439 -0.3038 0.8430
vn -0.3742 -0.2869 0.8818
vn -0.4802 -0.2573 0.8386
vn -0.4020 -0.2662 0.8761
vn 0.3851 0.1321 0.9134
vn 0.4790 -0.2882 0.8291
vn 0.5133 -0.2502 0.8210
vn 0.3937 -0.2655 0.8800
vn 0.4289 -0.2663 0.8632
vn -0.6103 -0.6345 0.4743
vn -0.5631 -0.6790 0.4711
vn -0.4655 -0.8038 0.3703
vn -0.6649 -0.4323 0.6091
vn -0.6582 -0.4764 0.5829
vn -0.6056 -0.5949 0.5286
vn -0.6437 -0.4466 0.6215
vn -0.5610 -0.7448 0.3612
vn -0.5635 -0.7393 0.3688
vn 0.5499 -0.6882 0.4733
vn 0.6457 -0.4606 0.6091
vn 0.6451 -0.4785 0.5957
vn 0.5170 -0.6910 0.5053
vn 0.6357 -0.4786 0.6057
vn 0.4785 -0.7911 0.3810
vn 0.3916 -0.8264 0.4046
vn 0.5651 -0.6649 0.4885
vn 0.5067 -0.7929 0.3387
vn -0.7072 -0.2186 0.6724
vn -0.7434 0.0147 0.6687
vn -0.7775 0.0208 0.6285
vn -0.6882 -0.2205 0.6912
vn -0.7194 0.0129 0.6945
vn -0.7255 -0.2400 0.6450
vn 0.6998 -0.2289 0.6766
vn 0.6909 -0.2277 0.6862
vn 0.7343 -0.0062 0.6787
vn 0.7225 0.0121 0.6913
vn 0.7132 -0.2496 0.6550
vn 0.7615 -0.0036 0.6481
vn -0.3870 0.1586 0.9083
vn -0.4796 0.1498 0.8646
vn -0.3572 0.2509 0.8997
vn -0.4461 0.2304 0.8648
vn -0.2813 0.1439 0.9488
vn -0.2621 0.2442 0.9336
vn 0.3680 0.1734 0.9135
vn 0.3476 0.2830 0.8939
vn 0.2678 0.2374 0.9338
vn 0.4574 0.1889 0.8690
vn 0.4268 0.2873 0.8575
vn 0.2677 0.1281 0.9550
vn -0.4301 -0.5856 0.6871
vn -0.4901 -0.4705 0.7338
vn -0.3631 -0.6068 0.7071
vn -0.3954 -0.4946 0.7740
vn -0.3601 -0.6761 0.6428
vn -0.3136 -0.6934 0.6488
vn 0.4359 -0.6016 0.6694
vn 0.5022 -0.4789 0.7200
vn 0.4115 -0.4992 0.7625
vn 0.3603 -0.6903 0.6274
vn 0.3737 -0.6275 0.6830
vn 0.3257 -0.7085 0.6261
vn 0.1211 -0.3352 0.9343
vn 0.1188 -0.2402 0.9634
vn 0.0978 -0.3120 0.9450
vn -0.0952 -0.3168 0.9437
vn -0.0236 -0.2922 0.9561
vn -0.1251 -0.1892 0.9739
vn -0.6053 0.4826 0.6330
vn -0.5454 0.4313 0.7187
vn -0.4423 0.4572 0.7716
vn -0.6629 0.4224 0.6182
vn -0.6259 0.3104 0.7155
vn -0.4873 0.5272 0.6961
vn -0.6540 -0.2125 0.7260
vn -0.6516 -0.0596 0.7562
vn -0.5379 -0.1958 0.8199
vn -0.5286 -0.0518 0.8473
vn -0.6173 -0.3956 0.6800
vn -0.5277 -0.3491 0.7744
vn 0.6183 0.4737 0.6271
vn 0.6776 0.4091 0.6111
vn 0.5594 0.4312 0.7079
vn 0.6293 0.3164 0.7099
vn 0.5040 0.5178 0.6913
vn 0.4581 0.4488 0.7672
vn 0.6605 -0.2089 0.7211
vn 0.5400 -0.1892 0.8201
vn 0.5388 -0.3346 0.7731
vn 0.6528 -0.0466 0.7561
vn 0.5333 -0.0414 0.8449
vn 0.6346 -0.3844 0.6705
vn -0.8244 -0.1558 0.5442
vn -0.8809 -0.1299 0.4551
vn -0.7755 -0.3905 0.4961
vn -0.7811 -0.2008 0.5913
vn -0.7068 -0.4345 0.5583
vn -0.6611 -0.4730 0.5824
vn 0.8282 -0.1533 0.5391
vn 0.8775 -0.1411 0.4584
vn 0.7182 -0.4284 0.5482
vn 0.7760 -0.3860 0.4988
vn 0.7857 -0.1905 0.5886
vn 0.6720 -0.4522 0.5865
vn -0.3811 0.1239 0.9162
vn -0.4707 0.0536 0.8807
vn -0.4092 -0.0846 0.9085
vn -0.4905 -0.1187 0.8633
vn -0.2951 0.0361 0.9548
vn -0.3167 -0.1534 0.9360
vn 0.3990 0.1473 0.9050
vn 0.4699 0.1153 0.8751
vn 0.5050 -0.0843 0.8590
vn 0.3194 0.0212 0.9474
vn 0.4582 -0.0599 0.8868
vn 0.3485 -0.1647 0.9227
vn -0.2798 -0.1442 0.9492
vn -0.1565 -0.3039 0.9398
vn -0.1748 -0.0730 0.9819
vn -0.1857 -0.1948 0.9631
vn 0.2959 -0.1388 0.9451
vn 0.1718 -0.0676 0.9828
vn 0.1626 -0.2944 0.9417
vn 0.1820 -0.1936 0.9641
vn -0.0957 -0.6610 0.7442
vn -0.1712 -0.6613 0.7303
vn -0.0513 -0.5168 0.8546
vn -0.1496 -0.4752 0.8670
vn 0.0154 -0.6580 0.7528
vn 0.0192 -0.5256 0.8505
vn 0.0966 -0.6649 0.7407
vn 0.1461 -0.6605 0.7365
vn 0.1381 -0.4726 0.8704
vn 0.0769 -0.5270 0.8464
vn -0.8870 -0.1119 0.4481
vn 0.8731 -0.1278 0.4704
vn -0.0300 0.1826 0.9827
vn 0.0955 0.2610 0.9606
vn 0.1084 0.2020 0.9734
vn -0.2037 0.0215 0.9788
vn 0.0510 0.0953 0.9941
vn 0.1175 0.1157 0.9863
vn -0.0012 0.1532 0.9882
vn 0.1427 0.0302 0.9893
vn -0.0963 0.2376 0.9666
vn -0.0731 0.1139 0.9908
vn -0.1179 0.0569 0.9914
vn -0.0993 0.1491 0.9838
vn -0.1444 -0.3908 0.9091
vn -0.1041 -0.2141 0.9713
vn -0.0063 -0.2170 0.9761
vn -0.0049 -0.4297 0.9029
vn 0.1416 -0.3847 0.9121
vn 0.0899 -0.2136 0.9728
vn -0.5431 -0.1383 0.8282
vn -0.6204 -0.1154 0.7757
vn -0.6217 -0.0658 0.7805
vn -0.4707 -0.2181 0.8549
vn -0.6023 -0.0475 0.7969
vn -0.5104 -0.0129 0.8598
vn 0.5937 -0.1130 0.7967
vn 0.6687 -0.1166 0.7343
vn 0.6451 -0.0074 0.7641
vn 0.6669 -0.0616 0.7426
vn 0.5134 -0.1750 0.8401
vn 0.5392 0.0329 0.8415
vn -0.4953 -0.0821 0.8648
vn -0.7897 -0.0180 0.6132
vn -0.4326 -0.1004 0.8960
vn 0.5572 -0.0633 0.8279
vn 0.5323 -0.1044 0.8401
vn 0.8353 0.0125 0.5496
vn -0.7513 0.2333 0.6174
vn -0.7412 0.4086 0.5325
vn -0.7806 0.3655 0.5070
vn -0.7414 0.2540 0.6211
vn -0.7906 0.2023 0.5780
vn 0.7432 0.2174 0.6328
vn 0.7452 0.2414 0.6216
vn 0.7364 0.3950 0.5493
vn 0.7763 0.1755 0.6054
vn 0.7721 0.3463 0.5328
vn -0.3646 -0.6594 0.6575
vn -0.3367 -0.6353 0.6950
vn -0.4165 -0.5604 0.7158
vn -0.3834 -0.5337 0.7537
vn -0.4153 -0.6113 0.6737
vn -0.4623 -0.5173 0.7202
vn 0.3732 -0.6605 0.6515
vn 0.4240 -0.5623 0.7099
vn 0.4621 -0.5327 0.7090
vn 0.3580 -0.6335 0.6860
vn 0.4043 -0.5302 0.7453
vn 0.4171 -0.6199 0.6646
vn -0.4704 -0.1547 0.8688
vn -0.4152 -0.2120 0.8847
vn 0.4898 -0.1569 0.8576
vn 0.4297 -0.2237 0.8748
vn -0.5320 0.0733 0.8436
vn -0.5114 0.2061 0.8342
vn -0.5685 -0.0022 0.8226
vn -0.5524 0.1647 0.8171
vn -0.5467 -0.1040 0.8308
vn -0.5825 -0.1921 0.7898
vn 0.5273 0.1198 0.8412
vn 0.5753 0.0219 0.8176
vn 0.5969 -0.1777 0.7824
vn 0.4963 0.2777 0.8226
vn 0.5493 0.2128 0.8081
vn 0.5470 -0.0820 0.8331
vn -0.3109 -0.6135 0.7259
vn -0.3564 -0.4637 0.8111
vn -0.2825 -0.6064 0.7433
vn -0.3257 -0.4708 0.8199
vn -0.2695 -0.7084 0.6524
vn -0.2712 -0.6899 0.6712
vn 0.3329 -0.6223 0.7085
vn 0.3776 -0.4674 0.7993
vn 0.3435 -0.4751 0.8101
vn 0.2932 -0.7225 0.6261
vn 0.2979 -0.6098 0.7345
vn 0.2883 -0.6942 0.6595
vn -0.1547 0.1488 0.9767
vn -0.0737 0.1644 0.9836
vn -0.1815 0.0130 0.9833
vn -0.1136 0.0546 0.9920
vn -0.2520 0.1193 0.9603
vn -0.2778 -0.0185 0.9604
vn 0.1917 0.1442 0.9708
vn 0.0920 0.1532 0.9839
vn 0.1222 0.0336 0.9919
vn 0.2975 0.1217 0.9469
vn 0.2001 0.0008 0.9798
vn 0.3093 -0.0180 0.9508
vn -0.0977 -0.3080 0.9464
vn 0.0167 -0.3011 0.9534
vn -0.1756 -0.2896 0.9409
vn -0.1911 -0.2467 0.9501
vn 0.1103 -0.3105 0.9441
vn 0.1755 -0.2658 0.9479
vn 0.0014 -0.3089 0.9511
vn 0.1985 -0.2502 0.9476
vn -0.4168 -0.2608 0.8708
vn -0.4486 -0.2814 0.8483
vn -0.3696 -0.2650 0.8906
vn 0.4376 -0.2591 0.8611
vn 0.4665 -0.2760 0.8404
vn 0.3885 -0.2580 0.8846
vn -0.0520 0.1023 0.9934
vn -0.0361 0.1633 0.9859
vn -0.0129 0.1725 0.9849
vn -0.0806 -0.0033 0.9967
vn -0.0100 0.0918 0.9957
vn -0.0077 -0.0028 1.0000
vn 0.0418 0.1089 0.9932
vn 0.0261 0.1647 0.9860
vn 0.0660 0.0090 0.9978
vn -0.9149 0.3140 0.2536
vn -0.9283 0.1667 0.3324
vn -0.9506 0.2643 0.1629
vn -0.8898 0.3996 0.2203
vn -0.9416 0.3042 0.1441
vn -0.9072 0.3811 0.1783
vn 0.9114 0.3521 0.2128
vn 0.9401 0.1957 0.2790
vn 0.9379 0.3316 0.1022
vn 0.9535 0.2834 0.1022
vn 0.8781 0.4377 0.1935
vn 0.8987 0.4101 0.1555
vn 0.1561 0.1189 0.9806
vn 0.1505 -0.0603 0.9868
vn 0.0841 0.1559 0.9842
vn -0.1211 0.1223 0.9851
vn -0.1469 0.0016 0.9891
vn -0.0395 0.1084 0.9933
vn -0.5423 0.1572 0.8254
vn -0.5809 0.1255 0.8043
vn 0.5328 0.2051 0.8210
vn 0.5821 0.1851 0.7918
vn -0.0349 0.1819 0.9827
vn -0.0539 0.0699 0.9961
vn -0.0026 0.0784 0.9969
vn -0.0093 0.1755 0.9844
vn 0.0247 0.1739 0.9845
vn 0.0531 0.0500 0.9973
vn -0.2853 -0.6705 0.6848
vn -0.2993 -0.6501 0.6984
vn -0.3242 -0.5499 0.7697
vn -0.2816 -0.5857 0.7600
vn 0.3136 -0.6769 0.6659
vn 0.3535 -0.5507 0.7562
vn 0.3223 -0.6571 0.6815
vn 0.2980 -0.5902 0.7502
vn 0.0644 0.0671 0.9957
vn -0.0304 0.0087 0.9995
vn -0.9144 0.3191 0.2493
vn -0.9503 0.1401 0.2782
vn -0.9424 0.2981 0.1517
vn -0.9741 0.1452 0.1732
vn -0.8779 0.4192 0.2312
vn 0.9081 0.3464 0.2355
vn 0.9505 0.1589 0.2672
vn 0.9751 0.1607 0.1526
vn 0.8683 0.4484 0.2123
vn 0.9383 0.3197 0.1318
vn -0.5080 -0.6962 0.5072
vn -0.5161 -0.6688 0.5351
vn -0.3526 -0.7880 0.5047
vn -0.6499 -0.4867 0.5837
vn -0.4037 -0.7991 0.4455
vn 0.4885 -0.6873 0.5376
vn 0.6466 -0.4693 0.6014
vn 0.5339 -0.6499 0.5409
vn 0.3733 -0.7934 0.4809
vn 0.3570 -0.7820 0.5109
vn -0.6082 0.0882 0.7888
vn -0.4851 0.0728 0.8714
vn -0.4293 0.2069 0.8791
vn -0.6841 0.1371 0.7164
vn -0.5576 0.1885 0.8084
vn 0.6110 0.1086 0.7841
vn 0.4910 0.0882 0.8667
vn 0.5634 0.2099 0.7991
vn 0.4422 0.2258 0.8681
vn 0.6831 0.1462 0.7155
vn -0.1780 0.1389 0.9742
vn -0.1547 0.2373 0.9590
vn -0.0764 0.1095 0.9911
vn -0.0671 0.2143 0.9745
vn -0.1993 -0.0177 0.9798
vn -0.0998 -0.0365 0.9943
vn 0.1825 0.1109 0.9769
vn 0.1749 0.2087 0.9622
vn 0.1037 0.1805 0.9781
vn 0.1924 -0.0412 0.9804
vn 0.1073 0.0770 0.9912
vn 0.1212 -0.0570 0.9910
vn -0.8495 0.4571 0.2636
vn -0.8214 0.4757 0.3147
vn 0.8414 0.4862 0.2360
vn 0.8179 0.5032 0.2790
vn -0.3305 0.0051 0.9438
vn -0.3078 0.0660 0.9492
vn 0.3422 0.0059 0.9396
vn 0.3347 0.0750 0.9393
vn -0.1732 -0.9298 0.3247
vn -0.1542 -0.9277 0.3401
vn -0.3147 -0.8976 0.3088
vn 0.0434 -0.9373 0.3459
vn 0.0272 -0.9413 0.3364
vn -0.3365 -0.8958 0.2903
vn 0.2543 -0.9161 0.3099
vn 0.2230 -0.9229 0.3138
vn 0.4137 -0.8683 0.2737
vn 0.3852 -0.8875 0.2528
vn -0.2429 -0.2029 0.9486
vn -0.1181 -0.2578 0.9590
vn -0.2532 -0.3874 0.8865
vn 0.2284 -0.2174 0.9490
vn 0.1332 -0.2637 0.9554
vn 0.2336 -0.3914 0.8901
vn -0.5575 -0.0534 0.8284
vn -0.5471 0.1171 0.8288
vn -0.5270 -0.1441 0.8375
vn -0.5125 -0.1985 0.8354
vn -0.5471 -0.3464 0.7620
vn 0.5737 -0.0335 0.8184
vn 0.5510 -0.1133 0.8267
vn 0.5855 -0.3154 0.7468
vn 0.5522 0.1611 0.8180
vn 0.5353 -0.1923 0.8225
vn -0.1981 0.0759 0.9772
vn -0.2491 -0.1258 0.9603
vn -0.1272 -0.0162 0.9917
vn -0.1693 -0.2196 0.9608
vn 0.2174 0.0517 0.9747
vn 0.1568 -0.0300 0.9872
vn 0.2613 -0.1535 0.9530
vn 0.1866 -0.2187 0.9578
vn -0.0362 -0.2856 0.9577
vn -0.0166 -0.0776 0.9968
vn 0.0249 -0.3118 0.9498
vn 0.0279 -0.0720 0.9970
vn 0.0745 -0.2926 0.9533
vn 0.0681 -0.0981 0.9928
vn -0.4492 -0.8567 0.2537
vn -0.4835 -0.8390 0.2498
vn -0.4157 -0.8607 0.2939
vn -0.4862 -0.8228 0.2942
vn 0.4879 -0.8372 0.2471
vn 0.4785 -0.8492 0.2236
vn 0.4704 -0.8456 0.2526
vn 0.5100 -0.8285 0.2315
vn -0.2486 -0.2744 0.9289
vn 0.2563 -0.2594 0.9312
vn -0.8409 0.3506 0.4122
vn -0.8130 0.4066 0.4168
vn -0.8376 0.4023 0.3697
vn 0.8581 0.3625 0.3637
vn 0.8504 0.4145 0.3240
vn 0.8305 0.4168 0.3695
vn -0.6302 -0.0104 0.7763
vn -0.6466 -0.0624 0.7602
vn -0.5888 0.0336 0.8075
vn 0.6524 0.0220 0.7576
vn 0.6802 -0.0707 0.7296
vn 0.5936 0.1018 0.7983
vn -0.5558 -0.6240 0.5493
vn -0.6339 -0.5891 0.5012
vn -0.4776 -0.7204 0.5030
vn -0.4660 -0.6986 0.5430
vn 0.5756 -0.6140 0.5401
vn 0.6369 -0.5825 0.5050
vn 0.4737 -0.6993 0.5353
vn 0.4666 -0.7235 0.5088
vn -0.3753 0.0992 0.9216
vn -0.3757 0.1689 0.9112
vn -0.3484 -0.0500 0.9360
vn 0.4065 0.1100 0.9070
vn 0.4070 0.1639 0.8986
vn 0.3757 -0.0387 0.9259
vn -0.9375 -0.0801 0.3386
vn -0.9771 -0.0575 0.2048
vn -0.9249 -0.2778 0.2595
vn -0.8596 -0.3427 0.3791
vn 0.9367 -0.0772 0.3414
vn 0.9824 -0.0435 0.1815
vn 0.8586 -0.3357 0.3874
vn 0.9274 -0.2689 0.2599
vn -0.6853 -0.2095 0.6975
vn -0.7353 -0.4246 0.5283
vn -0.6985 -0.2564 0.6681
vn -0.6841 0.0344 0.7286
vn 0.6598 -0.2801 0.6973
vn 0.6952 -0.4774 0.5373
vn 0.7099 -0.0517 0.7024
vn 0.6918 -0.3434 0.6352
vn -0.7570 -0.2116 0.6183
vn -0.8061 0.0353 0.5907
vn 0.7471 -0.2124 0.6299
vn 0.7994 0.0141 0.6006
vn -0.7662 0.4710 0.4371
vn -0.8017 0.4048 0.4397
vn 0.7659 0.4688 0.4400
vn 0.8046 0.3890 0.4487
vn -0.3329 0.1359 0.9331
vn -0.4369 0.0801 0.8960
vn -0.2945 0.1172 0.9484
vn 0.3874 0.1310 0.9125
vn 0.5250 0.0468 0.8498
vn 0.3344 0.1208 0.9347
vn -0.8183 0.2514 0.5170
vn 0.8176 0.2307 0.5276
vn -0.2275 -0.1910 0.9549
vn -0.1568 -0.1533 0.9757
vn -0.2430 -0.4168 0.8759
vn -0.1852 -0.3899 0.9020
vn -0.2761 -0.2352 0.9319
vn -0.2861 -0.4471 0.8475
vn 0.2405 -0.2138 0.9468
vn 0.1634 -0.1907 0.9679
vn 0.2118 -0.4089 0.8877
vn 0.2935 -0.2447 0.9241
vn 0.2618 -0.4367 0.8607
vn 0.2953 -0.4592 0.8378
vn -0.3674 -0.2926 0.8829
vn -0.3327 -0.1333 0.9335
vn -0.3183 -0.3977 0.8605
vn -0.3006 -0.4284 0.8521
vn 0.3859 -0.2653 0.8836
vn 0.3563 -0.0819 0.9308
vn 0.3077 -0.4425 0.8423
vn 0.3337 -0.3985 0.8543
vn -0.1392 -0.7440 0.6535
vn -0.1310 -0.8430 0.5218
vn 0.0026 -0.8576 0.5142
vn -0.2429 -0.7289 0.6401
vn -0.2554 -0.8316 0.4931
vn -0.1544 -0.6155 0.7728
vn -0.2875 -0.6217 0.7286
vn -0.0042 -0.7559 0.6547
vn 0.0017 -0.6258 0.7800
vn 0.1270 -0.7503 0.6488
vn 0.2344 -0.7336 0.6379
vn 0.2994 -0.6045 0.7382
vn 0.1340 -0.8539 0.5029
vn 0.2653 -0.8497 0.4557
vn 0.1531 -0.6151 0.7734
vn -0.6393 -0.1478 0.7546
vn 0.6785 -0.1727 0.7140
vn -0.1362 -0.9088 0.3943
vn -0.2867 -0.8787 0.3818
vn 0.0108 -0.9148 0.4038
vn 0.1693 -0.9136 0.3696
vn 0.3264 -0.8872 0.3262
vn -0.0853 0.3894 0.9171
vn -0.1789 0.3675 0.9126
vn -0.1899 0.2535 0.9485
vn 0.0242 0.3899 0.9206
vn -0.0775 0.2616 0.9620
vn 0.0226 0.2696 0.9627
vn 0.1265 0.3899 0.9121
vn 0.2175 0.3729 0.9020
vn 0.1187 0.2617 0.9578
vn 0.2202 0.2611 0.9399
vn -0.3413 -0.2516 0.9057
vn -0.3030 -0.4606 0.8343
vn 0.3585 -0.2542 0.8983
vn 0.3107 -0.4656 0.8287
vn -0.0124 0.0975 0.9952
vn -0.0207 0.1885 0.9818
vn 0.0240 0.0638 0.9977
vn 0.0093 0.1711 0.9852
vn 0.0547 0.0765 0.9956
vn 0.0510 0.1556 0.9865
vn -0.0954 -0.0963 0.9908
vn -0.0062 -0.1002 0.9949
vn 0.0816 -0.0932 0.9923
vn -0.3945 -0.6309 0.6681
vn -0.4261 -0.5327 0.7312
vn 0.4081 -0.6450 0.6461
vn 0.4527 -0.5537 0.6989
vn -0.2797 -0.6025 0.7475
vn -0.2715 -0.6003 0.7523
vn -0.2675 -0.6716 0.6909
vn -0.2592 -0.7023 0.6630
vn 0.2837 -0.6079 0.7416
vn 0.2666 -0.6770 0.6860
vn 0.2777 -0.6059 0.7455
vn 0.2655 -0.7018 0.6610
vn -0.8805 -0.3636 0.3043
vn -0.7843 -0.2322 0.5753
vn -0.7289 -0.2841 0.6229
vn -0.9392 -0.2243 0.2600
vn -0.8958 -0.4002 0.1934
vn -0.9626 -0.2411 0.1240
vn -0.7871 -0.4669 0.4031
vn -0.7692 -0.5718 0.2852
vn -0.9628 0.2461 0.1115
vn -0.9682 0.1866 0.1667
vn -0.9904 0.0806 0.1128
vn -0.9892 0.1190 0.0858
vn 0.8964 -0.3943 0.2025
vn 0.9605 -0.2404 0.1400
vn 0.9692 -0.2368 0.0675
vn 0.8459 -0.2890 0.4483
vn 0.7999 -0.5061 0.3226
vn 0.7761 -0.3611 0.5170
vn 0.8998 -0.4124 0.1425
vn 0.7625 -0.5905 0.2644
vn 0.9618 0.2663 0.0643
vn 0.9745 0.2007 0.1006
vn 0.9896 0.1371 0.0441
vn 0.9937 0.0996 0.0513
vn -0.1144 -0.4871 0.8658
vn -0.2026 -0.5085 0.8369
vn -0.0834 -0.3230 0.9427
vn -0.2034 -0.3098 0.9288
vn 0.0112 -0.4671 0.8841
vn 0.0145 -0.3133 0.9495
vn 0.1232 -0.4783 0.8695
vn 0.1127 -0.3177 0.9415
vn 0.2145 -0.4974 0.8406
vn 0.2236 -0.2974 0.9282
vn -0.4434 -0.7937 0.4165
vn -0.4207 -0.7389 0.5264
vn -0.3933 -0.8449 0.3624
vn -0.3586 -0.8249 0.4369
vn -0.4640 -0.8296 0.3106
vn 0.3612 -0.8168 0.4498
vn 0.3357 -0.7725 0.5390
vn 0.2831 -0.8409 0.4612
vn 0.3870 -0.8548 0.3458
vn 0.3095 -0.8647 0.3955
vn -0.5273 -0.5445 0.6523
vn -0.5831 -0.5849 0.5639
vn -0.4911 -0.7036 0.5136
vn -0.4371 -0.5396 0.7196
vn -0.4279 -0.6253 0.6526
vn 0.5592 -0.5363 0.6323
vn 0.6147 -0.6127 0.4968
vn 0.4760 -0.6088 0.6347
vn 0.5467 -0.7100 0.4439
vn 0.4649 -0.5218 0.7152
vn -0.4087 -0.8366 0.3648
vn -0.4901 -0.7785 0.3920
vn -0.3916 -0.7961 0.4615
vn 0.4621 -0.8407 0.2824
vn 0.4242 -0.8090 0.4069
vn 0.5340 -0.7925 0.2945
vn -0.9933 -0.0538 0.1025
vn -0.9924 -0.0599 0.1071
vn -0.9584 -0.2525 0.1333
vn 0.9973 -0.0279 0.0681
vn 0.9978 -0.0397 0.0540
vn 0.9653 -0.2366 0.1108
vn -0.0534 0.0251 0.9983
vn -0.0902 -0.1905 0.9775
vn -0.0064 -0.0332 0.9994
vn -0.0120 -0.2365 0.9715
vn 0.0677 0.0115 0.9976
vn 0.0927 -0.1927 0.9769
vn -0.5599 -0.6897 0.4592
vn -0.5153 -0.7822 0.3502
vn 0.5717 -0.7331 0.3684
vn 0.4919 -0.8134 0.3105
vn -0.2652 -0.6687 0.6947
vn -0.2153 -0.6827 0.6982
vn -0.3093 -0.6739 0.6709
vn -0.2748 -0.5507 0.7882
vn -0.2491 -0.6257 0.7392
vn 0.2774 -0.6639 0.6945
vn 0.2958 -0.5428 0.7861
vn 0.3400 -0.6597 0.6702
vn 0.2800 -0.6138 0.7381
vn 0.2075 -0.6918 0.6916
vn -0.9467 0.1351 0.2925
vn -0.9487 0.0240 0.3153
vn 0.9630 0.1520 0.2226
vn 0.9742 0.0552 0.2188
vn -0.1109 -0.7184 0.6868
vn -0.0236 -0.6999 0.7139
vn -0.0242 -0.7009 0.7128
vn -0.1276 -0.6600 0.7403
vn -0.0177 -0.6602 0.7509
vn -0.1527 -0.6983 0.6993
vn -0.1031 -0.7012 0.7055
vn -0.1674 -0.6888 0.7054
vn 0.0951 -0.7262 0.6809
vn 0.1208 -0.6649 0.7371
vn 0.0927 -0.7048 0.7033
vn 0.1845 -0.6889 0.7010
vn 0.2101 -0.6835 0.6991
vn -0.2860 0.3588 0.8885
vn -0.2974 0.2273 0.9273
vn -0.3684 0.3470 0.8625
vn -0.3037 0.4524 0.8385
vn 0.3085 0.3629 0.8793
vn 0.3800 0.3523 0.8553
vn 0.3188 0.2378 0.9175
vn 0.3284 0.4438 0.8338
vn -0.5958 0.0158 0.8030
vn -0.5911 -0.0329 0.8059
vn -0.6729 -0.2826 0.6836
vn 0.6567 -0.0735 0.7506
vn 0.7025 -0.3583 0.6150
vn 0.6742 -0.1147 0.7296
vn -0.0876 -0.1280 0.9879
vn 0.0041 -0.1310 0.9914
vn -0.1047 -0.3687 0.9236
vn 0.0011 -0.3682 0.9298
vn 0.0974 -0.1454 0.9846
vn 0.1240 -0.3809 0.9163
vn -0.9613 -0.1096 0.2529
vn 0.9851 -0.0963 0.1428
vn -0.3880 -0.1622 0.9073
vn -0.3710 -0.0362 0.9279
vn -0.2185 -0.1541 0.9636
vn -0.2194 -0.0227 0.9754
vn -0.3736 -0.2986 0.8782
vn 0.3967 -0.1591 0.9040
vn 0.3809 -0.0284 0.9242
vn 0.2359 -0.0158 0.9717
vn 0.3857 -0.2808 0.8789
vn 0.2405 -0.1558 0.9581
vn -0.7318 -0.5219 0.4383
vn -0.8318 -0.4630 0.3063
vn -0.6880 -0.6340 0.3531
vn -0.6177 -0.6305 0.4701
vn 0.7318 -0.5056 0.4569
vn 0.8282 -0.4628 0.3162
vn 0.6220 -0.6134 0.4867
vn 0.6833 -0.6397 0.3519
vn -0.3475 0.1008 0.9322
vn -0.2106 0.1140 0.9709
vn 0.3583 0.1137 0.9266
vn 0.2278 0.1262 0.9655
vn -0.0861 0.1321 0.9875
vn -0.0895 -0.0177 0.9958
vn 0.0242 -0.0116 0.9996
vn 0.0176 0.1331 0.9910
vn 0.1191 0.1345 0.9837
vn 0.1196 -0.0119 0.9927
vn -0.5930 -0.0476 0.8038
vn 0.6904 -0.1166 0.7140
vn -0.6938 -0.5384 0.4783
vn -0.6540 -0.6478 0.3905
vn 0.6770 -0.5786 0.4548
vn 0.6263 -0.6690 0.4003
vn -0.8734 -0.4465 0.1942
vn -0.7390 -0.6163 0.2722
vn 0.8707 -0.4543 0.1883
vn 0.7308 -0.6289 0.2653
vn -0.3355 -0.5462 0.7676
vn -0.3029 -0.5909 0.7477
vn 0.3637 -0.5765 0.7317
vn 0.3313 -0.6259 0.7060
vn -0.2538 -0.5804 0.7738
vn -0.1849 -0.5636 0.8051
vn -0.2314 -0.6880 0.6878
vn 0.2820 -0.5858 0.7598
vn 0.2735 -0.6745 0.6858
vn 0.2213 -0.5671 0.7934
vn -0.5044 -0.8189 0.2738
vn 0.4439 -0.8488 0.2872
vn -0.0849 -0.1644 0.9827
vn 0.0199 -0.1606 0.9868
vn 0.1177 -0.1583 0.9803
vn -0.8193 0.4618 0.3399
vn 0.8243 0.4832 0.2951
vn -0.0242 -0.1502 0.9884
vn -0.0170 -0.0840 0.9963
vn -0.5624 -0.7311 0.3863
vn -0.5041 -0.7606 0.4090
vn 0.5366 -0.7516 0.3835
vn 0.4784 -0.7791 0.4052
vn -0.1135 -0.5624 0.8191
vn -0.0013 -0.5575 0.8301
vn 0.1194 -0.5619 0.8186
vn -0.3332 -0.8002 0.4986
vn -0.3578 -0.7528 0.5524
vn -0.2604 -0.8265 0.4992
vn -0.3695 -0.7850 0.4972
vn -0.3563 -0.8120 0.4623
vn 0.3091 -0.8167 0.4872
vn 0.3389 -0.7875 0.5148
vn 0.3348 -0.8326 0.4412
vn 0.2495 -0.8411 0.4800
vn 0.3307 -0.7930 0.5116
vn -0.3087 -0.7891 0.5310
vn -0.2627 -0.8182 0.5115
vn -0.2809 -0.8454 0.4543
vn 0.2726 -0.8085 0.5216
vn 0.2549 -0.8444 0.4712
vn 0.2537 -0.8238 0.5069
vn -0.4260 -0.1767 0.8873
vn -0.4362 -0.3512 0.8285
vn 0.4702 -0.1525 0.8693
vn 0.4813 -0.3225 0.8151
vn -0.4582 -0.6244 0.6327
vn -0.6821 -0.6618 0.3112
vn -0.7497 -0.5143 0.4165
vn -0.6432 -0.2894 0.7089
vn -0.4914 -0.3578 0.7940
vn -0.4918 0.2071 0.8457
vn -0.3389 -0.0950 0.9360
vn -0.3483 0.5370 0.7684
vn -0.3396 -0.4726 0.8132
vn -0.5007 0.3305 0.8000
vn -0.4160 0.2841 0.8638
vn -0.2754 0.0994 0.9562
vn -0.1610 -0.4007 0.9020
vn -0.2911 -0.2005 0.9355
vn -0.2844 -0.5672 0.7729
vn -0.8018 0.4030 0.4412
vn -0.3533 -0.7239 0.5926
vn -0.4633 -0.7607 0.4546
vn -0.8423 0.0690 0.5346
vn -0.7320 0.3080 0.6077
vn -0.7898 0.0777 0.6084
vn -0.8776 0.0922 0.4705
vn -0.8777 0.1620 0.4510
vn -0.9444 0.0200 0.3282
vn -0.3873 0.1839 0.9034
vn -0.5750 -0.4266 0.6981
vn -0.7604 -0.3651 0.5371
vn -0.4801 -0.0958 0.8720
vn -0.2519 -0.1223 0.9600
vn -0.4605 -0.3613 0.8108
vn -0.7943 -0.2822 0.5380
vn -0.9850 -0.1594 0.0655
vn -0.9803 -0.1048 0.1675
vn -0.5992 -0.2619 0.7566
vn -0.5142 0.2829 0.8097
vn -0.8762 0.2361 0.4201
vn -0.9258 0.1285 0.3554
vn -0.9253 -0.3372 0.1736
vn -0.8968 -0.4375 -0.0656
vn 0.0744 -0.3210 0.9441
vn -0.5074 -0.2926 0.8105
vn -0.2290 -0.7039 0.6723
vn -0.7840 0.1699 0.5970
vn -0.4185 -0.4327 0.7985
vn -0.4126 -0.3875 0.8244
vn -0.7215 0.2714 0.6371
vn -0.0105 -0.2224 0.9749
vn -0.5432 -0.0259 0.8392
vn -0.5130 0.1690 0.8416
vn -0.5055 -0.1110 0.8556
vn -0.3122 -0.8710 0.3794
vn -0.3186 -0.8033 0.5032
vn -0.8906 -0.0549 0.4515
vn -0.8195 -0.2633 0.5090
vn -0.8792 -0.2929 0.3759
vn -0.6354 -0.2115 0.7426
vn -0.2546 -0.6830 0.6846
vn -0.5774 0.1061 0.8095
vn 0.4232 -0.6732 0.6064
vn 0.6424 -0.7059 0.2985
vn 0.7358 -0.5252 0.4275
vn 0.6532 -0.2903 0.6993
vn 0.5037 -0.3608 0.7850
vn 0.5126 0.1838 0.8387
vn 0.4488 -0.1058 0.8873
vn 0.3736 0.5235 0.7658
vn 0.3629 -0.4371 0.8229
vn 0.5127 0.3373 0.7895
vn 0.3891 0.2914 0.8739
vn 0.3074 0.1048 0.9458
vn 0.1531 -0.4073 0.9004
vn 0.2973 -0.1918 0.9353
vn 0.2542 -0.5760 0.7769
vn 0.8171 0.4134 0.4018
vn 0.3843 -0.7270 0.5691
vn 0.4341 -0.7675 0.4716
vn 0.8449 0.0598 0.5316
vn 0.7586 0.2831 0.5868
vn 0.7917 0.0689 0.6070
vn 0.8331 0.0565 0.5502
vn 0.8692 0.1659 0.4658
vn 0.9435 0.0189 0.3307
vn 0.4161 0.1692 0.8934
vn 0.5598 -0.4324 0.7068
vn 0.7655 -0.3704 0.5261
vn 0.4971 -0.0928 0.8627
vn 0.2388 -0.1465 0.9599
vn 0.4542 -0.3715 0.8098
vn 0.7952 -0.2978 0.5282
vn 0.9849 -0.1601 0.0664
vn 0.9804 -0.1006 0.1691
vn 0.5953 -0.2762 0.7545
vn 0.5060 0.2447 0.8271
vn 0.8758 0.2742 0.3972
vn 0.9359 0.1337 0.3258
vn 0.9137 -0.3563 0.1954
vn 0.8974 -0.4412 -0.0030
vn -0.0275 -0.2919 0.9560
vn 0.5257 -0.2893 0.8000
vn 0.2778 -0.6838 0.6747
vn 0.7607 0.1948 0.6192
vn 0.3974 -0.4573 0.7956
vn 0.4137 -0.4027 0.8165
vn 0.7299 0.2619 0.6314
vn 0.0303 -0.2248 0.9739
vn 0.5574 -0.0322 0.8296
vn 0.5079 0.1569 0.8470
vn 0.4912 -0.1356 0.8604
vn 0.2640 -0.8753 0.4052
vn 0.3093 -0.8173 0.4862
vn 0.8910 -0.0647 0.4495
vn 0.8128 -0.2948 0.5024
vn 0.8636 -0.3073 0.3997
vn 0.6422 -0.2372 0.7290
vn 0.2573 -0.6877 0.6788
vn 0.5776 0.1710 0.7982
vn -0.6760 0.7343 0.0614
vn -0.5344 0.8373 -0.1154
vn -0.7083 0.6986 -0.1011
vn -0.2653 -0.9519 0.1535
vn -0.1727 -0.9688 0.1778
vn -0.1435 -0.9754 0.1672
vn -0.8371 -0.5459 0.0353
vn -0.8901 -0.4463 -0.0923
vn -0.9218 -0.3867 0.0284
vn -0.8438 0.0713 0.5319
vn -0.9412 0.0958 0.3240
vn -0.8591 0.0575 0.5085
vn -0.9573 0.0932 0.2735
vn -0.8965 0.0402 0.4413
vn -0.9382 0.1626 0.3055
vn -0.9399 -0.0269 0.3405
vn -0.8590 0.2477 0.4480
vn -0.8974 0.0717 0.4354
vn -0.6584 0.3030 0.6890
vn -0.6321 0.4558 0.6266
vn -0.7460 -0.0064 0.6660
vn -0.7949 0.0486 0.6048
vn -0.7103 0.0429 0.7026
vn -0.8405 0.0062 0.5418
vn -0.7838 0.0154 0.6208
vn -0.8814 -0.0415 0.4706
vn -0.7683 -0.0934 0.6332
vn -0.8602 0.0516 0.5073
vn -0.7722 -0.0376 0.6343
vn -0.7190 0.0984 0.6880
vn -0.6947 0.1830 0.6956
vn -0.9142 -0.4031 -0.0418
vn -0.9396 -0.3421 -0.0083
vn -0.3745 -0.8999 0.2234
vn -0.1036 -0.9656 0.2385
vn -0.1724 -0.9634 0.2052
vn -0.3535 -0.9044 0.2391
vn -0.0542 -0.7478 0.6617
vn -0.2229 -0.3056 0.9257
vn -0.2919 -0.6876 0.6648
vn -0.3352 -0.1516 0.9299
vn -0.1325 -0.2928 0.9469
vn -0.3355 -0.0367 0.9413
vn -0.4316 -0.1872 0.8824
vn -0.3216 -0.0157 0.9467
vn -0.2502 -0.1172 0.9611
vn -0.3405 0.1874 0.9214
vn -0.2924 0.2149 0.9319
vn -0.1888 -0.2006 0.9613
vn -0.1381 -0.1336 0.9814
vn -0.4153 0.1268 0.9008
vn -0.5020 -0.2964 0.8125
vn -0.4445 -0.1593 0.8815
vn -0.3605 0.2874 0.8874
vn -0.0311 -0.0007 0.9995
vn -0.6939 0.0493 0.7184
vn -0.6679 -0.0958 0.7381
vn -0.6051 -0.1869 0.7739
vn 0.0468 -0.7729 0.6328
vn -0.7296 -0.6797 0.0751
vn -0.8103 -0.5860 -0.0067
vn -0.7807 0.0227 0.6245
vn -0.9568 0.2507 0.1473
vn -0.7632 0.4828 0.4294
vn -0.9100 0.3592 0.2071
vn -0.9563 0.2522 -0.1480
vn -0.9722 0.2047 0.1137
vn -0.9179 0.3907 -0.0690
vn -0.7355 0.6586 0.1586
vn -0.7055 0.7013 0.1021
vn -0.6272 0.5923 0.5057
vn -0.8553 0.3227 -0.4053
vn -0.7812 0.5367 -0.3188
vn -0.5560 0.8146 -0.1653
vn -0.4616 0.8577 -0.2264
vn -0.7831 0.6211 0.0304
vn -0.5902 0.3998 -0.7013
vn -0.4835 0.5675 -0.6665
vn -0.2710 0.7470 -0.6070
vn -0.1082 0.7818 -0.6141
vn -0.5849 0.7138 -0.3853
vn -0.1544 0.3928 -0.9066
vn -0.1543 0.5323 -0.8324
vn -0.0674 0.5304 -0.8451
vn 0.0879 0.5625 -0.8221
vn -0.1238 0.7354 -0.6663
vn 0.1390 0.4299 -0.8921
vn 0.1728 0.4289 -0.8867
vn 0.2163 0.3633 -0.9062
vn 0.2528 0.3224 -0.9122
vn 0.2079 0.5935 -0.7775
vn 0.0579 0.3152 -0.9473
vn 0.3914 0.2976 -0.8708
vn 0.1834 0.1893 -0.9646
vn 0.2353 0.5224 -0.8196
vn 0.4658 0.4571 -0.7577
vn 0.3358 0.4846 -0.8077
vn -0.0000 0.4484 -0.8938
vn 0.1173 0.4507 -0.8849
vn -0.6110 0.4486 -0.6522
vn -0.3338 0.8357 -0.4361
vn -0.3766 0.5816 -0.7210
vn -0.0680 0.6837 -0.7265
vn -0.8621 0.2355 -0.4488
vn -0.7575 0.5465 -0.3572
vn -0.7517 0.3395 -0.5654
vn -0.9914 0.1138 -0.0649
vn -0.9893 0.1458 0.0031
vn -0.9823 0.0696 -0.1739
vn -0.5896 0.6792 -0.4371
vn -0.9661 0.2166 -0.1407
vn -0.9308 0.1212 -0.3448
vn -0.9509 0.2955 0.0925
vn -0.9855 0.1635 0.0454
vn -0.9819 0.1452 0.1217
vn -0.8594 -0.2916 -0.4200
vn -0.8018 -0.2346 -0.5497
vn -0.8767 -0.2365 -0.4188
vn -0.8571 0.5090 0.0793
vn -0.8738 0.4836 -0.0516
vn -0.9561 0.2918 -0.0264
vn -0.7847 -0.2166 -0.5808
vn -0.6848 -0.3010 -0.6637
vn -0.9212 0.1781 0.3460
vn -0.9786 0.1662 0.1214
vn -0.9818 0.1166 -0.1499
vn -0.8678 0.2192 -0.4459
vn -0.5926 0.3319 -0.7339
vn -0.2737 0.3379 -0.9005
vn -0.0637 0.2875 -0.9557
vn -0.9601 -0.2794 0.0122
vn -0.1982 -0.1995 0.9596
vn -0.0592 -0.3571 0.9322
vn -0.4755 -0.8735 0.1041
vn -0.6075 -0.7884 0.0973
vn -0.5925 -0.8042 0.0480
vn -0.6535 -0.7516 0.0897
vn -0.7330 -0.5673 0.3753
vn -0.6377 -0.3100 0.7052
vn -0.6430 -0.6664 0.3774
vn -0.3845 -0.3103 0.8694
vn -0.4588 -0.2097 0.8634
vn -0.3839 0.0335 0.9228
vn -0.5445 -0.5192 0.6587
vn -0.5552 -0.7801 0.2883
vn -0.5504 -0.8222 0.1448
vn -0.6341 -0.7582 0.1516
vn -0.7157 -0.6726 0.1881
vn -0.7816 -0.2515 0.5708
vn -0.6526 0.0188 0.7575
vn -0.6006 -0.0885 0.7947
vn -0.4672 -0.2040 0.8603
vn -0.6221 0.0633 0.7804
vn -0.5462 -0.0538 0.8359
vn -0.8692 -0.3643 0.3342
vn -0.6639 -0.1702 0.7282
vn -0.9416 -0.1247 0.3127
vn -0.8227 -0.5001 0.2701
vn -0.8566 -0.1951 0.4777
vn -0.9536 -0.0665 0.2938
vn -0.9915 -0.0692 0.1104
vn -0.9997 0.0208 0.0090
vn -0.9998 -0.0021 -0.0202
vn -0.9961 -0.0886 0.0021
vn -0.9985 -0.0442 0.0315
vn -0.9321 -0.1591 0.3254
vn -0.9582 -0.1159 0.2615
vn -0.9614 -0.1554 0.2270
vn -0.1823 0.8760 -0.4466
vn -0.0061 0.7104 -0.7038
vn -0.8936 0.3758 -0.2455
vn -0.9237 -0.3103 0.2246
vn -0.9518 -0.3055 -0.0287
vn -0.8236 0.1804 -0.5377
vn -0.6740 0.0992 -0.7321
vn -0.7997 0.0672 -0.5966
vn -0.9967 -0.0808 0.0097
vn -0.1412 -0.3263 -0.9346
vn 0.1857 -0.0585 -0.9809
vn -0.0002 -0.0711 -0.9975
vn -0.3454 -0.3696 -0.8626
vn -0.1623 -0.4632 -0.8713
vn -0.3404 -0.4972 -0.7981
vn -0.4776 -0.3681 -0.7978
vn -0.4300 -0.5110 -0.7443
vn -0.1688 0.1557 -0.9733
vn -0.3815 0.0655 -0.9220
vn -0.5966 0.1086 -0.7952
vn -0.8313 0.0595 -0.5527
vn -0.9564 -0.0012 -0.2920
vn -0.0017 0.1685 -0.9857
vn 0.2423 0.3309 -0.9120
vn -0.8258 -0.1584 -0.5413
vn -0.6874 -0.2256 -0.6904
vn -0.2344 -0.0826 -0.9686
vn -0.1564 -0.3083 -0.9383
vn -0.2753 -0.2740 -0.9215
vn -0.8927 -0.1257 -0.4327
vn -0.6042 -0.1590 -0.7808
vn -0.5224 -0.2597 -0.8122
vn -0.5846 -0.1937 -0.7879
vn -0.9510 -0.1732 -0.2562
vn -0.9346 -0.2505 -0.2528
vn -0.6995 -0.1561 -0.6973
vn -0.9701 0.0038 -0.2426
vn -0.9136 -0.0148 -0.4064
vn -0.9590 -0.0586 -0.2773
vn -0.6199 -0.0546 -0.7828
vn -0.7585 -0.0718 -0.6477
vn -0.8886 0.0865 -0.4504
vn -0.8598 -0.0348 -0.5094
vn -0.2329 0.0611 -0.9706
vn -0.0000 -0.1499 -0.9887
vn -0.0952 -0.0083 -0.9954
vn -0.9280 0.0577 -0.3682
vn -0.4995 -0.0216 -0.8661
vn -0.6980 0.1621 -0.6975
vn -0.6179 0.2289 -0.7522
vn -0.9475 0.0655 -0.3131
vn -0.9888 0.0982 -0.1127
vn -0.9114 0.1040 -0.3983
vn -0.2339 0.3872 -0.8919
vn -0.1002 0.3283 -0.9392
vn -0.1496 0.9477 0.2821
vn -0.0736 0.9946 0.0733
vn -0.1455 0.9881 0.0507
vn -0.6307 0.7346 0.2503
vn -0.4564 0.8853 0.0896
vn -0.8026 0.4054 0.4376
vn -0.7194 0.4752 0.5065
vn -0.7978 0.3897 0.4601
vn -0.9126 0.2536 0.3206
vn -0.9196 0.1790 0.3496
vn -0.8984 0.2705 0.3460
vn -0.3241 0.9389 -0.1157
vn -0.3037 0.9497 0.0765
vn -0.5497 -0.3409 -0.7627
vn -0.6891 0.5388 0.4846
vn -0.4952 0.6899 0.5281
vn -0.8307 0.4567 0.3184
vn -0.9381 0.2839 0.1984
vn -0.9575 0.1637 0.2374
vn -0.9767 0.1465 0.1566
vn -0.9415 0.2820 0.1847
vn -0.6305 0.6685 0.3944
vn -0.3079 -0.9331 0.1860
vn -0.4151 -0.2591 -0.8721
vn -0.1638 -0.3667 -0.9158
vn -0.6587 -0.7482 0.0794
vn -0.9147 -0.1179 0.3866
vn -0.9867 -0.0733 0.1452
vn -0.9687 -0.2168 0.1209
vn -0.9869 0.0144 0.1608
vn -0.9924 -0.0441 -0.1146
vn -0.9725 -0.2019 -0.1157
vn -0.9700 -0.2334 -0.0680
vn -0.9983 0.0037 -0.0581
vn -0.9898 -0.0841 -0.1148
vn -1.0000 0.0003 -0.0088
vn -0.9424 0.2712 0.1955
vn -0.8446 0.4892 0.2175
vn -0.9698 0.1882 0.1550
vn -0.0685 -0.4389 -0.8959
vn -0.8414 0.4705 0.2658
vn -0.1420 0.8522 0.5036
vn 0.0010 0.8813 0.4725
vn -0.1185 0.8505 0.5124
vn 0.4213 0.3432 -0.8395
vn 0.4916 0.3886 -0.7793
vn -0.0250 0.9970 -0.0735
vn -0.9538 -0.1262 -0.2727
vn -0.9907 -0.1304 -0.0388
vn -0.9506 -0.1795 -0.2533
vn -0.2766 0.9236 0.2653
vn -0.4381 0.8187 0.3711
vn -0.2451 0.8892 0.3863
vn -0.1528 0.8072 0.5702
vn 0.0045 0.8573 0.5147
vn -0.3761 -0.1326 -0.9170
vn -0.4399 0.8607 0.2562
vn -0.6311 0.7024 0.3292
vn 0.4462 0.4071 -0.7969
vn -0.3478 0.2881 -0.8922
vn -0.0436 0.9406 0.3368
vn -0.1368 0.9077 0.3966
vn -0.3400 0.0905 -0.9361
vn -0.3284 0.0308 -0.9440
vn 0.3422 0.3653 -0.8657
vn -0.3925 0.8088 0.4379
vn -0.3526 -0.9285 0.1165
vn -0.0975 -0.9860 0.1350
vn -0.0564 -0.9845 0.1662
vn -0.0210 -0.9800 0.1980
vn -0.6255 -0.0839 0.7757
vn -0.4791 -0.1509 0.8647
vn -0.4950 -0.2625 0.8283
vn -0.9531 -0.2197 -0.2083
vn -0.9972 0.0581 -0.0460
vn -0.9866 -0.0838 -0.1400
vn -0.2705 0.7976 0.5392
vn -0.2497 0.7981 0.5483
vn -0.2218 0.6927 0.6862
vn -0.4877 0.6313 0.6030
vn -0.1656 0.9747 -0.1498
vn -0.5211 -0.1622 -0.8380
vn -0.5340 0.0789 -0.8418
vn 0.3477 0.3148 -0.8832
vn -0.2269 0.8356 0.5002
vn -0.5638 0.0881 0.8212
vn -0.4261 -0.1533 0.8916
vn -0.4738 -0.0714 0.8777
vn -0.4614 -0.2027 0.8637
vn -0.5762 -0.2860 0.7657
vn -0.7371 -0.4826 0.4731
vn -0.7526 -0.6118 0.2436
vn -0.6964 -0.7094 0.1086
vn -0.5056 0.0730 0.8597
vn -0.6004 -0.2935 0.7439
vn -0.6844 -0.7212 0.1071
vn -0.6906 -0.7088 0.1437
vn -0.9253 -0.1931 0.3265
vn -0.1003 -0.5354 -0.8386
vn -0.2080 -0.5219 -0.8272
vn -0.3583 -0.4434 -0.8216
vn -0.4143 -0.0680 -0.9076
vn -0.4049 -0.2907 -0.8669
vn -0.5433 -0.3961 -0.7402
vn -0.4355 -0.2686 -0.8592
vn -0.6972 -0.2402 -0.6754
vn -0.6370 -0.1541 -0.7553
vn -0.8500 -0.0765 -0.5212
vn -0.8410 -0.0220 -0.5406
vn -0.9157 -0.0066 -0.4018
vn -0.9395 0.0516 -0.3385
vn -0.9794 -0.0347 -0.1990
vn -0.9975 -0.0619 0.0329
vn -0.1725 -0.5010 -0.8481
vn -0.9784 -0.0132 0.2065
vn -0.2697 0.1606 -0.9495
vn -0.9996 0.0227 0.0143
vn -0.9710 0.1800 0.1571
vn -0.9752 0.1014 0.1967
vn -0.9823 0.1590 0.0989
vn -0.9854 0.1352 0.1032
vn -0.9869 0.1084 0.1194
vn -0.9875 0.1172 0.1055
vn -0.9912 0.0741 0.1093
vn -0.9833 0.1359 0.1212
vn -0.9899 0.1023 0.0984
vn -0.9969 0.0334 0.0705
vn -0.9884 0.1091 0.1057
vn -0.9900 0.0130 0.1406
vn -0.9881 0.0168 0.1527
vn -0.9931 0.0602 0.1009
vn -0.9935 0.0434 0.1054
vn -0.9752 -0.2194 -0.0292
vn -0.9997 -0.0166 -0.0196
vn -0.9519 -0.2331 -0.1987
vn -0.9439 -0.3067 -0.1226
vn -0.9764 -0.2025 -0.0744
vn -0.8443 -0.5011 -0.1901
vn -0.9288 -0.2608 -0.2632
vn -0.9921 -0.0340 0.1209
vn -0.9771 -0.0804 0.1970
vn -0.9738 0.0690 0.2168
vn -0.9594 0.0972 0.2647
vn -0.9938 0.0898 0.0650
vn -0.9997 -0.0234 -0.0021
vn -0.9910 0.1105 0.0760
vn -0.9835 -0.1364 0.1190
vn -0.9628 -0.1282 0.2379
vn -0.9776 -0.1486 0.1488
vn -0.8788 0.4509 -0.1563
vn -0.8897 0.3998 -0.2203
vn -0.5028 -0.2620 -0.8237
vn -0.5859 -0.0949 -0.8048
vn -0.8734 -0.1455 0.4647
vn -0.9279 -0.1153 0.3546
vn 0.5186 0.3524 -0.7790
vn 0.1697 0.6898 -0.7038
vn 0.5691 0.4798 -0.6678
vn -0.5326 -0.8457 0.0330
vn -0.4617 -0.8035 0.3758
vn -0.0298 -0.9667 0.2541
vn -0.4736 -0.6011 -0.6438
vn -0.2282 -0.7080 -0.6683
vn -0.9588 -0.0537 0.2791
vn -0.9389 -0.0719 0.3365
vn -0.9821 -0.0708 0.1747
vn 0.2365 -0.7246 -0.6473
vn 0.2193 -0.5288 -0.8199
vn 0.3594 -0.5480 -0.7553
vn -0.9909 0.0983 0.0924
vn -0.9890 0.0700 0.1303
vn -0.9152 -0.1572 0.3710
vn 0.0152 0.9982 0.0588
vn -0.1243 0.6209 0.7740
vn -0.4537 0.7603 0.4649
vn -0.7437 -0.3950 0.5393
vn 0.0348 -0.9932 -0.1107
vn -0.4518 -0.7639 0.4608
vn -0.8742 0.2531 0.4143
vn -0.4998 -0.3669 -0.7846
vn -0.3887 -0.9086 -0.1531
vn 0.3739 -0.5690 -0.7325
vn -0.8628 -0.0052 0.5055
vn -0.9461 -0.0447 0.3209
vn 0.5878 0.2460 -0.7707
vn 0.1928 0.4310 -0.8815
vn -0.6215 0.6424 -0.4483
vn -0.7183 -0.0939 0.6894
vn -0.6445 -0.2608 0.7187
vn -0.7633 -0.1279 0.6333
vn 0.2954 -0.5308 -0.7943
vn 0.3505 -0.3371 -0.8738
vn 0.2570 -0.4889 -0.8337
vn -0.7951 0.0406 0.6051
vn -0.7669 -0.0567 0.6393
vn -0.7132 -0.2133 0.6677
vn -0.8535 0.1878 0.4862
vn -0.8787 0.2094 0.4289
vn -0.8882 -0.0322 0.4582
vn -0.9311 0.0209 0.3642
vn -0.8746 -0.0381 0.4834
vn -0.7193 -0.5717 -0.3947
vn 0.1721 -0.6503 -0.7399
vn -0.8334 0.1013 0.5432
vn -0.7028 0.2202 0.6765
vn -0.8809 0.0920 0.4642
vn 0.2858 0.4307 -0.8561
vn -0.9428 0.2127 -0.2567
vn -0.9900 -0.1013 0.0979
vn -0.7958 -0.1384 0.5895
vn -0.9016 0.3827 0.2016
vn -0.9605 0.2760 -0.0352
vn -0.8736 -0.1079 -0.4745
vn 0.4836 -0.0969 -0.8699
vn -0.6286 -0.2719 -0.7286
vn -0.4269 -0.4425 -0.7887
vn 0.0148 -0.7703 -0.6375
vn -0.7380 0.0997 0.6674
vn -0.9003 0.0327 0.4341
vn 0.0593 0.4258 0.9029
vn -0.5714 -0.5670 -0.5933
vn 0.4206 -0.3300 -0.8451
vn 0.3401 0.9181 0.2034
vn -0.9552 0.1843 0.2314
vn -0.9420 -0.0685 0.3284
vn -0.9444 0.0088 0.3288
vn -0.5811 -0.6748 -0.4550
vn -0.7262 -0.6368 -0.2591
vn -0.9659 -0.2058 -0.1574
vn -0.8385 -0.5145 0.1791
vn -0.7882 -0.5805 -0.2042
vn -0.9401 -0.2241 0.2568
vn -0.9359 -0.0482 0.3490
vn -0.9678 0.0243 0.2504
vn -0.8870 -0.1903 0.4207
vn -0.7194 -0.3204 0.6163
vn -0.7731 0.4845 0.4093
vn -0.8345 0.1729 0.5231
vn -0.9962 0.0732 0.0477
vn -0.8818 -0.0580 0.4680
vn -0.7275 -0.4944 -0.4758
vn -0.9406 -0.3394 -0.0100
vn -0.9495 0.3130 0.0202
vn -0.9270 0.1881 -0.3245
vn -0.6158 -0.3717 0.6948
vn -0.9106 0.2029 0.3601
vn -0.7047 -0.2744 0.6543
vn -0.7142 -0.4124 0.5655
vn -0.9394 -0.1438 0.3113
vn -0.9757 -0.1123 0.1879
vn -0.8307 -0.4675 0.3024
vn -0.9572 -0.2894 -0.0012
vn -0.7890 -0.4378 0.4311
vn -0.9579 -0.2098 0.1960
vn -0.8748 0.2084 0.4374
vn -0.9099 0.1824 0.3726
vn -0.7420 -0.1992 0.6402
vn -0.9345 0.1312 0.3309
vn -0.6233 -0.4535 0.6371
vn -0.8325 0.4130 -0.3693
vn -0.8330 0.2319 0.5023
vn -0.8198 0.0554 0.5699
vn -0.5649 -0.6210 -0.5433
vn -0.4600 -0.3302 -0.8242
vn -0.7086 -0.3138 -0.6320
vn -0.9348 -0.3145 0.1651
vn -0.9800 -0.0788 0.1825
vn -0.8429 0.0175 0.5377
vn -0.8585 -0.4620 -0.2224
vn -0.8757 0.2228 -0.4285
vn -0.9469 0.1291 0.2943
vn -0.8038 0.2236 0.5512
vn -0.7643 0.3906 0.5131
vn -0.9850 -0.1608 -0.0626
vn -0.9362 -0.1042 0.3357
vn -0.9898 0.1423 -0.0011
vn -0.7842 0.1509 0.6019
vn -0.1741 0.2217 -0.9595
vn -0.8054 0.0232 -0.5923
vn -0.4639 0.1756 -0.8683
vn -0.4874 0.1428 -0.8614
vn -0.4526 -0.0802 -0.8881
vn -0.9672 -0.0120 0.2538
vn -0.9064 0.2187 0.3614
vn -0.9858 0.1078 -0.1289
vn -0.9336 -0.0327 -0.3568
vn -0.9988 0.0010 0.0499
vn -0.8928 -0.4215 -0.1586
vn -0.9630 -0.2526 0.0935
vn -0.9408 -0.2003 0.2733
vn -0.9947 0.0493 0.0899
vn -0.9717 -0.1244 0.2008
vn -0.9209 -0.2956 0.2542
vn -0.7370 -0.0988 -0.6687
vn -0.9369 -0.3483 -0.0314
vn -0.6884 0.4883 0.5363
vn -0.6384 0.7038 0.3118
vn -0.9526 -0.0042 0.3043
vn -0.5378 0.7826 0.3136
vn -0.6533 0.6904 0.3109
vn -0.8577 -0.4637 -0.2223
vn -0.7529 -0.6480 0.1151
vn -0.8354 -0.5388 -0.1081
vn -0.9222 -0.1639 0.3503
vn -0.3631 -0.7888 0.4959
vn -0.3914 -0.8409 0.3737
vn -0.8262 0.4921 0.2744
vn -0.9398 -0.1658 0.2989
vn -0.1837 0.3097 0.9329
vn -0.5171 0.1348 0.8452
vn -0.5255 0.1174 0.8427
vn -0.3874 -0.6387 0.6649
vn -0.3386 -0.8287 0.4456
vn -0.7050 -0.5243 0.4776
vn -0.1625 -0.4493 0.8784
vn -0.1445 -0.0290 0.9891
vn -0.3541 -0.0885 0.9310
vn -0.9573 0.1185 0.2638
vn -0.3355 0.7762 0.5338
vn -0.7504 -0.3159 0.5807
vn -0.7954 -0.5835 0.1641
vn -0.8064 -0.4037 -0.4322
vn -0.8143 -0.5785 -0.0473
vn -0.0631 -0.6989 0.7125
vn -0.2261 -0.3283 0.9171
vn -0.8635 -0.0139 0.5041
vn -0.7042 -0.7100 0.0067
vn -0.9308 -0.2859 0.2279
vn -0.2111 0.1203 0.9700
vn -0.3231 -0.5699 0.7555
vn -0.5511 -0.1046 0.8279
vn -0.8729 0.1014 0.4773
vn -0.7941 -0.5718 0.2062
vn -0.8426 -0.5384 -0.0148
vn -0.9078 -0.2881 -0.3049
vn -0.1890 0.9111 0.3662
vn -0.1415 0.9290 0.3419
vn -0.8381 -0.2132 0.5021
vn -0.8703 0.0115 0.4924
vn -0.9115 -0.2020 -0.3583
vn -0.6063 -0.2519 -0.7543
vn -0.9751 -0.1887 -0.1162
vn -0.9737 0.2186 0.0641
vn 0.1212 0.7619 0.6363
vn -0.2937 0.4614 0.8372
vn -0.0394 0.6783 0.7337
vn -0.7515 -0.6294 -0.1977
vn -0.5375 0.7761 0.3298
vn -0.9091 -0.3669 -0.1973
vn -0.7499 -0.4909 -0.4436
vn -0.2821 0.7017 0.6542
vn 0.0086 0.9162 0.4005
vn -0.7824 -0.4565 -0.4236
vn -0.8332 0.0877 0.5459
vn -0.7650 0.0110 0.6439
vn -0.1119 0.4961 0.8610
vn -0.8524 0.2905 0.4347
vn -0.8475 -0.3736 0.3770
vn -0.9702 -0.0360 -0.2398
vn -0.0410 -0.4278 -0.9029
vn -0.9854 -0.1117 -0.1285
vn -0.9304 0.0369 0.3647
vn -0.9706 -0.0114 0.2404
vn -0.8310 -0.4382 0.3426
vn -0.9227 -0.1497 -0.3552
vn -0.7925 0.2269 0.5660
vn -0.4395 0.4525 0.7759
vn -0.8913 -0.2626 0.3695
vn -0.9460 0.1943 -0.2595
vn -0.7080 -0.1392 -0.6924
vn -0.9482 0.3086 -0.0754
vn -0.8725 0.2953 0.3893
vn -0.8800 0.4411 0.1762
vn -0.1698 0.8449 0.5073
vn -0.9043 0.2073 0.3732
vn -0.8457 -0.5034 0.1771
vn -0.8771 -0.4461 0.1779
vn -0.8143 -0.4899 0.3115
vn -0.2902 0.7024 0.6499
vn -0.8748 0.2456 0.4176
vn -0.5195 0.8357 0.1781
vn -0.8831 0.2180 0.4154
vn -0.9438 -0.3191 0.0866
vn -0.6199 0.3199 0.7165
vn -0.8796 -0.4647 0.1015
vn -0.8367 -0.5445 -0.0584
vn -0.9043 -0.3421 -0.2553
vn -0.8708 0.0228 0.4912
vn -0.9931 -0.0046 0.1171
vn -0.8805 -0.3839 -0.2781
vn -0.9766 -0.1123 0.1832
vn -0.6975 -0.6978 0.1633
vn -0.9955 -0.0572 0.0753
vn -0.5434 -0.7477 0.3816
vn -0.7179 0.0800 -0.6916
vn -0.8968 0.2179 -0.3850
vn -0.9838 -0.1032 0.1465
vn -0.9709 0.1163 -0.2095
vn -0.9899 0.0873 0.1117
vn -0.6156 -0.7541 -0.2288
vn -0.5589 -0.2087 0.8025
vn -0.8293 -0.5349 0.1615
vn -0.5944 0.2732 0.7563
vn -0.7840 -0.3646 -0.5025
vn -0.8336 -0.3325 -0.4411
vn -0.7827 -0.3647 -0.5043
vn -0.7898 -0.2731 -0.5492
vn -0.7232 -0.6891 0.0456
vn -0.8684 -0.3821 -0.3160
vn -0.7884 -0.6149 0.0181
vn -0.5942 -0.7316 0.3342
vn -0.6482 -0.6889 0.3246
vn -0.8233 -0.5122 0.2444
vn -0.8858 -0.4385 0.1518
vn -0.8733 -0.3049 0.3801
vn -0.8561 -0.3687 0.3621
vn -0.8084 0.2702 0.5230
vn -0.7267 -0.1328 0.6740
vn -0.7678 -0.2452 0.5919
vn -0.8124 -0.1472 0.5642
vn -0.7066 0.1581 0.6897
vn -0.5859 -0.0768 0.8067
vn -0.3086 -0.3871 0.8689
vn -0.0887 -0.6708 0.7363
vn -0.2461 -0.9245 0.2911
vn -0.3115 -0.8145 0.4894
vn -0.1443 -0.8688 0.4737
vn -0.3045 -0.8897 0.3403
vn -0.3589 -0.9059 0.2247
vn -0.3865 -0.8880 0.2491
vn -0.3582 -0.8572 0.3701
vn -0.3504 -0.7478 0.5640
vn -0.6416 -0.7647 0.0598
vn -0.8403 0.2476 0.4822
vn -0.7340 -0.6791 0.0031
vn -0.8660 0.0201 0.4997
vn -0.8850 -0.0730 0.4599
vn -0.8349 -0.3668 0.4104
vn -0.8939 -0.0802 -0.4411
vn -0.9667 0.1824 -0.1797
vn -0.9080 0.0147 -0.4187
vn -0.7225 -0.5991 0.3451
vn -0.9779 0.1032 -0.1819
vn -0.7343 -0.6743 0.0787
vn -0.9469 -0.1990 -0.2527
vn -0.9612 -0.2694 -0.0595
vn -0.7392 -0.6721 -0.0441
vn -0.8434 -0.5285 0.0966
vn -0.8322 -0.5207 0.1907
vn -0.9486 -0.2778 0.1513
vn -0.9769 0.2011 0.0724
vn -0.9317 -0.1929 0.3078
vn -0.8993 0.2758 0.3395
vn -0.8300 0.0416 0.5563
vn -0.6699 -0.4798 0.5667
vn -0.9614 0.2389 0.1366
vn -0.9216 0.2162 0.3223
vn -0.6032 -0.5104 0.6129
vn -0.8395 -0.4033 0.3642
vn -0.3942 0.0408 -0.9181
vn -0.8915 0.0570 -0.4494
vn -0.7315 0.2461 -0.6359
vn -0.9481 0.0373 0.3157
vn -0.7101 0.0783 0.6997
vn -0.8521 -0.0693 0.5187
vn -0.8614 -0.4889 0.1382
vn -0.3789 0.7122 0.5909
vn -0.4530 0.6842 0.5716
vn -0.8872 0.1661 -0.4305
vn -0.8758 0.3802 -0.2972
vn -0.6586 -0.6256 -0.4182
vn -0.6108 -0.2685 0.7449
vn -0.9846 0.0999 0.1432
vn 0.6137 0.7373 -0.2823
vn -0.0264 0.9277 -0.3725
vn 0.6332 0.1111 -0.7660
vn 0.2532 0.2880 -0.9235
vn -0.8187 -0.1384 0.5573
vn -0.5198 0.5113 -0.6844
vn -0.9576 -0.0937 0.2724
vn -0.5476 -0.5590 -0.6226
vn -0.9859 0.1547 0.0639
vn -0.9554 0.2790 0.0963
vn 0.0152 -0.9599 -0.2799
vn 0.4544 -0.0362 -0.8901
vn -0.9895 0.0200 0.1434
vn -0.5756 0.1817 -0.7973
vn -0.5452 -0.4706 -0.6937
vn 0.4056 0.8702 0.2799
vn -0.9960 0.0878 0.0175
vn -0.0893 0.9363 -0.3397
vn -0.0000 0.2017 0.9794
vn 0.1749 0.3432 -0.9228
vn 0.2502 0.5181 -0.8179
vn -0.0000 -0.2059 -0.9786
vn -0.0000 0.9883 0.1523
vn -0.0484 -0.9875 0.1503
vn 0.6760 0.7343 0.0614
vn 0.7083 0.6986 -0.1011
vn 0.5344 0.8373 -0.1154
vn 0.2708 -0.9493 0.1596
vn 0.1355 -0.9751 0.1755
vn 0.1663 -0.9685 0.1851
vn 0.8334 -0.5517 0.0318
vn 0.9211 -0.3885 0.0241
vn 0.8160 -0.5767 0.0393
vn 0.8438 0.0713 0.5319
vn 0.8591 0.0575 0.5085
vn 0.9412 0.0958 0.3240
vn 0.8965 0.0402 0.4413
vn 0.9573 0.0932 0.2735
vn 0.9399 -0.0269 0.3405
vn 0.9382 0.1626 0.3055
vn 0.8974 0.0717 0.4354
vn 0.8590 0.2477 0.4480
vn 0.6584 0.3029 0.6890
vn 0.6322 0.4558 0.6266
vn 0.7460 -0.0064 0.6660
vn 0.7103 0.0429 0.7026
vn 0.7949 0.0487 0.6048
vn 0.7838 0.0154 0.6208
vn 0.8405 0.0062 0.5418
vn 0.7683 -0.0934 0.6332
vn 0.8814 -0.0415 0.4706
vn 0.7722 -0.0376 0.6343
vn 0.8602 0.0516 0.5073
vn 0.7190 0.0983 0.6880
vn 0.6947 0.1830 0.6956
vn 0.9393 -0.3430 -0.0081
vn 0.8902 -0.4519 0.0581
vn 0.3774 -0.8989 0.2226
vn 0.1752 -0.9634 0.2030
vn 0.1088 -0.9643 0.2413
vn 0.3559 -0.9056 0.2309
vn 0.0547 -0.7476 0.6619
vn 0.2229 -0.3056 0.9257
vn 0.2919 -0.6875 0.6649
vn 0.3352 -0.1516 0.9299
vn 0.1325 -0.2928 0.9469
vn 0.3355 -0.0367 0.9413
vn 0.3216 -0.0157 0.9467
vn 0.4316 -0.1872 0.8824
vn 0.2502 -0.1172 0.9611
vn 0.2924 0.2149 0.9319
vn 0.3405 0.1874 0.9214
vn 0.1887 -0.2006 0.9613
vn 0.1381 -0.1336 0.9814
vn 0.4152 0.1268 0.9008
vn 0.5020 -0.2964 0.8125
vn 0.4445 -0.1593 0.8815
vn 0.3604 0.2874 0.8874
vn 0.6679 -0.0958 0.7381
vn 0.6939 0.0493 0.7184
vn 0.6051 -0.1869 0.7739
vn 0.7329 -0.6766 0.0712
vn 0.7498 -0.6427 0.1576
vn 0.7807 0.0227 0.6245
vn 0.9568 0.2507 0.1473
vn 0.7632 0.4828 0.4294
vn 0.9100 0.3592 0.2071
vn 0.9563 0.2522 -0.1480
vn 0.9722 0.2047 0.1137
vn 0.9179 0.3907 -0.0690
vn 0.7355 0.6586 0.1586
vn 0.7055 0.7013 0.1022
vn 0.6273 0.5923 0.5057
vn 0.8553 0.3227 -0.4053
vn 0.7812 0.5367 -0.3188
vn 0.5560 0.8146 -0.1653
vn 0.4616 0.8577 -0.2264
vn 0.7831 0.6212 0.0304
vn 0.5902 0.3998 -0.7013
vn 0.4835 0.5675 -0.6665
vn 0.2710 0.7471 -0.6070
vn 0.1082 0.7818 -0.6141
vn 0.5848 0.7138 -0.3853
vn 0.1544 0.3928 -0.9066
vn 0.1543 0.5323 -0.8324
vn 0.0674 0.5305 -0.8450
vn -0.0879 0.5625 -0.8221
vn 0.1238 0.7354 -0.6662
vn -0.1390 0.4299 -0.8921
vn -0.1728 0.4289 -0.8867
vn -0.2163 0.3634 -0.9062
vn -0.2528 0.3225 -0.9122
vn -0.2080 0.5935 -0.7775
vn -0.1834 0.1893 -0.9646
vn -0.3914 0.2976 -0.8708
vn -0.4658 0.4571 -0.7577
vn -0.3357 0.4846 -0.8078
vn -0.1173 0.4507 -0.8849
vn 0.6110 0.4486 -0.6522
vn 0.3766 0.5816 -0.7210
vn 0.3338 0.8357 -0.4361
vn 0.0680 0.6837 -0.7265
vn 0.8621 0.2355 -0.4488
vn 0.7517 0.3395 -0.5654
vn 0.7575 0.5465 -0.3572
vn 0.9914 0.1138 -0.0649
vn 0.9823 0.0696 -0.1739
vn 0.9893 0.1458 0.0031
vn 0.5896 0.6792 -0.4371
vn 0.9308 0.1212 -0.3448
vn 0.9661 0.2166 -0.1407
vn 0.9509 0.2955 0.0925
vn 0.9819 0.1452 0.1217
vn 0.9855 0.1635 0.0454
vn 0.8594 -0.2916 -0.4200
vn 0.8767 -0.2365 -0.4188
vn 0.8018 -0.2346 -0.5497
vn 0.8571 0.5090 0.0793
vn 0.8738 0.4836 -0.0516
vn 0.9561 0.2918 -0.0264
vn 0.7847 -0.2166 -0.5808
vn 0.6848 -0.3010 -0.6637
vn 0.9212 0.1781 0.3460
vn 0.9818 0.1166 -0.1499
vn 0.9786 0.1662 0.1214
vn 0.8678 0.2192 -0.4459
vn 0.5926 0.3319 -0.7339
vn 0.2737 0.3379 -0.9005
vn 0.0637 0.2875 -0.9557
vn 0.9610 -0.2759 0.0179
vn 0.4743 -0.8753 0.0938
vn 0.5962 -0.8022 0.0304
vn 0.6178 -0.7567 0.2138
vn 0.6923 -0.6913 0.2069
vn 0.7330 -0.5673 0.3753
vn 0.6430 -0.6664 0.3774
vn 0.6377 -0.3101 0.7051
vn 0.3845 -0.3103 0.8694
vn 0.4588 -0.2097 0.8634
vn 0.3839 0.0335 0.9228
vn 0.5552 -0.7802 0.2883
vn 0.5442 -0.5191 0.6591
vn 0.5520 -0.8206 0.1478
vn 0.6342 -0.7582 0.1516
vn 0.7157 -0.6726 0.1882
vn 0.7817 -0.2515 0.5708
vn 0.6006 -0.0885 0.7947
vn 0.6526 0.0188 0.7575
vn 0.4672 -0.2040 0.8603
vn 0.5462 -0.0538 0.8359
vn 0.6221 0.0633 0.7804
vn 0.8692 -0.3643 0.3343
vn 0.6639 -0.1702 0.7282
vn 0.9416 -0.1247 0.3127
vn 0.8227 -0.5002 0.2701
vn 0.8566 -0.1951 0.4777
vn 0.9915 -0.0692 0.1104
vn 0.9536 -0.0665 0.2938
vn 0.9997 0.0208 0.0090
vn 0.9998 -0.0021 -0.0202
vn 0.9961 -0.0886 0.0021
vn 0.9985 -0.0442 0.0315
vn 0.9243 -0.1270 0.3598
vn 0.9604 -0.1486 0.2357
vn 0.9565 -0.1204 0.2657
vn 0.1823 0.8760 -0.4466
vn 0.8936 0.3758 -0.2455
vn 0.9233 -0.2307 0.3070
vn 0.9479 -0.3173 -0.0269
vn 0.8236 0.1804 -0.5377
vn 0.7997 0.0672 -0.5966
vn 0.6740 0.0992 -0.7321
vn 0.9967 -0.0808 0.0097
vn 0.1412 -0.3264 -0.9346
vn 0.0002 -0.0711 -0.9975
vn 0.3454 -0.3696 -0.8626
vn 0.3404 -0.4972 -0.7981
vn 0.1623 -0.4632 -0.8713
vn 0.4776 -0.3681 -0.7978
vn 0.4300 -0.5110 -0.7443
vn 0.1688 0.1556 -0.9733
vn 0.3815 0.0655 -0.9220
vn 0.5966 0.1086 -0.7952
vn 0.8313 0.0595 -0.5527
vn 0.9564 -0.0012 -0.2920
vn -0.2423 0.3309 -0.9120
vn 0.0016 0.1684 -0.9857
vn 0.8258 -0.1584 -0.5413
vn 0.6874 -0.2256 -0.6904
vn 0.2344 -0.0826 -0.9686
vn 0.2753 -0.2740 -0.9215
vn 0.8927 -0.1257 -0.4327
vn 0.6042 -0.1590 -0.7808
vn 0.5846 -0.1937 -0.7879
vn 0.5224 -0.2597 -0.8122
vn 0.9510 -0.1732 -0.2562
vn 0.9345 -0.2506 -0.2528
vn 0.6995 -0.1561 -0.6973
vn 0.9701 0.0038 -0.2426
vn 0.9590 -0.0586 -0.2773
vn 0.9136 -0.0148 -0.4064
vn 0.7585 -0.0718 -0.6477
vn 0.6199 -0.0547 -0.7827
vn 0.8886 0.0865 -0.4504
vn 0.8598 -0.0348 -0.5094
vn 0.2329 0.0611 -0.9706
vn 0.9280 0.0577 -0.3682
vn 0.4995 -0.0216 -0.8661
vn 0.6980 0.1621 -0.6975
vn 0.6179 0.2289 -0.7522
vn 0.9888 0.0982 -0.1127
vn 0.9475 0.0655 -0.3131
vn 0.9114 0.1040 -0.3983
vn 0.1002 0.3283 -0.9392
vn 0.1496 0.9477 0.2821
vn 0.1455 0.9881 0.0507
vn 0.6307 0.7345 0.2503
vn 0.4564 0.8853 0.0896
vn 0.8043 0.4025 0.4370
vn 0.7934 0.3935 0.4644
vn 0.7244 0.4722 0.5022
vn 0.9125 0.2573 0.3180
vn 0.9067 0.2332 0.3514
vn 0.9303 0.1932 0.3116
vn 0.3241 0.9389 -0.1157
vn 0.3037 0.9497 0.0765
vn 0.5497 -0.3409 -0.7627
vn 0.7193 0.5292 0.4500
vn 0.4945 0.6876 0.5316
vn 0.9382 0.2812 0.2018
vn 0.8302 0.4547 0.3224
vn 0.9581 0.1650 0.2343
vn 0.9767 0.1465 0.1566
vn 0.9415 0.2820 0.1847
vn 0.6322 0.6664 0.3954
vn 0.3223 -0.9282 0.1857
vn 0.4151 -0.2591 -0.8721
vn 0.1638 -0.3667 -0.9158
vn 0.6570 -0.7495 0.0811
vn 0.9147 -0.1179 0.3866
vn 0.9867 -0.0733 0.1452
vn 0.9687 -0.2168 0.1209
vn 0.9869 0.0144 0.1608
vn 0.9924 -0.0441 -0.1146
vn 0.9725 -0.2019 -0.1158
vn 0.9700 -0.2334 -0.0680
vn 0.9983 0.0037 -0.0581
vn 0.9898 -0.0841 -0.1148
vn 1.0000 0.0003 -0.0088
vn 0.9424 0.2712 0.1955
vn 0.8446 0.4892 0.2175
vn 0.9698 0.1882 0.1551
vn 0.8414 0.4705 0.2658
vn 0.1401 0.8521 0.5043
vn -0.4916 0.3886 -0.7793
vn -0.4213 0.3432 -0.8395
vn 0.9538 -0.1262 -0.2727
vn 0.9506 -0.1795 -0.2533
vn 0.9907 -0.1304 -0.0388
vn 0.2766 0.9236 0.2653
vn 0.2451 0.8892 0.3863
vn 0.4381 0.8187 0.3711
vn 0.1473 0.8074 0.5714
vn 0.3761 -0.1326 -0.9170
vn 0.4398 0.8607 0.2563
vn 0.6311 0.7023 0.3292
vn -0.4462 0.4071 -0.7969
vn 0.3478 0.2881 -0.8922
vn 0.1368 0.9077 0.3966
vn 0.3400 0.0905 -0.9361
vn 0.3284 0.0308 -0.9440
vn -0.3422 0.3653 -0.8657
vn 0.3924 0.8081 0.4393
vn 0.4022 -0.8957 0.1897
vn 0.4791 -0.1509 0.8647
vn 0.6255 -0.0839 0.7757
vn 0.4950 -0.2625 0.8283
vn 0.9531 -0.2197 -0.2083
vn 0.9972 0.0581 -0.0460
vn 0.9866 -0.0838 -0.1400
vn 0.3289 0.6924 0.6422
vn 0.2867 0.7599 0.5835
vn 0.2457 0.7949 0.5548
vn 0.5535 0.6801 0.4807
vn 0.1656 0.9747 -0.1498
vn 0.5211 -0.1622 -0.8380
vn 0.5340 0.0789 -0.8418
vn -0.3477 0.3148 -0.8832
vn 0.2275 0.8353 0.5006
vn 0.5638 0.0881 0.8212
vn 0.4261 -0.1533 0.8916
vn 0.4738 -0.0714 0.8777
vn 0.4614 -0.2027 0.8637
vn 0.5762 -0.2860 0.7657
vn 0.7371 -0.4826 0.4731
vn 0.7527 -0.6116 0.2437
vn 0.7302 -0.6606 0.1743
vn 0.5056 0.0730 0.8597
vn 0.6004 -0.2935 0.7439
vn 0.6815 -0.7242 0.1059
vn 0.7001 -0.6684 0.2514
vn 0.9139 -0.1756 0.3659
vn 0.2080 -0.5219 -0.8272
vn 0.3583 -0.4434 -0.8216
vn 0.4143 -0.0680 -0.9076
vn 0.4049 -0.2908 -0.8669
vn 0.5433 -0.3961 -0.7402
vn 0.4355 -0.2686 -0.8592
vn 0.6973 -0.2402 -0.6754
vn 0.6370 -0.1541 -0.7553
vn 0.8500 -0.0765 -0.5212
vn 0.8410 -0.0220 -0.5406
vn 0.9157 -0.0066 -0.4018
vn 0.9395 0.0516 -0.3385
vn 0.9794 -0.0347 -0.1990
vn 0.9975 -0.0619 0.0329
vn 0.9784 -0.0132 0.2065
vn 0.2697 0.1606 -0.9495
vn 0.9996 0.0227 0.0143
vn 0.9691 0.1847 0.1633
vn 0.9755 0.1012 0.1954
vn 0.9823 0.1590 0.0989
vn 0.9854 0.1352 0.1032
vn 0.9869 0.1084 0.1195
vn 0.9875 0.1172 0.1055
vn 0.9912 0.0741 0.1100
vn 0.9837 0.1345 0.1193
vn 0.9899 0.1023 0.0984
vn 0.9969 0.0334 0.0705
vn 0.9884 0.1091 0.1057
vn 0.9897 0.0138 0.1422
vn 0.9881 0.0180 0.1526
vn 0.9935 0.0434 0.1054
vn 0.9931 0.0602 0.1009
vn 0.9752 -0.2193 -0.0292
vn 0.9997 -0.0166 -0.0196
vn 0.9519 -0.2331 -0.1987
vn 0.9439 -0.3067 -0.1226
vn 0.9764 -0.2025 -0.0744
vn 0.8442 -0.5011 -0.1901
vn 0.9288 -0.2608 -0.2632
vn 0.9930 -0.0415 0.1105
vn 0.9771 -0.0804 0.1971
vn 0.9593 0.0821 0.2702
vn 0.9760 0.0675 0.2068
vn 0.9997 -0.0234 -0.0021
vn 0.9938 0.0898 0.0650
vn 0.9910 0.1105 0.0760
vn 0.9785 -0.1308 0.1597
vn 0.9621 -0.1327 0.2382
vn 0.9639 -0.1650 0.2090
vn 0.8897 0.3998 -0.2203
vn 0.8788 0.4509 -0.1564
vn 0.5859 -0.0949 -0.8048
vn 0.5028 -0.2620 -0.8237
vn 0.9278 -0.1152 0.3547
vn 0.8737 -0.1455 0.4642
vn -0.5186 0.3524 -0.7790
vn -0.5691 0.4798 -0.6678
vn -0.1697 0.6898 -0.7038
vn 0.5326 -0.8457 0.0330
vn 0.0298 -0.9667 0.2541
vn 0.4617 -0.8035 0.3758
vn 0.4736 -0.6011 -0.6437
vn 0.2281 -0.7080 -0.6683
vn 0.9588 -0.0537 0.2791
vn 0.9821 -0.0708 0.1747
vn 0.9389 -0.0719 0.3365
vn -0.2365 -0.7246 -0.6473
vn -0.3595 -0.5480 -0.7553
vn -0.2193 -0.5288 -0.8199
vn 0.9890 0.0700 0.1303
vn 0.9909 0.0983 0.0924
vn 0.9154 -0.1528 0.3723
vn -0.0153 0.9982 0.0588
vn 0.4537 0.7603 0.4649
vn 0.1244 0.6208 0.7740
vn 0.7438 -0.3950 0.5392
vn 0.4518 -0.7639 0.4608
vn -0.0348 -0.9932 -0.1107
vn 0.8742 0.2531 0.4143
vn 0.4999 -0.3669 -0.7846
vn 0.3887 -0.9085 -0.1531
vn -0.3738 -0.5689 -0.7325
vn 0.8628 -0.0052 0.5055
vn 0.9461 -0.0447 0.3209
vn -0.5878 0.2460 -0.7707
vn -0.1928 0.4310 -0.8815
vn 0.6215 0.6424 -0.4483
vn 0.7183 -0.0938 0.6894
vn 0.7633 -0.1279 0.6333
vn 0.6445 -0.2608 0.7187
vn -0.2954 -0.5308 -0.7943
vn -0.2570 -0.4889 -0.8337
vn -0.3505 -0.3371 -0.8738
vn 0.7951 0.0406 0.6051
vn 0.7132 -0.2133 0.6677
vn 0.7669 -0.0567 0.6393
vn 0.8788 0.2094 0.4289
vn 0.8535 0.1878 0.4861
vn 0.8882 -0.0322 0.4582
vn 0.8746 -0.0381 0.4834
vn 0.9311 0.0209 0.3642
vn 0.7193 -0.5717 -0.3947
vn -0.1721 -0.6503 -0.7399
vn 0.8334 0.1013 0.5432
vn 0.7028 0.2202 0.6765
vn 0.8809 0.0920 0.4642
vn -0.2857 0.4307 -0.8561
vn 0.9428 0.2127 -0.2567
vn 0.9900 -0.1014 0.0978
vn 0.7958 -0.1385 0.5895
vn 0.9016 0.3827 0.2015
vn 0.9605 0.2760 -0.0352
vn 0.8736 -0.1079 -0.4745
vn 0.6286 -0.2719 -0.7287
vn -0.4836 -0.0969 -0.8699
vn 0.4269 -0.4425 -0.7887
vn -0.0148 -0.7703 -0.6375
vn 0.7381 0.0997 0.6673
vn 0.9003 0.0327 0.4341
vn -0.0570 0.4251 0.9034
vn 0.5714 -0.5670 -0.5933
vn -0.4206 -0.3300 -0.8451
vn -0.3400 0.9182 0.2034
vn 0.9552 0.1844 0.2314
vn 0.9420 -0.0685 0.3284
vn 0.9444 0.0087 0.3288
vn 0.5812 -0.6747 -0.4550
vn 0.7263 -0.6367 -0.2591
vn 0.9659 -0.2058 -0.1574
vn 0.7882 -0.5805 -0.2041
vn 0.8385 -0.5146 0.1791
vn 0.9401 -0.2241 0.2568
vn 0.9678 0.0243 0.2504
vn 0.9359 -0.0483 0.3490
vn 0.7194 -0.3204 0.6163
vn 0.8870 -0.1903 0.4207
vn 0.7732 0.4845 0.4093
vn 0.8346 0.1729 0.5231
vn 0.8818 -0.0581 0.4680
vn 0.9962 0.0732 0.0477
vn 0.7275 -0.4944 -0.4758
vn 0.9406 -0.3394 -0.0100
vn 0.9496 0.3129 0.0202
vn 0.9270 0.1881 -0.3244
vn 0.6158 -0.3717 0.6948
vn 0.9106 0.2029 0.3601
vn 0.7047 -0.2744 0.6543
vn 0.7142 -0.4124 0.5655
vn 0.9394 -0.1437 0.3114
vn 0.9757 -0.1123 0.1879
vn 0.8307 -0.4675 0.3024
vn 0.7890 -0.4378 0.4311
vn 0.9572 -0.2894 -0.0012
vn 0.9579 -0.2098 0.1960
vn 0.9099 0.1824 0.3726
vn 0.8748 0.2084 0.4374
vn 0.7420 -0.1992 0.6402
vn 0.6233 -0.4534 0.6371
vn 0.9345 0.1312 0.3309
vn 0.8325 0.4130 -0.3693
vn 0.8198 0.0555 0.5699
vn 0.8330 0.2319 0.5023
vn 0.5649 -0.6210 -0.5433
vn 0.7086 -0.3138 -0.6320
vn 0.4601 -0.3301 -0.8242
vn 0.9348 -0.3145 0.1650
vn 0.8429 0.0175 0.5377
vn 0.9800 -0.0788 0.1825
vn 0.8586 -0.4619 -0.2224
vn 0.8757 0.2228 -0.4284
vn 0.9470 0.1291 0.2943
vn 0.7643 0.3906 0.5131
vn 0.8039 0.2236 0.5512
vn 0.9850 -0.1608 -0.0626
vn 0.9362 -0.1042 0.3357
vn 0.9898 0.1423 -0.0010
vn 0.7842 0.1509 0.6019
vn 0.1740 0.2217 -0.9595
vn 0.4639 0.1756 -0.8683
vn 0.8054 0.0232 -0.5923
vn 0.4874 0.1428 -0.8614
vn 0.4526 -0.0802 -0.8881
vn 0.9672 -0.0120 0.2538
vn 0.9064 0.2187 0.3614
vn 0.9858 0.1078 -0.1289
vn 0.9988 0.0010 0.0498
vn 0.9336 -0.0326 -0.3568
vn 0.8928 -0.4215 -0.1587
vn 0.9630 -0.2526 0.0935
vn 0.9408 -0.2002 0.2734
vn 0.9717 -0.1244 0.2008
vn 0.9947 0.0493 0.0899
vn 0.9209 -0.2956 0.2542
vn 0.9369 -0.3483 -0.0314
vn 0.7370 -0.0988 -0.6687
vn 0.6884 0.4883 0.5364
vn 0.6384 0.7038 0.3118
vn 0.9526 -0.0042 0.3043
vn 0.6533 0.6904 0.3108
vn 0.5378 0.7826 0.3136
vn 0.8577 -0.4637 -0.2223
vn 0.8354 -0.5388 -0.1081
vn 0.7529 -0.6479 0.1151
vn 0.9222 -0.1639 0.3504
vn 0.3914 -0.8409 0.3737
vn 0.3631 -0.7888 0.4959
vn 0.9398 -0.1658 0.2989
vn 0.8262 0.4921 0.2744
vn 0.1837 0.3097 0.9329
vn 0.5255 0.1174 0.8427
vn 0.5171 0.1348 0.8452
vn 0.3874 -0.6386 0.6649
vn 0.7050 -0.5243 0.4776
vn 0.3386 -0.8287 0.4456
vn 0.1625 -0.4493 0.8784
vn 0.3541 -0.0885 0.9310
vn 0.1445 -0.0290 0.9891
vn 0.9573 0.1185 0.2638
vn 0.3355 0.7762 0.5338
vn 0.7504 -0.3159 0.5807
vn 0.7954 -0.5835 0.1641
vn 0.8143 -0.5785 -0.0473
vn 0.8064 -0.4038 -0.4322
vn 0.0631 -0.6989 0.7125
vn 0.2261 -0.3283 0.9171
vn 0.8635 -0.0140 0.5041
vn 0.9308 -0.2859 0.2279
vn 0.7041 -0.7100 0.0067
vn 0.2111 0.1203 0.9700
vn 0.3231 -0.5699 0.7555
vn 0.5510 -0.1047 0.8279
vn 0.8729 0.1014 0.4773
vn 0.8426 -0.5383 -0.0148
vn 0.7941 -0.5718 0.2062
vn 0.9078 -0.2881 -0.3049
vn 0.1890 0.9111 0.3662
vn 0.1415 0.9290 0.3419
vn 0.8381 -0.2132 0.5021
vn 0.8703 0.0115 0.4924
vn 0.9115 -0.2020 -0.3582
vn 0.6063 -0.2519 -0.7543
vn 0.9737 0.2186 0.0641
vn 0.9751 -0.1887 -0.1163
vn -0.1212 0.7619 0.6363
vn 0.0394 0.6783 0.7337
vn 0.2937 0.4614 0.8372
vn 0.7515 -0.6294 -0.1977
vn 0.5375 0.7761 0.3298
vn 0.9091 -0.3669 -0.1973
vn 0.7499 -0.4908 -0.4435
vn 0.2821 0.7017 0.6542
vn -0.0086 0.9162 0.4005
vn 0.7824 -0.4565 -0.4236
vn 0.8332 0.0877 0.5459
vn 0.7650 0.0110 0.6439
vn 0.1119 0.4961 0.8610
vn 0.8525 0.2905 0.4347
vn 0.8475 -0.3736 0.3770
vn 0.9702 -0.0360 -0.2398
vn 0.9854 -0.1117 -0.1285
vn 0.9304 0.0369 0.3647
vn 0.9706 -0.0114 0.2404
vn 0.8310 -0.4382 0.3426
vn 0.9227 -0.1497 -0.3552
vn 0.7925 0.2269 0.5660
vn 0.8913 -0.2627 0.3695
vn 0.4396 0.4525 0.7759
vn 0.9460 0.1943 -0.2595
vn 0.7080 -0.1392 -0.6924
vn 0.9482 0.3086 -0.0754
vn 0.8800 0.4411 0.1762
vn 0.8725 0.2953 0.3893
vn 0.1698 0.8449 0.5073
vn 0.9043 0.2073 0.3732
vn 0.8457 -0.5034 0.1771
vn 0.8143 -0.4899 0.3115
vn 0.8771 -0.4461 0.1778
vn 0.2903 0.7024 0.6499
vn 0.8748 0.2456 0.4176
vn 0.5196 0.8357 0.1781
vn 0.8832 0.2179 0.4154
vn 0.9438 -0.3190 0.0866
vn 0.6199 0.3198 0.7165
vn 0.8796 -0.4647 0.1015
vn 0.8367 -0.5445 -0.0584
vn 0.9043 -0.3421 -0.2553
vn 0.8708 0.0227 0.4912
vn 0.9931 -0.0046 0.1171
vn 0.8805 -0.3839 -0.2781
vn 0.9766 -0.1123 0.1832
vn 0.6975 -0.6978 0.1633
vn 0.9955 -0.0572 0.0753
vn 0.5434 -0.7477 0.3816
vn 0.7179 0.0800 -0.6916
vn 0.8968 0.2179 -0.3850
vn 0.9838 -0.1032 0.1465
vn 0.9709 0.1163 -0.2095
vn 0.9899 0.0873 0.1117
vn 0.6157 -0.7540 -0.2288
vn 0.5590 -0.2087 0.8025
vn 0.8293 -0.5349 0.1615
vn 0.5944 0.2732 0.7563
vn 0.7840 -0.3646 -0.5025
vn 0.8336 -0.3325 -0.4411
vn 0.7898 -0.2731 -0.5492
vn 0.7827 -0.3647 -0.5043
vn 0.7232 -0.6891 0.0456
vn 0.8684 -0.3821 -0.3160
vn 0.7884 -0.6149 0.0181
vn 0.6482 -0.6889 0.3246
vn 0.5942 -0.7316 0.3342
vn 0.8233 -0.5122 0.2444
vn 0.8733 -0.3049 0.3801
vn 0.8858 -0.4385 0.1518
vn 0.8561 -0.3687 0.3621
vn 0.8084 0.2702 0.5230
vn 0.7678 -0.2452 0.5919
vn 0.7267 -0.1329 0.6740
vn 0.7066 0.1581 0.6897
vn 0.8124 -0.1472 0.5642
vn 0.3086 -0.3871 0.8688
vn 0.5859 -0.0768 0.8067
vn 0.0888 -0.6708 0.7363
vn 0.2461 -0.9245 0.2911
vn 0.1443 -0.8688 0.4737
vn 0.3115 -0.8145 0.4894
vn 0.3045 -0.8897 0.3403
vn 0.3589 -0.9059 0.2247
vn 0.3865 -0.8880 0.2491
vn 0.3582 -0.8572 0.3701
vn 0.3504 -0.7478 0.5640
vn 0.6416 -0.7647 0.0598
vn 0.8403 0.2476 0.4822
vn 0.7340 -0.6792 0.0031
vn 0.8660 0.0201 0.4997
vn 0.8850 -0.0730 0.4599
vn 0.8349 -0.3668 0.4104
vn 0.8939 -0.0802 -0.4411
vn 0.9080 0.0147 -0.4187
vn 0.9667 0.1824 -0.1797
vn 0.7225 -0.5991 0.3450
vn 0.7343 -0.6743 0.0787
vn 0.9779 0.1032 -0.1819
vn 0.9469 -0.1990 -0.2527
vn 0.9612 -0.2694 -0.0595
vn 0.7392 -0.6721 -0.0441
vn 0.8434 -0.5285 0.0966
vn 0.8322 -0.5208 0.1905
vn 0.9486 -0.2778 0.1513
vn 0.9769 0.2011 0.0723
vn 0.9317 -0.1929 0.3078
vn 0.8993 0.2758 0.3395
vn 0.8300 0.0416 0.5563
vn 0.6699 -0.4797 0.5666
vn 0.9614 0.2388 0.1366
vn 0.9216 0.2161 0.3223
vn 0.6032 -0.5104 0.6128
vn 0.8395 -0.4033 0.3642
vn 0.3942 0.0408 -0.9181
vn 0.8915 0.0570 -0.4494
vn 0.7315 0.2461 -0.6359
vn 0.9481 0.0373 0.3157
vn 0.8522 -0.0693 0.5187
vn 0.7101 0.0782 0.6997
vn 0.8614 -0.4889 0.1382
vn 0.4530 0.6842 0.5716
vn 0.3789 0.7122 0.5909
vn 0.8872 0.1661 -0.4305
vn 0.8759 0.3802 -0.2972
vn 0.6586 -0.6256 -0.4182
vn 0.6108 -0.2685 0.7449
vn 0.9846 0.0999 0.1432
vn 0.0264 0.9277 -0.3725
vn -0.6137 0.7373 -0.2823
vn -0.6332 0.1111 -0.7660
vn -0.2532 0.2880 -0.9235
vn 0.8188 -0.1384 0.5572
vn 0.5198 0.5113 -0.6844
vn 0.9577 -0.0936 0.2720
vn 0.5476 -0.5590 -0.6226
vn 0.9554 0.2790 0.0963
vn 0.9859 0.1547 0.0639
vn -0.0153 -0.9599 -0.2799
vn -0.4544 -0.0362 -0.8901
vn 0.9895 0.0200 0.1434
vn 0.5756 0.1817 -0.7973
vn 0.5452 -0.4706 -0.6937
vn -0.4056 0.8702 0.2798
vn 0.9960 0.0878 0.0175
vt 0.238850 0.253489
vt 0.237385 0.230915
vt 0.258548 0.225035
vt 0.220811 0.259052
vt 0.218072 0.236256
vt 0.241064 0.275502
vt 0.222276 0.281912
vt 0.258984 0.248785
vt 0.258963 0.270580
vt 0.761150 0.253489
vt 0.779189 0.259052
vt 0.777724 0.281912
vt 0.762616 0.230915
vt 0.781928 0.236256
vt 0.741016 0.248785
vt 0.741452 0.225035
vt 0.758936 0.275502
vt 0.741037 0.270580
vt 0.251991 0.336570
vt 0.248444 0.316145
vt 0.265793 0.307622
vt 0.236751 0.344620
vt 0.231823 0.324362
vt 0.256912 0.355839
vt 0.238626 0.368811
vt 0.269320 0.326710
vt 0.273179 0.343963
vt 0.748009 0.336570
vt 0.763249 0.344620
vt 0.761374 0.368811
vt 0.751556 0.316145
vt 0.768177 0.324362
vt 0.730680 0.326710
vt 0.734207 0.307622
vt 0.743088 0.355839
vt 0.726821 0.343963
vt 0.204046 0.264552
vt 0.206251 0.290048
vt 0.187746 0.299558
vt 0.203611 0.239672
vt 0.189589 0.267857
vt 0.190201 0.240839
vt 0.795954 0.264552
vt 0.793749 0.290048
vt 0.810411 0.267857
vt 0.812254 0.299558
vt 0.796390 0.239672
vt 0.809799 0.240839
vt 0.210936 0.314168
vt 0.197744 0.325341
vt 0.217847 0.334742
vt 0.204063 0.351700
vt 0.227301 0.304117
vt 0.789064 0.314168
vt 0.802256 0.325341
vt 0.795936 0.351700
vt 0.772699 0.304117
vt 0.782153 0.334742
vt 0.279574 0.246036
vt 0.281368 0.228953
vt 0.302874 0.227725
vt 0.279889 0.265364
vt 0.299412 0.245577
vt 0.298514 0.261732
vt 0.720426 0.246036
vt 0.718632 0.228953
vt 0.700589 0.245577
vt 0.697126 0.227725
vt 0.720112 0.265364
vt 0.701486 0.261732
vt 0.239480 0.434248
vt 0.237619 0.455259
vt 0.223270 0.457175
vt 0.252946 0.433444
vt 0.250482 0.454435
vt 0.240947 0.413898
vt 0.256819 0.409487
vt 0.225314 0.434926
vt 0.226949 0.414065
vt 0.760520 0.434248
vt 0.747054 0.433444
vt 0.743181 0.409487
vt 0.762381 0.455259
vt 0.749519 0.454435
vt 0.774686 0.434926
vt 0.776730 0.457175
vt 0.759053 0.413898
vt 0.773051 0.414065
vt 0.305812 0.087499
vt 0.309328 0.076267
vt 0.333870 0.064965
vt 0.283605 0.097822
vt 0.284787 0.087569
vt 0.302916 0.100065
vt 0.282840 0.106901
vt 0.325382 0.082771
vt 0.322107 0.092709
vt 0.694188 0.087499
vt 0.716395 0.097822
vt 0.717160 0.106901
vt 0.690672 0.076267
vt 0.715213 0.087569
vt 0.674618 0.082771
vt 0.666130 0.064965
vt 0.697084 0.100065
vt 0.677893 0.092709
vt 0.286317 0.318687
vt 0.285309 0.300504
vt 0.306623 0.292599
vt 0.286730 0.335586
vt 0.302569 0.314482
vt 0.300511 0.330461
vt 0.713683 0.318687
vt 0.714691 0.300504
vt 0.697431 0.314482
vt 0.693377 0.292599
vt 0.713270 0.335586
vt 0.699489 0.330461
vt 0.409041 0.634003
vt 0.430235 0.633398
vt 0.429656 0.659085
vt 0.409706 0.612256
vt 0.432094 0.607644
vt 0.388258 0.633233
vt 0.389495 0.613703
vt 0.407221 0.656047
vt 0.385207 0.655244
vt 0.590959 0.634003
vt 0.590294 0.612256
vt 0.610505 0.613703
vt 0.569766 0.633398
vt 0.567906 0.607644
vt 0.592779 0.656047
vt 0.570344 0.659085
vt 0.611742 0.633233
vt 0.614793 0.655244
vt 0.168264 0.322768
vt 0.165870 0.350678
vt 0.151978 0.347664
vt 0.179601 0.328297
vt 0.174162 0.354926
vt 0.172947 0.294474
vt 0.158912 0.314327
vt 0.159416 0.289090
vt 0.831736 0.322768
vt 0.820399 0.328297
vt 0.834130 0.350678
vt 0.825838 0.354926
vt 0.841088 0.314327
vt 0.848023 0.347664
vt 0.827053 0.294474
vt 0.840584 0.289090
vt 0.450148 0.632858
vt 0.468095 0.631322
vt 0.467668 0.652884
vt 0.452075 0.609705
vt 0.470314 0.609349
vt 0.448638 0.654653
vt 0.549852 0.632858
vt 0.547926 0.609705
vt 0.531905 0.631322
vt 0.529686 0.609349
vt 0.551363 0.654653
vt 0.532332 0.652884
vt 0.455743 0.588969
vt 0.471320 0.587895
vt 0.458792 0.570038
vt 0.473364 0.566675
vt 0.441774 0.588018
vt 0.446254 0.570513
vt 0.544257 0.588969
vt 0.528680 0.587895
vt 0.526637 0.566675
vt 0.558226 0.588018
vt 0.541208 0.570038
vt 0.553746 0.570513
vt 0.404982 0.675856
vt 0.398774 0.690257
vt 0.381652 0.690388
vt 0.426758 0.673683
vt 0.423520 0.697160
vt 0.383815 0.672526
vt 0.595018 0.675856
vt 0.573242 0.673683
vt 0.601226 0.690257
vt 0.576480 0.697160
vt 0.616185 0.672526
vt 0.618348 0.690388
vt 0.217188 0.386111
vt 0.201870 0.381733
vt 0.213699 0.410897
vt 0.199103 0.409196
vt 0.230826 0.391695
vt 0.221110 0.363840
vt 0.782812 0.386111
vt 0.786301 0.410897
vt 0.798130 0.381733
vt 0.800897 0.409196
vt 0.778890 0.363840
vt 0.769175 0.391695
vt 0.260979 0.109319
vt 0.261640 0.100784
vt 0.240845 0.121713
vt 0.238493 0.113999
vt 0.260591 0.119970
vt 0.237487 0.132103
vt 0.739021 0.109319
vt 0.759155 0.121713
vt 0.762513 0.132103
vt 0.738360 0.100784
vt 0.761507 0.113999
vt 0.739409 0.119970
vt 0.184827 0.432527
vt 0.186359 0.406442
vt 0.173637 0.425261
vt 0.174380 0.404121
vt 0.187300 0.455857
vt 0.170956 0.457907
vt 0.198130 0.433156
vt 0.197035 0.456684
vt 0.815173 0.432527
vt 0.826363 0.425261
vt 0.829044 0.457907
vt 0.813641 0.406442
vt 0.825620 0.404121
vt 0.801870 0.433156
vt 0.812701 0.455857
vt 0.802965 0.456684
vt 0.310059 0.354745
vt 0.313504 0.335023
vt 0.326621 0.338703
vt 0.296252 0.352001
vt 0.306552 0.371454
vt 0.287523 0.373561
vt 0.326617 0.355550
vt 0.325037 0.374808
vt 0.689942 0.354745
vt 0.703748 0.352001
vt 0.712477 0.373561
vt 0.686496 0.335023
vt 0.673383 0.355550
vt 0.673379 0.338703
vt 0.693449 0.371454
vt 0.674963 0.374808
vt 0.270222 0.193495
vt 0.266595 0.176079
vt 0.284979 0.166818
vt 0.252493 0.202969
vt 0.247132 0.184465
vt 0.276455 0.208637
vt 0.288362 0.184007
vt 0.292574 0.198999
vt 0.729778 0.193495
vt 0.747507 0.202969
vt 0.733405 0.176079
vt 0.752868 0.184465
vt 0.711638 0.184007
vt 0.715021 0.166818
vt 0.723545 0.208637
vt 0.707426 0.198999
vt 0.214719 0.517349
vt 0.228859 0.518473
vt 0.233803 0.542312
vt 0.212882 0.497318
vt 0.224978 0.498219
vt 0.203244 0.511197
vt 0.200442 0.496877
vt 0.220209 0.537060
vt 0.202143 0.531721
vt 0.785282 0.517349
vt 0.787118 0.497318
vt 0.799558 0.496877
vt 0.771141 0.518473
vt 0.775022 0.498219
vt 0.779791 0.537060
vt 0.766197 0.542312
vt 0.796756 0.511197
vt 0.797857 0.531721
vt 0.244168 0.296025
vt 0.262857 0.289335
vt 0.755833 0.296025
vt 0.737143 0.289335
vt 0.220901 0.553754
vt 0.208709 0.545971
vt 0.224388 0.570740
vt 0.215274 0.560219
vt 0.231862 0.558563
vt 0.233501 0.581259
vt 0.779099 0.553754
vt 0.775612 0.570740
vt 0.766499 0.581259
vt 0.791291 0.545971
vt 0.784726 0.560219
vt 0.768139 0.558563
vt 0.263856 0.374010
vt 0.277868 0.360192
vt 0.249959 0.387525
vt 0.272128 0.389815
vt 0.736145 0.374010
vt 0.722132 0.360192
vt 0.727872 0.389815
vt 0.750041 0.387525
vt 0.363420 0.668618
vt 0.362693 0.684882
vt 0.340527 0.682534
vt 0.366347 0.649475
vt 0.344381 0.661700
vt 0.347471 0.644058
vt 0.636580 0.668618
vt 0.637307 0.684882
vt 0.655619 0.661700
vt 0.659473 0.682534
vt 0.633653 0.649475
vt 0.652529 0.644058
vt 0.282504 0.283110
vt 0.299574 0.277507
vt 0.717496 0.283110
vt 0.700426 0.277507
vt 0.264045 0.159537
vt 0.262627 0.145333
vt 0.282166 0.134376
vt 0.247327 0.169088
vt 0.243238 0.155863
vt 0.282923 0.151026
vt 0.735955 0.159537
vt 0.752673 0.169088
vt 0.737374 0.145333
vt 0.756762 0.155863
vt 0.717077 0.151026
vt 0.717834 0.134376
vt 0.176364 0.266479
vt 0.178733 0.243092
vt 0.166681 0.262751
vt 0.171084 0.236984
vt 0.823636 0.266479
vt 0.821267 0.243092
vt 0.828916 0.236984
vt 0.833320 0.262751
vt 0.305673 0.176715
vt 0.321632 0.170311
vt 0.327869 0.187078
vt 0.302466 0.159961
vt 0.318708 0.152941
vt 0.309834 0.192280
vt 0.694327 0.176715
vt 0.697534 0.159961
vt 0.678368 0.170311
vt 0.681292 0.152941
vt 0.690166 0.192280
vt 0.672131 0.187078
vt 0.234069 0.208880
vt 0.232606 0.189572
vt 0.217148 0.212659
vt 0.214330 0.188458
vt 0.765931 0.208880
vt 0.782852 0.212659
vt 0.767394 0.189572
vt 0.785671 0.188458
vt 0.369288 0.629980
vt 0.372021 0.610961
vt 0.351902 0.624297
vt 0.355290 0.606547
vt 0.630712 0.629980
vt 0.627979 0.610961
vt 0.644710 0.606547
vt 0.648098 0.624297
vt 0.406039 0.036041
vt 0.393727 0.046177
vt 0.376620 0.043268
vt 0.414937 0.041821
vt 0.402221 0.048763
vt 0.424851 0.028569
vt 0.430031 0.034082
vt 0.397745 0.032706
vt 0.418869 0.022143
vt 0.593961 0.036041
vt 0.585063 0.041821
vt 0.569969 0.034082
vt 0.606273 0.046177
vt 0.597779 0.048763
vt 0.602255 0.032706
vt 0.623380 0.043268
vt 0.575149 0.028569
vt 0.581131 0.022143
vt 0.187125 0.379924
vt 0.188395 0.355622
vt 0.174562 0.378550
vt 0.812875 0.379924
vt 0.811604 0.355622
vt 0.825438 0.378550
vt 0.211554 0.434217
vt 0.210812 0.456225
vt 0.788446 0.434217
vt 0.789188 0.456225
vt 0.300906 0.113152
vt 0.281742 0.121496
vt 0.300128 0.127887
vt 0.318239 0.107801
vt 0.316939 0.120649
vt 0.699093 0.113152
vt 0.718258 0.121496
vt 0.681761 0.107801
vt 0.699872 0.127887
vt 0.683061 0.120649
vt 0.484249 0.630200
vt 0.500000 0.629929
vt 0.500000 0.651341
vt 0.485106 0.608528
vt 0.500000 0.607974
vt 0.483782 0.650624
vt 0.515751 0.630200
vt 0.514894 0.608528
vt 0.516218 0.650624
vt 0.261056 0.131557
vt 0.241703 0.144794
vt 0.738944 0.131557
vt 0.758297 0.144794
vt 0.305007 0.595859
vt 0.319966 0.607307
vt 0.314746 0.624324
vt 0.309602 0.581467
vt 0.324558 0.592439
vt 0.292854 0.585572
vt 0.294281 0.568824
vt 0.300259 0.610857
vt 0.287421 0.598584
vt 0.694993 0.595859
vt 0.690398 0.581467
vt 0.705719 0.568824
vt 0.680034 0.607307
vt 0.675442 0.592439
vt 0.699742 0.610857
vt 0.685254 0.624324
vt 0.707146 0.585572
vt 0.712579 0.598584
vt 0.408193 0.593674
vt 0.423586 0.590210
vt 0.406303 0.577865
vt 0.421050 0.574578
vt 0.390584 0.594950
vt 0.390635 0.578807
vt 0.591807 0.593674
vt 0.576414 0.590210
vt 0.578950 0.574578
vt 0.609416 0.594950
vt 0.593697 0.577865
vt 0.609365 0.578807
vt 0.485861 0.586589
vt 0.500000 0.586447
vt 0.486495 0.566475
vt 0.500000 0.564635
vt 0.514139 0.586589
vt 0.513505 0.566475
vt 0.335556 0.616604
vt 0.339633 0.600124
vt 0.330970 0.634143
vt 0.664444 0.616604
vt 0.660367 0.600124
vt 0.669030 0.634143
vt 0.237245 0.475178
vt 0.238791 0.495606
vt 0.250069 0.473333
vt 0.251003 0.493019
vt 0.224220 0.476849
vt 0.762756 0.475178
vt 0.749931 0.473333
vt 0.761209 0.495606
vt 0.748997 0.493019
vt 0.775780 0.476849
vt 0.211388 0.476825
vt 0.199402 0.476763
vt 0.788612 0.476825
vt 0.800598 0.476763
vt 0.483213 0.668073
vt 0.465578 0.670372
vt 0.482177 0.684485
vt 0.464353 0.686748
vt 0.500000 0.667427
vt 0.500000 0.682221
vt 0.516788 0.668073
vt 0.534423 0.670372
vt 0.535647 0.686748
vt 0.517823 0.684485
vt 0.241939 0.516010
vt 0.247117 0.537065
vt 0.254632 0.512545
vt 0.259189 0.532538
vt 0.758061 0.516010
vt 0.745368 0.512545
vt 0.752883 0.537065
vt 0.740811 0.532538
vt 0.293861 0.624660
vt 0.309349 0.638678
vt 0.302687 0.654138
vt 0.281020 0.609560
vt 0.288171 0.637878
vt 0.272513 0.621328
vt 0.706140 0.624660
vt 0.690651 0.638678
vt 0.711829 0.637878
vt 0.697313 0.654138
vt 0.718980 0.609560
vt 0.727487 0.621328
vt 0.225030 0.159652
vt 0.229372 0.170115
vt 0.221474 0.149899
vt 0.210717 0.173274
vt 0.207371 0.160834
vt 0.774970 0.159652
vt 0.770628 0.170115
vt 0.789283 0.173274
vt 0.778526 0.149899
vt 0.792629 0.160834
vt 0.283622 0.651384
vt 0.272384 0.636617
vt 0.283532 0.665012
vt 0.268353 0.652854
vt 0.297889 0.665426
vt 0.291957 0.677346
vt 0.716378 0.651384
vt 0.716468 0.665012
vt 0.708043 0.677346
vt 0.727616 0.636617
vt 0.731647 0.652854
vt 0.702111 0.665426
vt 0.280313 0.402201
vt 0.270367 0.418072
vt 0.288103 0.411646
vt 0.279331 0.424993
vt 0.292286 0.389341
vt 0.297721 0.398900
vt 0.719687 0.402201
vt 0.729633 0.418072
vt 0.720669 0.424993
vt 0.707714 0.389341
vt 0.711897 0.411646
vt 0.702279 0.398900
vt 0.344753 0.353940
vt 0.362640 0.352187
vt 0.362955 0.367665
vt 0.345393 0.336486
vt 0.364365 0.333524
vt 0.344865 0.370015
vt 0.655247 0.353940
vt 0.654607 0.336486
vt 0.637360 0.352187
vt 0.635635 0.333524
vt 0.655135 0.370015
vt 0.637045 0.367665
vt 0.188743 0.476667
vt 0.178934 0.476776
vt 0.193067 0.494559
vt 0.186913 0.495645
vt 0.811257 0.476667
vt 0.806933 0.494559
vt 0.821066 0.476776
vt 0.813088 0.495645
vt 0.326105 0.651589
vt 0.320653 0.666774
vt 0.673895 0.651589
vt 0.679348 0.666774
vt 0.343185 0.077785
vt 0.352153 0.065929
vt 0.364285 0.064522
vt 0.337697 0.091361
vt 0.357694 0.077142
vt 0.352495 0.090255
vt 0.656815 0.077785
vt 0.647847 0.065929
vt 0.642306 0.077142
vt 0.635715 0.064522
vt 0.662303 0.091361
vt 0.647505 0.090255
vt 0.202123 0.217043
vt 0.199804 0.197884
vt 0.189059 0.221957
vt 0.186630 0.201881
vt 0.797877 0.217043
vt 0.810941 0.221957
vt 0.800196 0.197884
vt 0.813370 0.201881
vt 0.473520 0.116912
vt 0.478563 0.106569
vt 0.500000 0.108826
vt 0.458697 0.115357
vt 0.460339 0.104714
vt 0.468506 0.126915
vt 0.454547 0.126006
vt 0.488475 0.119582
vt 0.480380 0.128241
vt 0.526480 0.116912
vt 0.541304 0.115357
vt 0.545453 0.126006
vt 0.521438 0.106569
vt 0.539661 0.104714
vt 0.511525 0.119582
vt 0.531494 0.126915
vt 0.519620 0.128241
vt 0.300503 0.143372
vt 0.316396 0.137621
vt 0.699497 0.143372
vt 0.683604 0.137621
vt 0.266395 0.508612
vt 0.271444 0.528984
vt 0.277395 0.504197
vt 0.283690 0.525876
vt 0.263090 0.489305
vt 0.273412 0.484889
vt 0.733605 0.508612
vt 0.728556 0.528984
vt 0.716311 0.525876
vt 0.736910 0.489305
vt 0.722605 0.504197
vt 0.726588 0.484889
vt 0.374012 0.593617
vt 0.375337 0.578586
vt 0.358195 0.590158
vt 0.360354 0.575560
vt 0.625988 0.593617
vt 0.641805 0.590158
vt 0.624663 0.578586
vt 0.639647 0.575560
vt 0.316825 0.316182
vt 0.331094 0.319571
vt 0.321986 0.299072
vt 0.335095 0.303624
vt 0.683175 0.316182
vt 0.668907 0.319571
vt 0.664905 0.303624
vt 0.678014 0.299072
vt 0.281889 0.463936
vt 0.281853 0.449646
vt 0.291730 0.442704
vt 0.272310 0.467911
vt 0.272390 0.452121
vt 0.282966 0.480580
vt 0.290850 0.460442
vt 0.290480 0.476085
vt 0.718110 0.463936
vt 0.727690 0.467911
vt 0.718147 0.449646
vt 0.727610 0.452121
vt 0.709150 0.460442
vt 0.708270 0.442704
vt 0.717034 0.480580
vt 0.709520 0.476085
vt 0.378490 0.353617
vt 0.377590 0.368696
vt 0.392110 0.356766
vt 0.391686 0.370795
vt 0.380171 0.338913
vt 0.394021 0.342445
vt 0.621510 0.353617
vt 0.622410 0.368696
vt 0.608315 0.370795
vt 0.619829 0.338913
vt 0.607890 0.356766
vt 0.605979 0.342445
vt 0.261549 0.470700
vt 0.262356 0.453215
vt 0.738452 0.470700
vt 0.737644 0.453215
vt 0.270287 0.593667
vt 0.278483 0.585357
vt 0.262043 0.575956
vt 0.271517 0.570156
vt 0.263432 0.600884
vt 0.252829 0.582602
vt 0.729713 0.593667
vt 0.721517 0.585357
vt 0.728483 0.570156
vt 0.736569 0.600884
vt 0.737957 0.575956
vt 0.747171 0.582602
vt 0.253538 0.557399
vt 0.265186 0.552250
vt 0.244830 0.562661
vt 0.746462 0.557399
vt 0.734814 0.552250
vt 0.755170 0.562661
vt 0.486755 0.548003
vt 0.486197 0.533529
vt 0.500000 0.530991
vt 0.473039 0.550889
vt 0.472228 0.534883
vt 0.500000 0.547908
vt 0.513245 0.548003
vt 0.526961 0.550889
vt 0.513803 0.533529
vt 0.527772 0.534883
vt 0.358363 0.056575
vt 0.355245 0.054116
vt 0.369546 0.056405
vt 0.641637 0.056575
vt 0.630454 0.056405
vt 0.644755 0.054116
vt 0.159858 0.258448
vt 0.156184 0.252567
vt 0.160880 0.231193
vt 0.155812 0.277526
vt 0.151487 0.273941
vt 0.168024 0.239097
vt 0.840142 0.258448
vt 0.844188 0.277526
vt 0.843816 0.252567
vt 0.848513 0.273941
vt 0.831976 0.239097
vt 0.839119 0.231193
vt 0.226418 0.131430
vt 0.220832 0.131203
vt 0.223285 0.138543
vt 0.203172 0.148408
vt 0.773582 0.131430
vt 0.776716 0.138543
vt 0.779168 0.131203
vt 0.796827 0.148408
vt 0.429894 0.515679
vt 0.429738 0.526451
vt 0.413832 0.530685
vt 0.444120 0.511581
vt 0.444407 0.522645
vt 0.430361 0.504338
vt 0.443948 0.501404
vt 0.416101 0.517748
vt 0.416902 0.506179
vt 0.570106 0.515679
vt 0.555880 0.511581
vt 0.556053 0.501404
vt 0.570262 0.526451
vt 0.555593 0.522645
vt 0.583899 0.517748
vt 0.586168 0.530685
vt 0.569639 0.504338
vt 0.583098 0.506179
vt 0.447077 0.673784
vt 0.443936 0.691954
vt 0.552923 0.673784
vt 0.556064 0.691954
vt 0.313220 0.206327
vt 0.326340 0.201508
vt 0.329885 0.211987
vt 0.298286 0.212517
vt 0.317378 0.217780
vt 0.686780 0.206327
vt 0.673660 0.201508
vt 0.682622 0.217780
vt 0.670115 0.211987
vt 0.701714 0.212517
vt 0.265003 0.435605
vt 0.274531 0.438136
vt 0.734997 0.435605
vt 0.725469 0.438136
vt 0.316685 0.246813
vt 0.331181 0.250884
vt 0.327020 0.263549
vt 0.320206 0.233817
vt 0.337732 0.235647
vt 0.313218 0.261171
vt 0.683315 0.246813
vt 0.679794 0.233817
vt 0.668819 0.250884
vt 0.662268 0.235647
vt 0.686782 0.261171
vt 0.672980 0.263549
vt 0.480390 0.095825
vt 0.500000 0.096681
vt 0.481533 0.085947
vt 0.500000 0.086248
vt 0.463759 0.095155
vt 0.460661 0.083358
vt 0.519611 0.095825
vt 0.536241 0.095155
vt 0.518467 0.085947
vt 0.539339 0.083358
vt 0.345833 0.319775
vt 0.359543 0.316751
vt 0.346458 0.305036
vt 0.357468 0.302735
vt 0.654167 0.319775
vt 0.653542 0.305036
vt 0.640457 0.316751
vt 0.642532 0.302735
vt 0.276503 0.548909
vt 0.281752 0.566728
vt 0.287299 0.547711
vt 0.723497 0.548909
vt 0.712701 0.547711
vt 0.718248 0.566728
vt 0.459808 0.553996
vt 0.459131 0.540136
vt 0.446289 0.556926
vt 0.445946 0.543269
vt 0.540192 0.553996
vt 0.553711 0.556926
vt 0.540869 0.540136
vt 0.554054 0.543269
vt 0.162579 0.375229
vt 0.163719 0.399501
vt 0.154534 0.396412
vt 0.153256 0.372038
vt 0.837421 0.375229
vt 0.836281 0.399501
vt 0.846744 0.372038
vt 0.845466 0.396412
vt 0.346716 0.383646
vt 0.347711 0.394206
vt 0.334874 0.396184
vt 0.362470 0.382446
vt 0.362980 0.395767
vt 0.330959 0.387650
vt 0.653284 0.383646
vt 0.637530 0.382446
vt 0.652289 0.394206
vt 0.637020 0.395767
vt 0.669041 0.387650
vt 0.665127 0.396184
vt 0.317210 0.395961
vt 0.305100 0.407439
vt 0.322397 0.404688
vt 0.310426 0.414401
vt 0.310889 0.388093
vt 0.682790 0.395961
vt 0.677603 0.404688
vt 0.694900 0.407439
vt 0.689574 0.414401
vt 0.689111 0.388093
vt 0.343126 0.584906
vt 0.346263 0.571730
vt 0.328710 0.577949
vt 0.332592 0.565709
vt 0.656874 0.584906
vt 0.671290 0.577949
vt 0.653737 0.571730
vt 0.667408 0.565709
vt 0.485803 0.520239
vt 0.485612 0.509005
vt 0.500000 0.506106
vt 0.471852 0.523943
vt 0.470838 0.512259
vt 0.500000 0.519393
vt 0.514197 0.520239
vt 0.528148 0.523943
vt 0.514388 0.509005
vt 0.529162 0.512259
vt 0.313290 0.678833
vt 0.303968 0.684184
vt 0.329042 0.688306
vt 0.318647 0.699689
vt 0.686710 0.678833
vt 0.696032 0.684184
vt 0.681353 0.699689
vt 0.670958 0.688306
vt 0.314563 0.568744
vt 0.319705 0.557446
vt 0.302738 0.558168
vt 0.307386 0.547869
vt 0.685437 0.568744
vt 0.697262 0.558168
vt 0.680296 0.557446
vt 0.692614 0.547869
vt 0.444466 0.022008
vt 0.464658 0.018802
vt 0.466630 0.025121
vt 0.441735 0.016993
vt 0.464602 0.011842
vt 0.448370 0.029669
vt 0.555535 0.022008
vt 0.558265 0.016993
vt 0.535342 0.018802
vt 0.535398 0.011842
vt 0.551630 0.029669
vt 0.533370 0.025121
vt 0.377227 0.382705
vt 0.378036 0.395377
vt 0.390800 0.384487
vt 0.391884 0.396697
vt 0.622773 0.382705
vt 0.609200 0.384487
vt 0.621964 0.395377
vt 0.608116 0.396697
vt 0.382531 0.055027
vt 0.376320 0.064856
vt 0.393409 0.056536
vt 0.387650 0.063871
vt 0.617469 0.055027
vt 0.606591 0.056536
vt 0.623680 0.064856
vt 0.612350 0.063871
vt 0.406497 0.332510
vt 0.395323 0.328813
vt 0.396968 0.314234
vt 0.405471 0.346077
vt 0.415301 0.334522
vt 0.417119 0.349143
vt 0.407416 0.320413
vt 0.416279 0.324067
vt 0.593503 0.332510
vt 0.594529 0.346077
vt 0.582881 0.349143
vt 0.604677 0.328813
vt 0.592584 0.320413
vt 0.603032 0.314234
vt 0.584699 0.334522
vt 0.583721 0.324067
vt 0.485808 0.497417
vt 0.486568 0.487864
vt 0.500000 0.486838
vt 0.471682 0.501445
vt 0.471852 0.489511
vt 0.500000 0.496944
vt 0.514193 0.497417
vt 0.528318 0.501445
vt 0.513432 0.487864
vt 0.528148 0.489511
vt 0.421457 0.048399
vt 0.409987 0.054876
vt 0.428633 0.056613
vt 0.415035 0.063858
vt 0.436472 0.042765
vt 0.442048 0.051111
vt 0.578543 0.048399
vt 0.571367 0.056613
vt 0.557952 0.051111
vt 0.590013 0.054876
vt 0.584965 0.063858
vt 0.563528 0.042765
vt 0.452355 0.037467
vt 0.456620 0.047223
vt 0.468798 0.035017
vt 0.471817 0.044559
vt 0.547646 0.037467
vt 0.543380 0.047223
vt 0.528183 0.044559
vt 0.531202 0.035017
vt 0.334279 0.164509
vt 0.339228 0.178289
vt 0.345623 0.159731
vt 0.349624 0.172712
vt 0.331213 0.148982
vt 0.342428 0.144955
vt 0.665721 0.164509
vt 0.654377 0.159731
vt 0.657572 0.144955
vt 0.660772 0.178289
vt 0.650376 0.172712
vt 0.668787 0.148982
vt 0.195357 0.164974
vt 0.205785 0.156216
vt 0.190722 0.168244
vt 0.196414 0.172515
vt 0.178272 0.188081
vt 0.804644 0.164974
vt 0.803586 0.172515
vt 0.809278 0.168244
vt 0.821728 0.188081
vt 0.794215 0.156216
vt 0.404246 0.360208
vt 0.402986 0.374521
vt 0.414729 0.365177
vt 0.413607 0.379331
vt 0.595754 0.360208
vt 0.597014 0.374521
vt 0.586393 0.379331
vt 0.585271 0.365177
vt 0.458542 0.528392
vt 0.458004 0.517473
vt 0.444929 0.532775
vt 0.541458 0.528392
vt 0.555071 0.532775
vt 0.541996 0.517473
vt 0.301712 0.526539
vt 0.307985 0.516790
vt 0.319153 0.528409
vt 0.292322 0.513638
vt 0.297801 0.504725
vt 0.296878 0.536880
vt 0.313132 0.537570
vt 0.698288 0.526539
vt 0.707678 0.513638
vt 0.692015 0.516790
vt 0.702199 0.504725
vt 0.686868 0.537570
vt 0.680847 0.528409
vt 0.703123 0.536880
vt 0.423943 0.372026
vt 0.422742 0.385687
vt 0.433100 0.379565
vt 0.432001 0.392798
vt 0.426087 0.359605
vt 0.434366 0.366979
vt 0.576057 0.372026
vt 0.577258 0.385687
vt 0.567999 0.392798
vt 0.573913 0.359605
vt 0.566900 0.379565
vt 0.565634 0.366979
vt 0.397079 0.074510
vt 0.400249 0.065181
vt 0.384081 0.075050
vt 0.394360 0.086075
vt 0.380783 0.085814
vt 0.409883 0.075507
vt 0.406622 0.085303
vt 0.602921 0.074510
vt 0.615919 0.075050
vt 0.619217 0.085814
vt 0.599751 0.065181
vt 0.590117 0.075507
vt 0.605641 0.086075
vt 0.593378 0.085303
vt 0.380052 0.406339
vt 0.368116 0.407367
vt 0.382600 0.415109
vt 0.372203 0.415925
vt 0.392048 0.407207
vt 0.393898 0.415827
vt 0.619948 0.406339
vt 0.617400 0.415109
vt 0.606103 0.415827
vt 0.631884 0.407367
vt 0.627797 0.415925
vt 0.607952 0.407207
vt 0.329436 0.133524
vt 0.330066 0.118695
vt 0.340887 0.115910
vt 0.340775 0.130868
vt 0.670564 0.133524
vt 0.669934 0.118695
vt 0.659225 0.130868
vt 0.659114 0.115910
vt 0.348338 0.481631
vt 0.357469 0.489404
vt 0.352987 0.498464
vt 0.353875 0.473782
vt 0.361138 0.482807
vt 0.339450 0.474863
vt 0.345613 0.458951
vt 0.343674 0.492244
vt 0.333686 0.486882
vt 0.651662 0.481631
vt 0.646125 0.473782
vt 0.654387 0.458951
vt 0.642531 0.489404
vt 0.638862 0.482807
vt 0.656326 0.492244
vt 0.647013 0.498464
vt 0.660550 0.474863
vt 0.666314 0.486882
vt 0.196136 0.184151
vt 0.184501 0.196221
vt 0.803864 0.184151
vt 0.815499 0.196221
vt 0.435993 0.063082
vt 0.426970 0.069939
vt 0.443425 0.069860
vt 0.436055 0.074458
vt 0.447674 0.059311
vt 0.452393 0.067297
vt 0.564007 0.063082
vt 0.556575 0.069860
vt 0.547607 0.067297
vt 0.573030 0.069939
vt 0.563945 0.074458
vt 0.552326 0.059311
vt 0.174520 0.206729
vt 0.169576 0.209637
vt 0.176714 0.214821
vt 0.825480 0.206729
vt 0.823287 0.214821
vt 0.830424 0.209637
vt 0.329399 0.283881
vt 0.340581 0.289589
vt 0.337526 0.270450
vt 0.350397 0.276841
vt 0.318424 0.278154
vt 0.670601 0.283881
vt 0.662474 0.270450
vt 0.659419 0.289589
vt 0.649603 0.276841
vt 0.681576 0.278154
vt 0.375544 0.151408
vt 0.383000 0.146383
vt 0.392153 0.157862
vt 0.370884 0.139728
vt 0.377177 0.138763
vt 0.366243 0.154159
vt 0.361582 0.140977
vt 0.381495 0.161965
vt 0.371682 0.167502
vt 0.624456 0.151408
vt 0.629116 0.139728
vt 0.638418 0.140977
vt 0.617000 0.146383
vt 0.622823 0.138763
vt 0.618505 0.161965
vt 0.607847 0.157862
vt 0.633757 0.154159
vt 0.628318 0.167502
vt 0.308678 0.433681
vt 0.302193 0.445704
vt 0.315331 0.437237
vt 0.309062 0.447388
vt 0.317054 0.421920
vt 0.322029 0.427394
vt 0.301470 0.427819
vt 0.691322 0.433681
vt 0.684669 0.437237
vt 0.677971 0.427394
vt 0.697807 0.445704
vt 0.690938 0.447388
vt 0.698530 0.427819
vt 0.682946 0.421920
vt 0.392955 0.098673
vt 0.394294 0.111119
vt 0.381390 0.115981
vt 0.404672 0.097158
vt 0.404579 0.107561
vt 0.380727 0.100563
vt 0.607045 0.098673
vt 0.595328 0.097158
vt 0.605706 0.111119
vt 0.595421 0.107561
vt 0.619273 0.100563
vt 0.618610 0.115981
vt 0.397206 0.699607
vt 0.405243 0.702278
vt 0.386967 0.707395
vt 0.382749 0.698845
vt 0.602794 0.699607
vt 0.617251 0.698845
vt 0.613033 0.707395
vt 0.594756 0.702278
vt 0.405333 0.564403
vt 0.390785 0.566401
vt 0.390821 0.556032
vt 0.419609 0.562251
vt 0.404615 0.553644
vt 0.418906 0.550095
vt 0.594667 0.564403
vt 0.609215 0.566401
vt 0.595386 0.553644
vt 0.609179 0.556032
vt 0.580391 0.562251
vt 0.581094 0.550095
vt 0.430820 0.536792
vt 0.416739 0.540404
vt 0.432205 0.547521
vt 0.569180 0.536792
vt 0.567795 0.547521
vt 0.583261 0.540404
vt 0.196171 0.509049
vt 0.194528 0.513683
vt 0.803829 0.509049
vt 0.805472 0.513683
vt 0.295046 0.420490
vt 0.286877 0.432003
vt 0.704954 0.420490
vt 0.713123 0.432003
vt 0.327080 0.412203
vt 0.332053 0.418755
vt 0.337547 0.405005
vt 0.341960 0.410405
vt 0.672920 0.412203
vt 0.667947 0.418755
vt 0.658040 0.410405
vt 0.662453 0.405005
vt 0.443563 0.446156
vt 0.438393 0.455196
vt 0.426326 0.450594
vt 0.452411 0.450653
vt 0.447790 0.460042
vt 0.449451 0.436489
vt 0.457231 0.442377
vt 0.435620 0.440166
vt 0.442255 0.431399
vt 0.556438 0.446156
vt 0.547590 0.450653
vt 0.542770 0.442377
vt 0.561607 0.455196
vt 0.552210 0.460042
vt 0.564380 0.440166
vt 0.573674 0.450594
vt 0.550549 0.436489
vt 0.557745 0.431399
vt 0.433147 0.559926
vt 0.433364 0.572490
vt 0.566854 0.559926
vt 0.566636 0.572490
vt 0.263831 0.630136
vt 0.259873 0.633637
vt 0.251393 0.614420
vt 0.263005 0.618461
vt 0.736170 0.630136
vt 0.736995 0.618461
vt 0.748607 0.614420
vt 0.740127 0.633637
vt 0.330163 0.471990
vt 0.331843 0.461660
vt 0.321492 0.472802
vt 0.321218 0.463394
vt 0.326628 0.482491
vt 0.320438 0.480185
vt 0.669838 0.471990
vt 0.678508 0.472802
vt 0.679562 0.480185
vt 0.668158 0.461660
vt 0.678782 0.463394
vt 0.673373 0.482491
vt 0.343288 0.257529
vt 0.348909 0.246336
vt 0.358639 0.254113
vt 0.352935 0.263827
vt 0.656713 0.257529
vt 0.651092 0.246336
vt 0.647065 0.263827
vt 0.641361 0.254113
vt 0.442088 0.386459
vt 0.440597 0.399626
vt 0.451692 0.392878
vt 0.450185 0.407012
vt 0.443467 0.373687
vt 0.453700 0.378066
vt 0.557912 0.386459
vt 0.559403 0.399626
vt 0.549815 0.407012
vt 0.556533 0.373687
vt 0.548308 0.392878
vt 0.546300 0.378066
vt 0.478541 0.380780
vt 0.476446 0.368982
vt 0.485112 0.365236
vt 0.471374 0.379792
vt 0.470609 0.370151
vt 0.479141 0.393535
vt 0.471904 0.391182
vt 0.485938 0.380494
vt 0.487196 0.394328
vt 0.521459 0.380780
vt 0.528626 0.379792
vt 0.528096 0.391182
vt 0.523554 0.368982
vt 0.529391 0.370151
vt 0.514062 0.380494
vt 0.514888 0.365236
vt 0.520859 0.393535
vt 0.512804 0.394328
vt 0.376348 0.566360
vt 0.362314 0.564393
vt 0.363571 0.554908
vt 0.377115 0.556294
vt 0.623652 0.566360
vt 0.637687 0.564393
vt 0.622885 0.556294
vt 0.636429 0.554908
vt 0.357229 0.411436
vt 0.346769 0.417746
vt 0.361030 0.419558
vt 0.350745 0.424129
vt 0.352111 0.404709
vt 0.642771 0.411436
vt 0.638970 0.419558
vt 0.653231 0.417746
vt 0.649255 0.424129
vt 0.647889 0.404709
vt 0.324278 0.547462
vt 0.336190 0.555253
vt 0.328954 0.539936
vt 0.338910 0.547098
vt 0.675722 0.547462
vt 0.671046 0.539936
vt 0.663810 0.555253
vt 0.661090 0.547098
vt 0.460262 0.055754
vt 0.463893 0.064051
vt 0.473646 0.053233
vt 0.475888 0.061530
vt 0.539738 0.055754
vt 0.536107 0.064051
vt 0.524112 0.061530
vt 0.526354 0.053233
vt 0.395543 0.294911
vt 0.389226 0.284837
vt 0.397836 0.276247
vt 0.389800 0.302539
vt 0.380640 0.293913
vt 0.402557 0.304028
vt 0.402257 0.287845
vt 0.407795 0.296127
vt 0.604457 0.294911
vt 0.610200 0.302539
vt 0.610774 0.284837
vt 0.619361 0.293913
vt 0.597743 0.287845
vt 0.602164 0.276247
vt 0.597444 0.304028
vt 0.592205 0.296127
vt 0.460796 0.399974
vt 0.458813 0.413797
vt 0.470284 0.405297
vt 0.469516 0.422179
vt 0.462711 0.386569
vt 0.539204 0.399974
vt 0.529716 0.405297
vt 0.541187 0.413797
vt 0.530484 0.422179
vt 0.537289 0.386569
vt 0.454755 0.426022
vt 0.446327 0.419167
vt 0.461994 0.431910
vt 0.545245 0.426022
vt 0.553673 0.419167
vt 0.538006 0.431910
vt 0.484392 0.032921
vt 0.500000 0.032953
vt 0.500000 0.043201
vt 0.483489 0.024262
vt 0.500000 0.022769
vt 0.485707 0.042942
vt 0.515608 0.032921
vt 0.516511 0.024262
vt 0.514293 0.042942
vt 0.442046 0.134913
vt 0.431072 0.134716
vt 0.430284 0.122114
vt 0.441856 0.145197
vt 0.430939 0.146411
vt 0.453603 0.135820
vt 0.452245 0.145860
vt 0.443314 0.124207
vt 0.557954 0.134913
vt 0.558144 0.145197
vt 0.547755 0.145860
vt 0.568928 0.134716
vt 0.569061 0.146411
vt 0.556686 0.124207
vt 0.569717 0.122114
vt 0.546397 0.135820
vt 0.398250 0.122263
vt 0.407288 0.118444
vt 0.410011 0.128216
vt 0.391142 0.128174
vt 0.403231 0.131076
vt 0.397801 0.136948
vt 0.601750 0.122263
vt 0.592712 0.118444
vt 0.596769 0.131076
vt 0.589989 0.128216
vt 0.608858 0.128174
vt 0.602199 0.136948
vt 0.367780 0.101785
vt 0.369024 0.114951
vt 0.357696 0.114273
vt 0.367968 0.088465
vt 0.357085 0.103295
vt 0.632220 0.101785
vt 0.630976 0.114951
vt 0.642915 0.103295
vt 0.642304 0.114273
vt 0.632032 0.088465
vt 0.365172 0.697989
vt 0.370028 0.707896
vt 0.353088 0.708397
vt 0.349021 0.696527
vt 0.634828 0.697989
vt 0.629973 0.707896
vt 0.650980 0.696527
vt 0.646912 0.708397
vt 0.337293 0.697190
vt 0.335868 0.704043
vt 0.662707 0.697190
vt 0.664133 0.704043
vt 0.382885 0.274278
vt 0.376621 0.264157
vt 0.383171 0.257200
vt 0.374424 0.280921
vt 0.369711 0.269991
vt 0.389959 0.266846
vt 0.617115 0.274278
vt 0.625576 0.280921
vt 0.623379 0.264157
vt 0.630289 0.269991
vt 0.610041 0.266846
vt 0.616829 0.257200
vt 0.440630 0.087396
vt 0.446651 0.079953
vt 0.431301 0.082580
vt 0.434608 0.096005
vt 0.427724 0.090106
vt 0.448884 0.092286
vt 0.440600 0.101666
vt 0.559371 0.087396
vt 0.568699 0.082580
vt 0.572276 0.090106
vt 0.553349 0.079953
vt 0.551116 0.092286
vt 0.565392 0.096005
vt 0.559400 0.101666
vt 0.479428 0.435151
vt 0.478933 0.447134
vt 0.472033 0.447007
vt 0.486986 0.435453
vt 0.487075 0.448729
vt 0.478865 0.421826
vt 0.487594 0.422126
vt 0.471863 0.435350
vt 0.520572 0.435151
vt 0.513014 0.435453
vt 0.512406 0.422126
vt 0.521067 0.447134
vt 0.512925 0.448729
vt 0.528137 0.435350
vt 0.527967 0.447007
vt 0.521135 0.421826
vt 0.286084 0.497412
vt 0.293828 0.490877
vt 0.713917 0.497412
vt 0.706172 0.490877
vt 0.346895 0.439853
vt 0.342060 0.431869
vt 0.339085 0.447396
vt 0.333457 0.438477
vt 0.351195 0.445785
vt 0.354700 0.431832
vt 0.357220 0.436603
vt 0.653105 0.439853
vt 0.660915 0.447396
vt 0.657940 0.431869
vt 0.666543 0.438477
vt 0.645300 0.431832
vt 0.648805 0.445785
vt 0.642780 0.436603
vt 0.348981 0.560743
vt 0.351074 0.551558
vt 0.651019 0.560743
vt 0.648926 0.551558
vt 0.245050 0.592591
vt 0.244048 0.581295
vt 0.242447 0.597840
vt 0.251947 0.596558
vt 0.754951 0.592591
vt 0.748053 0.596558
vt 0.757553 0.597840
vt 0.755952 0.581295
vt 0.458231 0.506594
vt 0.457065 0.496204
vt 0.541769 0.506594
vt 0.542935 0.496204
vt 0.339684 0.501998
vt 0.335989 0.511674
vt 0.325096 0.506790
vt 0.349723 0.507019
vt 0.346044 0.516667
vt 0.330172 0.496645
vt 0.660316 0.501998
vt 0.650277 0.507019
vt 0.664011 0.511674
vt 0.653956 0.516667
vt 0.669828 0.496645
vt 0.674904 0.506790
vt 0.333133 0.521237
vt 0.332042 0.529935
vt 0.344360 0.524803
vt 0.342403 0.533317
vt 0.322664 0.515981
vt 0.666867 0.521237
vt 0.655640 0.524803
vt 0.667958 0.529935
vt 0.657597 0.533317
vt 0.677336 0.515981
vt 0.333002 0.104696
vt 0.344188 0.104432
vt 0.666998 0.104696
vt 0.655812 0.104432
vt 0.337144 0.425016
vt 0.328546 0.432843
vt 0.662856 0.425016
vt 0.671454 0.432843
vt 0.478921 0.407850
vt 0.486834 0.408319
vt 0.521079 0.407850
vt 0.513166 0.408319
vt 0.364461 0.285501
vt 0.360996 0.274789
vt 0.354940 0.289771
vt 0.368268 0.298280
vt 0.635539 0.285501
vt 0.645060 0.289771
vt 0.639004 0.274789
vt 0.631732 0.298280
vt 0.403397 0.544045
vt 0.390556 0.547215
vt 0.390285 0.540904
vt 0.401492 0.537273
vt 0.596603 0.544045
vt 0.609444 0.547215
vt 0.598508 0.537273
vt 0.609715 0.540904
vt 0.493624 0.408972
vt 0.500000 0.408947
vt 0.500000 0.422778
vt 0.493432 0.395000
vt 0.500000 0.395065
vt 0.493766 0.422421
vt 0.506376 0.408972
vt 0.506568 0.395000
vt 0.506234 0.422421
vt 0.386599 0.171088
vt 0.379874 0.174414
vt 0.390680 0.179001
vt 0.384995 0.180970
vt 0.395659 0.169653
vt 0.398253 0.179227
vt 0.613401 0.171088
vt 0.609320 0.179001
vt 0.601747 0.179227
vt 0.620126 0.174414
vt 0.615005 0.180970
vt 0.604341 0.169653
vt 0.177283 0.228066
vt 0.822717 0.228066
vt 0.420798 0.078359
vt 0.417419 0.087716
vt 0.579202 0.078359
vt 0.582581 0.087716
vt 0.153814 0.314941
vt 0.153929 0.300150
vt 0.150989 0.327805
vt 0.150000 0.307946
vt 0.846186 0.314941
vt 0.849011 0.327805
vt 0.846071 0.300150
vt 0.850000 0.307946
vt 0.356163 0.156748
vt 0.352631 0.142941
vt 0.360111 0.169189
vt 0.643837 0.156748
vt 0.647369 0.142941
vt 0.639889 0.169189
vt 0.416313 0.115737
vt 0.424229 0.111967
vt 0.414065 0.106390
vt 0.420837 0.105168
vt 0.419407 0.125373
vt 0.583687 0.115737
vt 0.585935 0.106390
vt 0.575772 0.111967
vt 0.579163 0.105168
vt 0.580593 0.125373
vt 0.404249 0.150726
vt 0.413355 0.153393
vt 0.413762 0.163160
vt 0.405467 0.142442
vt 0.412954 0.145221
vt 0.395333 0.145759
vt 0.403949 0.160546
vt 0.595751 0.150726
vt 0.594533 0.142442
vt 0.586645 0.153393
vt 0.587046 0.145221
vt 0.596051 0.160546
vt 0.586238 0.163160
vt 0.604668 0.145759
vt 0.402405 0.387751
vt 0.402283 0.399869
vt 0.412478 0.392684
vt 0.412485 0.405062
vt 0.597595 0.387751
vt 0.587522 0.392684
vt 0.597717 0.399869
vt 0.587515 0.405062
vt 0.482933 0.016238
vt 0.500000 0.015910
vt 0.482301 0.010119
vt 0.500000 0.008397
vt 0.517067 0.016238
vt 0.517700 0.010119
vt 0.350351 0.129084
vt 0.349826 0.116533
vt 0.359715 0.128025
vt 0.649649 0.129084
vt 0.650174 0.116533
vt 0.640285 0.128025
vt 0.493846 0.435807
vt 0.493380 0.448111
vt 0.500000 0.435859
vt 0.500000 0.449043
vt 0.506154 0.435807
vt 0.506620 0.448111
vt 0.402358 0.409963
vt 0.402687 0.418609
vt 0.411452 0.414250
vt 0.411815 0.422947
vt 0.597642 0.409963
vt 0.597313 0.418609
vt 0.588185 0.422947
vt 0.588549 0.414250
vt 0.355860 0.527992
vt 0.354190 0.535983
vt 0.367341 0.530858
vt 0.365662 0.539140
vt 0.357679 0.519785
vt 0.368632 0.523536
vt 0.379209 0.532766
vt 0.378219 0.540171
vt 0.389814 0.533774
vt 0.380234 0.525357
vt 0.391308 0.527967
vt 0.644140 0.527992
vt 0.632659 0.530858
vt 0.631368 0.523536
vt 0.645810 0.535983
vt 0.634338 0.539140
vt 0.642321 0.519785
vt 0.620791 0.532766
vt 0.610186 0.533774
vt 0.608692 0.527967
vt 0.621781 0.540171
vt 0.619766 0.525357
vt 0.383808 0.326065
vt 0.374691 0.320977
vt 0.380083 0.313348
vt 0.386727 0.315187
vt 0.342378 0.218201
vt 0.337991 0.208489
vt 0.345316 0.203126
vt 0.333383 0.222729
vt 0.348195 0.228423
vt 0.350493 0.212497
vt 0.356695 0.221787
vt 0.616192 0.326065
vt 0.625309 0.320977
vt 0.613273 0.315187
vt 0.619917 0.313348
vt 0.657623 0.218201
vt 0.666618 0.222729
vt 0.662009 0.208489
vt 0.649507 0.212497
vt 0.654684 0.203126
vt 0.651806 0.228423
vt 0.643305 0.221787
vt 0.299300 0.459045
vt 0.299030 0.472532
vt 0.306993 0.458347
vt 0.305392 0.469708
vt 0.492906 0.381633
vt 0.492969 0.369547
vt 0.500000 0.370348
vt 0.500000 0.382170
vt 0.700701 0.459045
vt 0.700970 0.472532
vt 0.694608 0.469708
vt 0.693007 0.458347
vt 0.507094 0.381633
vt 0.507032 0.369547
vt 0.283284 0.671292
vt 0.290932 0.680294
vt 0.288692 0.685125
vt 0.278522 0.668989
vt 0.716716 0.671292
vt 0.721478 0.668989
vt 0.711308 0.685125
vt 0.709068 0.680294
vt 0.435893 0.463992
vt 0.429035 0.460999
vt 0.433017 0.471230
vt 0.428498 0.466710
vt 0.444312 0.468356
vt 0.439929 0.478329
vt 0.564107 0.463992
vt 0.566983 0.471230
vt 0.560071 0.478329
vt 0.570965 0.460999
vt 0.571502 0.466710
vt 0.555689 0.468356
vt 0.163382 0.422243
vt 0.163956 0.444099
vt 0.156955 0.430291
vt 0.155745 0.413351
vt 0.836618 0.422243
vt 0.836044 0.444099
vt 0.844255 0.413351
vt 0.843045 0.430291
vt 0.414160 0.478989
vt 0.413043 0.486958
vt 0.403529 0.488479
vt 0.420865 0.477835
vt 0.420875 0.486229
vt 0.416106 0.470790
vt 0.420678 0.470234
vt 0.407972 0.479127
vt 0.411494 0.471198
vt 0.585840 0.478989
vt 0.579135 0.477835
vt 0.579322 0.470234
vt 0.586957 0.486958
vt 0.579125 0.486229
vt 0.592028 0.479127
vt 0.596471 0.488479
vt 0.583894 0.470790
vt 0.588506 0.471198
vt 0.452487 0.272971
vt 0.456814 0.265787
vt 0.469040 0.267779
vt 0.444501 0.270712
vt 0.446937 0.264048
vt 0.447984 0.279958
vt 0.439934 0.277829
vt 0.460942 0.276154
vt 0.454679 0.283337
vt 0.547513 0.272971
vt 0.555500 0.270712
vt 0.560066 0.277829
vt 0.543186 0.265787
vt 0.553063 0.264048
vt 0.539058 0.276154
vt 0.530960 0.267779
vt 0.552016 0.279958
vt 0.545322 0.283337
vt 0.395944 0.259659
vt 0.401801 0.267415
vt 0.400677 0.254172
vt 0.405516 0.261246
vt 0.389800 0.250676
vt 0.396769 0.243855
vt 0.604056 0.259659
vt 0.599323 0.254172
vt 0.603231 0.243855
vt 0.598199 0.267415
vt 0.594484 0.261246
vt 0.610200 0.250676
vt 0.394789 0.227200
vt 0.400826 0.234226
vt 0.399257 0.220695
vt 0.404295 0.226566
vt 0.388771 0.219232
vt 0.394976 0.211738
vt 0.389434 0.234840
vt 0.382859 0.226313
vt 0.605211 0.227200
vt 0.600743 0.220695
vt 0.605024 0.211738
vt 0.599174 0.234226
vt 0.595705 0.226566
vt 0.610566 0.234840
vt 0.611229 0.219232
vt 0.617141 0.226313
vt 0.370813 0.076004
vt 0.629187 0.076004
vt 0.438114 0.412234
vt 0.434818 0.423389
vt 0.428570 0.417411
vt 0.430025 0.405259
vt 0.561886 0.412234
vt 0.565182 0.423389
vt 0.569975 0.405259
vt 0.571430 0.417411
vt 0.377721 0.547875
vt 0.364947 0.546351
vt 0.622280 0.547875
vt 0.635053 0.546351
vt 0.355974 0.238056
vt 0.363945 0.246815
vt 0.363225 0.231016
vt 0.370450 0.239931
vt 0.644026 0.238056
vt 0.636775 0.231016
vt 0.636055 0.246815
vt 0.629550 0.239931
vt 0.369232 0.127765
vt 0.378731 0.130003
vt 0.630768 0.127765
vt 0.621269 0.130003
vt 0.360410 0.471741
vt 0.366212 0.478848
vt 0.367970 0.472586
vt 0.369291 0.477208
vt 0.358233 0.463900
vt 0.366566 0.467251
vt 0.639590 0.471741
vt 0.633788 0.478848
vt 0.630709 0.477208
vt 0.641768 0.463900
vt 0.632030 0.472586
vt 0.633434 0.467251
vt 0.313274 0.507487
vt 0.317656 0.499162
vt 0.305513 0.497241
vt 0.310029 0.491464
vt 0.686726 0.507487
vt 0.694487 0.497241
vt 0.682344 0.499162
vt 0.689971 0.491464
vt 0.486617 0.051087
vt 0.500000 0.051326
vt 0.500000 0.059928
vt 0.487891 0.059792
vt 0.513383 0.051087
vt 0.512109 0.059792
vt 0.477197 0.457650
vt 0.474199 0.467184
vt 0.466142 0.466385
vt 0.484963 0.458486
vt 0.482982 0.468702
vt 0.469108 0.456270
vt 0.522803 0.457650
vt 0.515037 0.458486
vt 0.525801 0.467184
vt 0.517018 0.468702
vt 0.530892 0.456270
vt 0.533858 0.466385
vt 0.465575 0.136501
vt 0.464360 0.144965
vt 0.477585 0.136835
vt 0.475475 0.145133
vt 0.534425 0.136501
vt 0.535640 0.144965
vt 0.524525 0.145133
vt 0.522415 0.136835
vt 0.299793 0.687413
vt 0.303670 0.692407
vt 0.700207 0.687413
vt 0.696330 0.692407
vt 0.418091 0.462739
vt 0.422629 0.461567
vt 0.417872 0.456908
vt 0.412368 0.464755
vt 0.413138 0.460247
vt 0.581909 0.462739
vt 0.577371 0.461567
vt 0.587632 0.464755
vt 0.582128 0.456908
vt 0.586862 0.460247
vt 0.403775 0.518449
vt 0.403019 0.508694
vt 0.392452 0.518503
vt 0.392938 0.510435
vt 0.401843 0.527640
vt 0.596226 0.518449
vt 0.596982 0.508694
vt 0.607062 0.510435
vt 0.598158 0.527640
vt 0.607548 0.518503
vt 0.383317 0.241993
vt 0.376602 0.233132
vt 0.376913 0.248571
vt 0.616683 0.241993
vt 0.623087 0.248571
vt 0.623398 0.233132
vt 0.443713 0.363245
vt 0.436246 0.357264
vt 0.437984 0.348559
vt 0.450894 0.366392
vt 0.445023 0.355825
vt 0.449963 0.359239
vt 0.556287 0.363245
vt 0.563754 0.357264
vt 0.554977 0.355825
vt 0.562016 0.348559
vt 0.549106 0.366392
vt 0.550037 0.359239
vt 0.446379 0.113798
vt 0.450241 0.104225
vt 0.436686 0.110607
vt 0.553621 0.113798
vt 0.549760 0.104225
vt 0.563314 0.110607
vt 0.360179 0.510945
vt 0.370945 0.514623
vt 0.363441 0.502744
vt 0.373182 0.506850
vt 0.639822 0.510945
vt 0.636560 0.502744
vt 0.629055 0.514623
vt 0.626818 0.506850
vt 0.330376 0.452303
vt 0.321663 0.455545
vt 0.320836 0.449236
vt 0.326556 0.445125
vt 0.669624 0.452303
vt 0.678337 0.455545
vt 0.673444 0.445125
vt 0.679164 0.449236
vt 0.363942 0.426742
vt 0.374062 0.423614
vt 0.375858 0.429447
vt 0.366482 0.433105
vt 0.636058 0.426742
vt 0.625937 0.423614
vt 0.633518 0.433105
vt 0.624142 0.429447
vt 0.370506 0.310970
vt 0.379319 0.306333
vt 0.629494 0.310970
vt 0.620681 0.306333
vt 0.352835 0.543483
vt 0.341906 0.540168
vt 0.647165 0.543483
vt 0.658094 0.540168
vt 0.428921 0.350273
vt 0.431629 0.343275
vt 0.423532 0.342203
vt 0.426777 0.337027
vt 0.571079 0.350273
vt 0.576468 0.342203
vt 0.568371 0.343275
vt 0.573223 0.337027
vt 0.465552 0.164863
vt 0.454511 0.166446
vt 0.453029 0.160400
vt 0.466432 0.171387
vt 0.455089 0.172589
vt 0.477289 0.163961
vt 0.478880 0.170713
vt 0.464704 0.158809
vt 0.476089 0.157604
vt 0.534448 0.164863
vt 0.533568 0.171387
vt 0.521120 0.170713
vt 0.545490 0.166446
vt 0.544911 0.172589
vt 0.535296 0.158809
vt 0.546971 0.160400
vt 0.522711 0.163961
vt 0.523911 0.157604
vt 0.454228 0.487306
vt 0.463940 0.483144
vt 0.451749 0.479114
vt 0.459206 0.479758
vt 0.442202 0.490282
vt 0.545772 0.487306
vt 0.536060 0.483144
vt 0.540794 0.479758
vt 0.557798 0.490282
vt 0.548251 0.479114
vt 0.421019 0.135426
vt 0.412711 0.136434
vt 0.421841 0.145380
vt 0.578981 0.135426
vt 0.587289 0.136434
vt 0.578159 0.145380
vt 0.345140 0.188857
vt 0.351566 0.197985
vt 0.353991 0.183612
vt 0.358225 0.193083
vt 0.338178 0.194926
vt 0.654860 0.188857
vt 0.646010 0.183612
vt 0.648434 0.197985
vt 0.641775 0.193083
vt 0.661822 0.194926
vt 0.362974 0.179797
vt 0.366030 0.188877
vt 0.370802 0.177706
vt 0.372334 0.185433
vt 0.637026 0.179797
vt 0.633970 0.188877
vt 0.627666 0.185433
vt 0.629198 0.177706
vt 0.421416 0.398591
vt 0.420405 0.410024
vt 0.578584 0.398591
vt 0.579595 0.410024
vt 0.369780 0.224292
vt 0.363487 0.215681
vt 0.369890 0.209770
vt 0.376248 0.218013
vt 0.630220 0.224292
vt 0.636513 0.215681
vt 0.623752 0.218013
vt 0.630110 0.209770
vt 0.321555 0.440484
vt 0.316419 0.448589
vt 0.678445 0.440484
vt 0.683581 0.448589
vt 0.442193 0.153603
vt 0.452903 0.153058
vt 0.432104 0.154319
vt 0.443106 0.161183
vt 0.432829 0.162797
vt 0.557807 0.153603
vt 0.547097 0.153058
vt 0.556894 0.161183
vt 0.567897 0.154319
vt 0.567171 0.162797
vt 0.370717 0.255161
vt 0.364621 0.261521
vt 0.629283 0.255161
vt 0.635379 0.261521
vt 0.418429 0.434698
vt 0.411096 0.429550
vt 0.417804 0.441049
vt 0.411462 0.434852
vt 0.424827 0.437093
vt 0.418402 0.426809
vt 0.424217 0.430562
vt 0.581571 0.434698
vt 0.582196 0.441049
vt 0.588904 0.429550
vt 0.588538 0.434852
vt 0.581598 0.426809
vt 0.575173 0.437093
vt 0.575783 0.430562
vt 0.467031 0.071622
vt 0.457336 0.074219
vt 0.473077 0.076299
vt 0.477878 0.067909
vt 0.479533 0.071861
vt 0.532969 0.071622
vt 0.526923 0.076299
vt 0.520467 0.071861
vt 0.542664 0.074219
vt 0.522122 0.067909
vt 0.464145 0.152368
vt 0.475898 0.151344
vt 0.535855 0.152368
vt 0.524102 0.151344
vt 0.383694 0.189835
vt 0.377123 0.192963
vt 0.388008 0.196142
vt 0.381877 0.199389
vt 0.389302 0.187310
vt 0.395648 0.193717
vt 0.379311 0.183583
vt 0.616306 0.189835
vt 0.611992 0.196142
vt 0.604352 0.193717
vt 0.622877 0.192963
vt 0.618123 0.199389
vt 0.620689 0.183583
vt 0.610698 0.187310
vt 0.492599 0.458865
vt 0.491048 0.468521
vt 0.500000 0.458900
vt 0.500000 0.468826
vt 0.507401 0.458865
vt 0.508952 0.468521
vt 0.398462 0.499715
vt 0.393686 0.491831
vt 0.388928 0.501624
vt 0.381746 0.493009
vt 0.408125 0.497127
vt 0.430701 0.494089
vt 0.420522 0.495158
vt 0.429813 0.483634
vt 0.601539 0.499715
vt 0.611073 0.501624
vt 0.606314 0.491831
vt 0.618254 0.493009
vt 0.591875 0.497127
vt 0.569299 0.494089
vt 0.579478 0.495158
vt 0.570187 0.483634
vt 0.384247 0.422342
vt 0.385537 0.428963
vt 0.393948 0.423086
vt 0.394972 0.428472
vt 0.615753 0.422342
vt 0.614463 0.428963
vt 0.605028 0.428472
vt 0.606052 0.423086
vt 0.381788 0.517159
vt 0.382618 0.509445
vt 0.618212 0.517159
vt 0.617382 0.509445
vt 0.467563 0.280530
vt 0.459712 0.286721
vt 0.472649 0.284815
vt 0.463742 0.291909
vt 0.475086 0.274551
vt 0.482090 0.279309
vt 0.532437 0.280530
vt 0.527351 0.284815
vt 0.517910 0.279309
vt 0.540289 0.286721
vt 0.536258 0.291909
vt 0.524914 0.274551
vt 0.322224 0.490909
vt 0.316710 0.484549
vt 0.677776 0.490909
vt 0.683290 0.484549
vt 0.470475 0.475997
vt 0.462365 0.473301
vt 0.478480 0.477975
vt 0.529525 0.475997
vt 0.537636 0.473301
vt 0.521520 0.477975
vt 0.488908 0.137463
vt 0.492322 0.130549
vt 0.500000 0.132146
vt 0.488067 0.144415
vt 0.500000 0.137966
vt 0.500000 0.144791
vt 0.511092 0.137463
vt 0.507678 0.130549
vt 0.511933 0.144415
vt 0.357581 0.206873
vt 0.364071 0.201730
vt 0.642419 0.206873
vt 0.635929 0.201730
vt 0.487885 0.150273
vt 0.500000 0.150272
vt 0.500000 0.155751
vt 0.488153 0.156573
vt 0.512115 0.150273
vt 0.511847 0.156573
vt 0.314221 0.457246
vt 0.313745 0.466497
vt 0.685779 0.457246
vt 0.686255 0.466497
vt 0.152486 0.288622
vt 0.150744 0.290943
vt 0.847514 0.288622
vt 0.849257 0.290943
vt 0.368908 0.439627
vt 0.378044 0.437502
vt 0.380339 0.445346
vt 0.360819 0.442904
vt 0.370699 0.446224
vt 0.362098 0.447651
vt 0.631092 0.439627
vt 0.621956 0.437502
vt 0.629301 0.446224
vt 0.619661 0.445346
vt 0.639181 0.442904
vt 0.637902 0.447651
vt 0.300948 0.485288
vt 0.307630 0.480525
vt 0.699052 0.485288
vt 0.692371 0.480525
vt 0.428431 0.233359
vt 0.431158 0.226967
vt 0.440944 0.230166
vt 0.420258 0.229159
vt 0.422124 0.222905
vt 0.425535 0.240202
vt 0.417207 0.235881
vt 0.437080 0.236716
vt 0.433729 0.243552
vt 0.571569 0.233359
vt 0.579742 0.229159
vt 0.582793 0.235881
vt 0.568842 0.226967
vt 0.577876 0.222905
vt 0.562920 0.236716
vt 0.559056 0.230166
vt 0.574465 0.240202
vt 0.566271 0.243552
vt 0.440283 0.254767
vt 0.442608 0.246799
vt 0.451203 0.249088
vt 0.431467 0.251990
vt 0.438736 0.262109
vt 0.429078 0.261623
vt 0.449304 0.256563
vt 0.559717 0.254767
vt 0.568534 0.251990
vt 0.570922 0.261623
vt 0.557392 0.246799
vt 0.550696 0.256563
vt 0.548798 0.249088
vt 0.561264 0.262109
vt 0.488610 0.477691
vt 0.500000 0.477761
vt 0.511390 0.477691
vt 0.409920 0.310841
vt 0.413236 0.303262
vt 0.418706 0.308931
vt 0.416259 0.315297
vt 0.590080 0.310841
vt 0.586764 0.303262
vt 0.583741 0.315297
vt 0.581294 0.308931
vt 0.367413 0.494717
vt 0.376227 0.499479
vt 0.371076 0.488542
vt 0.632587 0.494717
vt 0.628924 0.488542
vt 0.623773 0.499479
vt 0.405640 0.188355
vt 0.404234 0.196484
vt 0.414383 0.190798
vt 0.412478 0.199370
vt 0.406766 0.180129
vt 0.417538 0.182497
vt 0.398103 0.186505
vt 0.594360 0.188355
vt 0.585617 0.190798
vt 0.582462 0.182497
vt 0.595766 0.196484
vt 0.587522 0.199370
vt 0.601897 0.186505
vt 0.593234 0.180129
vt 0.414532 0.097096
vt 0.423143 0.099306
vt 0.585468 0.097096
vt 0.576857 0.099306
vt 0.489058 0.066622
vt 0.488418 0.072294
vt 0.500000 0.066378
vt 0.500000 0.072339
vt 0.510942 0.066622
vt 0.511582 0.072294
vt 0.461058 0.454038
vt 0.464199 0.445121
vt 0.457156 0.462881
vt 0.538942 0.454038
vt 0.535801 0.445121
vt 0.542844 0.462881
vt 0.488637 0.162664
vt 0.500000 0.162051
vt 0.500000 0.167126
vt 0.489798 0.168940
vt 0.511363 0.162664
vt 0.510203 0.168940
vt 0.416186 0.262231
vt 0.423158 0.268474
vt 0.418218 0.274938
vt 0.419938 0.255569
vt 0.409473 0.256452
vt 0.411710 0.250403
vt 0.411958 0.267731
vt 0.583815 0.262231
vt 0.580063 0.255569
vt 0.588290 0.250403
vt 0.576843 0.268474
vt 0.588042 0.267731
vt 0.581782 0.274938
vt 0.590528 0.256452
vt 0.427748 0.475887
vt 0.425587 0.468883
vt 0.572252 0.475887
vt 0.574414 0.468883
vt 0.382460 0.211679
vt 0.387532 0.206109
vt 0.376204 0.204509
vt 0.477202 0.287513
vt 0.484581 0.283788
vt 0.486837 0.287008
vt 0.471376 0.292650
vt 0.480982 0.290541
vt 0.476353 0.294593
vt 0.617541 0.211679
vt 0.612468 0.206109
vt 0.623796 0.204509
vt 0.522798 0.287513
vt 0.515419 0.283788
vt 0.519018 0.290541
vt 0.513164 0.287008
vt 0.528624 0.292650
vt 0.523647 0.294593
vt 0.419149 0.419029
vt 0.425568 0.424879
vt 0.580851 0.419029
vt 0.574432 0.424879
vt 0.464444 0.377054
vt 0.465277 0.369818
vt 0.459117 0.371949
vt 0.462121 0.367660
vt 0.535556 0.377054
vt 0.540883 0.371949
vt 0.534723 0.369818
vt 0.537879 0.367660
vt 0.429149 0.275104
vt 0.424680 0.280696
vt 0.433602 0.281650
vt 0.429385 0.286406
vt 0.434201 0.270639
vt 0.570851 0.275104
vt 0.566398 0.281650
vt 0.575320 0.280696
vt 0.570615 0.286406
vt 0.565799 0.270639
vt 0.500000 0.124348
vt 0.480817 0.259631
vt 0.479615 0.265592
vt 0.487624 0.258719
vt 0.486949 0.264370
vt 0.483274 0.252968
vt 0.488741 0.252627
vt 0.475116 0.259606
vt 0.478514 0.253172
vt 0.519184 0.259631
vt 0.512376 0.258719
vt 0.511260 0.252627
vt 0.520385 0.265592
vt 0.513051 0.264370
vt 0.524884 0.259606
vt 0.516726 0.252968
vt 0.521487 0.253172
vt 0.485080 0.078356
vt 0.500000 0.078824
vt 0.514920 0.078356
vt 0.422776 0.248016
vt 0.414786 0.243396
vt 0.360340 0.457656
vt 0.365347 0.453752
vt 0.367499 0.457429
vt 0.355776 0.452998
vt 0.366981 0.461338
vt 0.577224 0.248016
vt 0.585214 0.243396
vt 0.639660 0.457656
vt 0.644225 0.452998
vt 0.634653 0.453752
vt 0.633019 0.461338
vt 0.632501 0.457429
vt 0.407452 0.239284
vt 0.410556 0.231555
vt 0.405102 0.246367
vt 0.592548 0.239284
vt 0.589444 0.231555
vt 0.594898 0.246367
vt 0.374008 0.483634
vt 0.375506 0.479261
vt 0.383112 0.482056
vt 0.382469 0.486205
vt 0.625992 0.483634
vt 0.624494 0.479261
vt 0.617531 0.486205
vt 0.616888 0.482056
vt 0.387071 0.435591
vt 0.389238 0.443008
vt 0.395437 0.435261
vt 0.396896 0.440633
vt 0.612929 0.435591
vt 0.610762 0.443008
vt 0.603104 0.440633
vt 0.604563 0.435261
vt 0.447174 0.180492
vt 0.438776 0.182072
vt 0.436272 0.176107
vt 0.448828 0.185939
vt 0.440818 0.187617
vt 0.456447 0.178835
vt 0.457317 0.184878
vt 0.445727 0.174280
vt 0.552826 0.180492
vt 0.551172 0.185939
vt 0.542683 0.184878
vt 0.561224 0.182072
vt 0.559182 0.187617
vt 0.554273 0.174280
vt 0.563728 0.176107
vt 0.543553 0.178835
vt 0.452180 0.343655
vt 0.446647 0.341553
vt 0.445833 0.335728
vt 0.451802 0.349115
vt 0.446844 0.345731
vt 0.458001 0.345368
vt 0.459754 0.354817
vt 0.451508 0.337070
vt 0.456892 0.338523
vt 0.547821 0.343655
vt 0.548199 0.349115
vt 0.540247 0.354817
vt 0.553353 0.341553
vt 0.553156 0.345731
vt 0.548493 0.337070
vt 0.554167 0.335728
vt 0.541999 0.345368
vt 0.543108 0.338523
vt 0.458792 0.258348
vt 0.466937 0.259046
vt 0.459827 0.250998
vt 0.467820 0.252215
vt 0.541208 0.258348
vt 0.533063 0.259046
vt 0.532180 0.252215
vt 0.540173 0.250998
vt 0.403171 0.204492
vt 0.396152 0.202894
vt 0.402588 0.211571
vt 0.410751 0.205589
vt 0.409237 0.212773
vt 0.596829 0.204492
vt 0.597412 0.211571
vt 0.590763 0.212773
vt 0.603848 0.202894
vt 0.589249 0.205589
vt 0.413271 0.224491
vt 0.416305 0.218661
vt 0.407443 0.220277
vt 0.586729 0.224491
vt 0.583696 0.218661
vt 0.592558 0.220277
vt 0.466209 0.177381
vt 0.466178 0.183615
vt 0.475000 0.177597
vt 0.474594 0.183394
vt 0.533791 0.177381
vt 0.533822 0.183615
vt 0.525407 0.183394
vt 0.525001 0.177597
vt 0.407853 0.284097
vt 0.411959 0.290939
vt 0.412169 0.281978
vt 0.415665 0.286381
vt 0.406015 0.277682
vt 0.410463 0.277873
vt 0.592147 0.284097
vt 0.588041 0.290939
vt 0.584335 0.286381
vt 0.593985 0.277682
vt 0.587831 0.281978
vt 0.589537 0.277873
vt 0.453633 0.471062
vt 0.546367 0.471062
vt 0.424968 0.171279
vt 0.423503 0.162925
vt 0.415475 0.171843
vt 0.427404 0.178489
vt 0.434610 0.169529
vt 0.575032 0.171279
vt 0.584525 0.171843
vt 0.576497 0.162925
vt 0.565390 0.169529
vt 0.572596 0.178489
vt 0.422453 0.154464
vt 0.577547 0.154464
vt 0.402706 0.477842
vt 0.398185 0.483373
vt 0.395496 0.481049
vt 0.405341 0.471248
vt 0.397803 0.475188
vt 0.400418 0.471117
vt 0.597294 0.477842
vt 0.601815 0.483373
vt 0.602197 0.475188
vt 0.604504 0.481049
vt 0.594659 0.471248
vt 0.599582 0.471117
vt 0.452862 0.291109
vt 0.447360 0.294855
vt 0.444470 0.292354
vt 0.454934 0.294578
vt 0.448609 0.297514
vt 0.449212 0.288124
vt 0.547138 0.291109
vt 0.545066 0.294578
vt 0.552640 0.294855
vt 0.551391 0.297514
vt 0.550788 0.288124
vt 0.555530 0.292354
vt 0.387126 0.137500
vt 0.612874 0.137500
vt 0.370588 0.197196
vt 0.629413 0.197196
vt 0.445215 0.239788
vt 0.453421 0.242437
vt 0.448295 0.234508
vt 0.455775 0.236536
vt 0.554785 0.239788
vt 0.551706 0.234508
vt 0.546579 0.242437
vt 0.544225 0.236536
vt 0.471522 0.359760
vt 0.466718 0.351364
vt 0.472417 0.346400
vt 0.466455 0.362284
vt 0.477335 0.355526
vt 0.528478 0.359760
vt 0.533545 0.362284
vt 0.533282 0.351364
vt 0.522665 0.355526
vt 0.527584 0.346400
vt 0.444372 0.167931
vt 0.555628 0.167931
vt 0.416522 0.297151
vt 0.420864 0.302799
vt 0.419464 0.291809
vt 0.423701 0.297370
vt 0.583478 0.297151
vt 0.580536 0.291809
vt 0.579136 0.302799
vt 0.576299 0.297370
vt 0.405632 0.170437
vt 0.594368 0.170437
vt 0.391008 0.486122
vt 0.389285 0.481835
vt 0.608992 0.486122
vt 0.610715 0.481835
vt 0.466595 0.188806
vt 0.474595 0.188546
vt 0.475341 0.193766
vt 0.458135 0.189739
vt 0.466923 0.194076
vt 0.458628 0.194505
vt 0.533405 0.188806
vt 0.525405 0.188546
vt 0.533077 0.194076
vt 0.524659 0.193766
vt 0.541865 0.189739
vt 0.541372 0.194505
vt 0.451127 0.330376
vt 0.456176 0.331302
vt 0.451244 0.323776
vt 0.456160 0.324545
vt 0.446111 0.329327
vt 0.446125 0.322602
vt 0.548873 0.330376
vt 0.548756 0.323776
vt 0.553875 0.322602
vt 0.543824 0.331302
vt 0.543840 0.324545
vt 0.553889 0.329327
vt 0.402676 0.425701
vt 0.402979 0.431344
vt 0.597325 0.425701
vt 0.597021 0.431344
vt 0.392643 0.450465
vt 0.386853 0.453809
vt 0.396245 0.457497
vt 0.391434 0.460689
vt 0.399386 0.448555
vt 0.402801 0.456061
vt 0.607357 0.450465
vt 0.613147 0.453809
vt 0.608567 0.460689
vt 0.600614 0.448555
vt 0.603755 0.457497
vt 0.597199 0.456061
vt 0.493858 0.360970
vt 0.500000 0.361390
vt 0.495455 0.352899
vt 0.500000 0.353273
vt 0.489555 0.358310
vt 0.491904 0.351492
vt 0.506143 0.360970
vt 0.504545 0.352899
vt 0.508096 0.351492
vt 0.510445 0.358310
vt 0.375613 0.474145
vt 0.382518 0.476347
vt 0.374881 0.468873
vt 0.383826 0.471078
vt 0.624387 0.474145
vt 0.625119 0.468873
vt 0.617482 0.476347
vt 0.616174 0.471078
vt 0.492196 0.281321
vt 0.493281 0.284981
vt 0.500000 0.280989
vt 0.500000 0.283782
vt 0.491783 0.278171
vt 0.500000 0.277533
vt 0.507804 0.281321
vt 0.506719 0.284981
vt 0.508217 0.278171
vt 0.429480 0.104851
vt 0.570520 0.104851
vt 0.433133 0.221438
vt 0.435935 0.217769
vt 0.441338 0.220178
vt 0.425577 0.218496
vt 0.428263 0.211959
vt 0.441121 0.224134
vt 0.566867 0.221438
vt 0.574423 0.218496
vt 0.564065 0.217769
vt 0.571737 0.211959
vt 0.558879 0.224134
vt 0.558662 0.220178
vt 0.424527 0.307742
vt 0.422173 0.313372
vt 0.427259 0.311543
vt 0.425325 0.319467
vt 0.426688 0.301609
vt 0.429318 0.305302
vt 0.575473 0.307742
vt 0.577827 0.313372
vt 0.574675 0.319467
vt 0.573312 0.301609
vt 0.572741 0.311543
vt 0.570681 0.305302
vt 0.461493 0.244338
vt 0.468849 0.245535
vt 0.463132 0.238436
vt 0.471013 0.239322
vt 0.538507 0.244338
vt 0.536868 0.238436
vt 0.531151 0.245535
vt 0.528986 0.239322
vt 0.450002 0.190768
vt 0.442322 0.191986
vt 0.450618 0.195286
vt 0.443077 0.196121
vt 0.549998 0.190768
vt 0.549382 0.195286
vt 0.557678 0.191986
vt 0.556923 0.196121
vt 0.430335 0.432515
vt 0.373518 0.463016
vt 0.379235 0.462743
vt 0.372267 0.457715
vt 0.376599 0.458143
vt 0.569665 0.432515
vt 0.626482 0.463016
vt 0.627733 0.457715
vt 0.620765 0.462743
vt 0.623401 0.458143
vt 0.471329 0.307504
vt 0.466922 0.307649
vt 0.468050 0.302749
vt 0.471064 0.312745
vt 0.465943 0.312620
vt 0.475619 0.306748
vt 0.476611 0.311379
vt 0.472442 0.303533
vt 0.475147 0.304081
vt 0.528671 0.307504
vt 0.528936 0.312745
vt 0.523389 0.311379
vt 0.533078 0.307649
vt 0.534057 0.312620
vt 0.527558 0.303533
vt 0.531950 0.302749
vt 0.524381 0.306748
vt 0.524853 0.304081
vt 0.470371 0.319475
vt 0.469769 0.327338
vt 0.464738 0.325931
vt 0.475420 0.319919
vt 0.474880 0.328981
vt 0.465506 0.319218
vt 0.529629 0.319475
vt 0.524580 0.319919
vt 0.530231 0.327338
vt 0.525120 0.328981
vt 0.534494 0.319218
vt 0.535263 0.325931
vt 0.467129 0.199225
vt 0.458878 0.199181
vt 0.467405 0.203342
vt 0.458994 0.203243
vt 0.475287 0.198550
vt 0.476121 0.202733
vt 0.532871 0.199225
vt 0.532596 0.203342
vt 0.523879 0.202733
vt 0.541122 0.199181
vt 0.541006 0.203243
vt 0.524714 0.198550
vt 0.449067 0.224755
vt 0.449646 0.228798
vt 0.457154 0.224769
vt 0.457325 0.228731
vt 0.449290 0.220514
vt 0.457173 0.220763
vt 0.550933 0.224755
vt 0.550355 0.228798
vt 0.542675 0.228731
vt 0.550710 0.220514
vt 0.542846 0.224769
vt 0.542827 0.220763
vt 0.406747 0.464834
vt 0.409154 0.458798
vt 0.402017 0.463697
vt 0.593253 0.464834
vt 0.597983 0.463697
vt 0.590846 0.458798
vt 0.480292 0.350706
vt 0.482522 0.345762
vt 0.485756 0.348655
vt 0.477125 0.344186
vt 0.480239 0.341053
vt 0.484626 0.355034
vt 0.479819 0.319839
vt 0.480077 0.327219
vt 0.484834 0.320652
vt 0.484699 0.326508
vt 0.481610 0.313692
vt 0.486021 0.315122
vt 0.519709 0.350706
vt 0.522875 0.344186
vt 0.517478 0.345762
vt 0.519761 0.341053
vt 0.515374 0.355034
vt 0.514244 0.348655
vt 0.520181 0.319839
vt 0.515166 0.320652
vt 0.513979 0.315122
vt 0.519923 0.327219
vt 0.515301 0.326508
vt 0.518390 0.313692
vt 0.451566 0.317579
vt 0.447049 0.317043
vt 0.447731 0.311404
vt 0.456423 0.318353
vt 0.452383 0.312192
vt 0.456992 0.312443
vt 0.548434 0.317579
vt 0.552951 0.317043
vt 0.547617 0.312192
vt 0.552269 0.311404
vt 0.543577 0.318353
vt 0.543008 0.312443
vt 0.467375 0.208165
vt 0.458824 0.207904
vt 0.467264 0.212341
vt 0.458489 0.212208
vt 0.475578 0.207724
vt 0.476038 0.212474
vt 0.532625 0.208165
vt 0.541176 0.207904
vt 0.541511 0.212208
vt 0.524422 0.207724
vt 0.532736 0.212341
vt 0.523962 0.212474
vt 0.481654 0.270585
vt 0.486341 0.273897
vt 0.487840 0.268353
vt 0.488773 0.271172
vt 0.518346 0.270585
vt 0.512160 0.268353
vt 0.513659 0.273897
vt 0.511227 0.271172
vt 0.491672 0.175259
vt 0.484639 0.176845
vt 0.493428 0.181747
vt 0.487688 0.182508
vt 0.500000 0.174794
vt 0.500000 0.181533
vt 0.508328 0.175259
vt 0.515361 0.176845
vt 0.512312 0.182508
vt 0.506572 0.181747
vt 0.314149 0.475638
vt 0.685851 0.475638
vt 0.414998 0.444053
vt 0.410539 0.445425
vt 0.408873 0.441300
vt 0.417084 0.449496
vt 0.413082 0.449287
vt 0.409536 0.439138
vt 0.585002 0.444053
vt 0.582916 0.449496
vt 0.589461 0.445425
vt 0.586918 0.449287
vt 0.590465 0.439138
vt 0.591127 0.441300
vt 0.492847 0.274520
vt 0.493901 0.270873
vt 0.500000 0.270512
vt 0.500000 0.274271
vt 0.507153 0.274520
vt 0.506099 0.270873
vt 0.421877 0.192971
vt 0.424839 0.187556
vt 0.429100 0.190684
vt 0.420509 0.199490
vt 0.428983 0.194248
vt 0.429565 0.199899
vt 0.578123 0.192971
vt 0.575161 0.187556
vt 0.571017 0.194248
vt 0.570900 0.190684
vt 0.579491 0.199490
vt 0.570435 0.199899
vt 0.421310 0.332370
vt 0.425436 0.328903
vt 0.420761 0.323313
vt 0.578691 0.332370
vt 0.579239 0.323313
vt 0.574564 0.328903
vt 0.469087 0.334965
vt 0.467241 0.340961
vt 0.464281 0.338000
vt 0.472985 0.337233
vt 0.464658 0.332665
vt 0.530913 0.334965
vt 0.527015 0.337233
vt 0.532759 0.340961
vt 0.535342 0.332665
vt 0.535719 0.338000
vt 0.449582 0.216362
vt 0.457899 0.216717
vt 0.450100 0.212797
vt 0.458527 0.212826
vt 0.442442 0.216101
vt 0.441673 0.212769
vt 0.550418 0.216362
vt 0.549900 0.212797
vt 0.558328 0.212769
vt 0.542102 0.216717
vt 0.541473 0.212826
vt 0.557558 0.216101
vt 0.371451 0.452271
vt 0.377847 0.453624
vt 0.628549 0.452271
vt 0.622153 0.453624
vt 0.450437 0.207998
vt 0.450801 0.203680
vt 0.442709 0.207262
vt 0.443010 0.203727
vt 0.450036 0.212178
vt 0.441582 0.212150
vt 0.549563 0.207998
vt 0.557292 0.207262
vt 0.558418 0.212150
vt 0.549200 0.203680
vt 0.556991 0.203727
vt 0.549964 0.212178
vt 0.465054 0.224828
vt 0.464825 0.229127
vt 0.472477 0.225246
vt 0.472678 0.229401
vt 0.465480 0.221000
vt 0.473381 0.221488
vt 0.534946 0.224828
vt 0.535175 0.229127
vt 0.527322 0.229401
vt 0.534520 0.221000
vt 0.527523 0.225246
vt 0.526619 0.221488
vt 0.485026 0.246442
vt 0.489916 0.246191
vt 0.486438 0.240197
vt 0.490971 0.239651
vt 0.480224 0.246492
vt 0.482289 0.240090
vt 0.514974 0.246442
vt 0.510084 0.246191
vt 0.509029 0.239651
vt 0.519776 0.246492
vt 0.513563 0.240197
vt 0.517711 0.240090
vt 0.392592 0.470746
vt 0.395636 0.466332
vt 0.387712 0.465312
vt 0.389859 0.475246
vt 0.607408 0.470746
vt 0.612288 0.465312
vt 0.604364 0.466332
vt 0.610141 0.475246
vt 0.464244 0.233548
vt 0.457147 0.232588
vt 0.471332 0.234251
vt 0.535756 0.233548
vt 0.542853 0.232588
vt 0.528669 0.234251
vt 0.493989 0.258248
vt 0.494414 0.252229
vt 0.500000 0.251999
vt 0.493731 0.263206
vt 0.500000 0.257854
vt 0.500000 0.262921
vt 0.506011 0.258248
vt 0.505586 0.252229
vt 0.506269 0.263206
vt 0.432834 0.337243
vt 0.429556 0.332793
vt 0.430279 0.330154
vt 0.437329 0.340241
vt 0.433492 0.332066
vt 0.436768 0.334066
vt 0.567166 0.337243
vt 0.570445 0.332793
vt 0.566508 0.332066
vt 0.569720 0.330154
vt 0.562671 0.340241
vt 0.563233 0.334066
vt 0.405205 0.447061
vt 0.408754 0.451615
vt 0.403446 0.441335
vt 0.594795 0.447061
vt 0.591246 0.451615
vt 0.596555 0.441335
vt 0.450763 0.199751
vt 0.443898 0.199830
vt 0.549237 0.199751
vt 0.556102 0.199830
vt 0.494926 0.246042
vt 0.495443 0.239817
vt 0.500000 0.239261
vt 0.500000 0.245836
vt 0.505074 0.246042
vt 0.504557 0.239817
vt 0.466313 0.216919
vt 0.473259 0.218056
vt 0.467283 0.212970
vt 0.476038 0.213114
vt 0.533688 0.216919
vt 0.532717 0.212970
vt 0.526741 0.218056
vt 0.523962 0.213114
vt 0.402809 0.436349
vt 0.597192 0.436349
vt 0.441360 0.328602
vt 0.442058 0.322420
vt 0.437546 0.327839
vt 0.437970 0.321890
vt 0.441423 0.334873
vt 0.558640 0.328602
vt 0.557943 0.322420
vt 0.562031 0.321890
vt 0.558577 0.334873
vt 0.562454 0.327839
vt 0.462367 0.307722
vt 0.457822 0.307700
vt 0.458683 0.303295
vt 0.461569 0.312908
vt 0.463248 0.303797
vt 0.537633 0.307722
vt 0.538431 0.312908
vt 0.542179 0.307700
vt 0.536752 0.303797
vt 0.541317 0.303295
vt 0.480908 0.333549
vt 0.484979 0.332618
vt 0.485730 0.337903
vt 0.477895 0.335542
vt 0.482669 0.338785
vt 0.519093 0.333549
vt 0.515021 0.332618
vt 0.517331 0.338785
vt 0.514270 0.337903
vt 0.522105 0.335542
vt 0.482557 0.198475
vt 0.482813 0.202931
vt 0.489123 0.198411
vt 0.489796 0.202994
vt 0.482291 0.193472
vt 0.489417 0.193428
vt 0.517443 0.198475
vt 0.517187 0.202931
vt 0.510204 0.202994
vt 0.517709 0.193472
vt 0.510877 0.198411
vt 0.510583 0.193428
vt 0.441730 0.341097
vt 0.443747 0.346912
vt 0.558270 0.341097
vt 0.556253 0.346912
vt 0.407909 0.272509
vt 0.412821 0.276220
vt 0.592091 0.272509
vt 0.587179 0.276220
vt 0.494093 0.287815
vt 0.494715 0.291158
vt 0.489677 0.292846
vt 0.500000 0.287378
vt 0.500000 0.290100
vt 0.488535 0.290180
vt 0.505907 0.287815
vt 0.505285 0.291158
vt 0.511465 0.290180
vt 0.510323 0.292846
vt 0.481850 0.188220
vt 0.488328 0.187961
vt 0.481112 0.183256
vt 0.518150 0.188220
vt 0.511673 0.187961
vt 0.518888 0.183256
vt 0.435804 0.205174
vt 0.436780 0.202131
vt 0.430015 0.205792
vt 0.434882 0.211732
vt 0.428181 0.211315
vt 0.564196 0.205174
vt 0.569985 0.205792
vt 0.571819 0.211315
vt 0.563221 0.202131
vt 0.565118 0.211732
vt 0.482779 0.207523
vt 0.482660 0.212367
vt 0.489139 0.207618
vt 0.489282 0.212260
vt 0.517221 0.207523
vt 0.510861 0.207618
vt 0.517340 0.212367
vt 0.510718 0.212260
vt 0.494355 0.187685
vt 0.494624 0.193360
vt 0.500000 0.187620
vt 0.500000 0.193579
vt 0.505645 0.187685
vt 0.505376 0.193360
vt 0.483535 0.293052
vt 0.479157 0.296496
vt 0.485360 0.295628
vt 0.481499 0.298537
vt 0.516465 0.293052
vt 0.514640 0.295628
vt 0.520843 0.296496
vt 0.518500 0.298537
vt 0.382999 0.458735
vt 0.617002 0.458735
vt 0.456203 0.365017
vt 0.460503 0.362975
vt 0.453587 0.357833
vt 0.543797 0.365017
vt 0.546413 0.357833
vt 0.539497 0.362975
vt 0.435391 0.193439
vt 0.434037 0.188953
vt 0.436693 0.197296
vt 0.564609 0.193439
vt 0.565963 0.188953
vt 0.563307 0.197296
vt 0.453244 0.307341
vt 0.448985 0.307278
vt 0.449898 0.303206
vt 0.454226 0.303871
vt 0.546756 0.307341
vt 0.551015 0.307278
vt 0.545774 0.303871
vt 0.550102 0.303206
vt 0.475068 0.246265
vt 0.473375 0.252372
vt 0.476440 0.240102
vt 0.524932 0.246265
vt 0.526625 0.252372
vt 0.523560 0.240102
vt 0.442774 0.316585
vt 0.439128 0.316383
vt 0.440026 0.311046
vt 0.443900 0.311550
vt 0.557226 0.316585
vt 0.560872 0.316383
vt 0.556100 0.311550
vt 0.559974 0.311046
vt 0.444839 0.285696
vt 0.442133 0.290307
vt 0.439990 0.288880
vt 0.440177 0.284916
vt 0.555161 0.285696
vt 0.557867 0.290307
vt 0.559823 0.284916
vt 0.560010 0.288880
vt 0.460973 0.318846
vt 0.460598 0.325272
vt 0.539027 0.318846
vt 0.539402 0.325272
vt 0.463179 0.344478
vt 0.461219 0.338192
vt 0.536821 0.344478
vt 0.538781 0.338192
vt 0.421968 0.286335
vt 0.426065 0.291533
vt 0.417637 0.281803
vt 0.578032 0.286335
vt 0.573935 0.291533
vt 0.582363 0.281803
vt 0.460524 0.331764
vt 0.539477 0.331764
vt 0.487466 0.234607
vt 0.491674 0.234418
vt 0.488160 0.229582
vt 0.492385 0.229100
vt 0.482823 0.234748
vt 0.484144 0.229564
vt 0.512534 0.234607
vt 0.508326 0.234418
vt 0.507615 0.229100
vt 0.517177 0.234748
vt 0.511840 0.229582
vt 0.515856 0.229564
vt 0.418116 0.205721
vt 0.424625 0.204900
vt 0.422133 0.210225
vt 0.416574 0.210985
vt 0.581884 0.205721
vt 0.575375 0.204900
vt 0.583426 0.210985
vt 0.577867 0.210225
vt 0.495473 0.301371
vt 0.495463 0.297613
vt 0.500000 0.296772
vt 0.491628 0.302335
vt 0.491287 0.298434
vt 0.495549 0.306581
vt 0.490888 0.307088
vt 0.500000 0.301489
vt 0.500000 0.306441
vt 0.504528 0.301371
vt 0.508372 0.302335
vt 0.509112 0.307088
vt 0.504537 0.297613
vt 0.508713 0.298434
vt 0.504451 0.306581
vt 0.430841 0.184073
vt 0.569159 0.184073
vt 0.495090 0.293873
vt 0.490696 0.295807
vt 0.500000 0.293654
vt 0.504910 0.293873
vt 0.509304 0.295807
vt 0.496060 0.345863
vt 0.492238 0.344980
vt 0.492328 0.338218
vt 0.500000 0.345861
vt 0.496130 0.338846
vt 0.500000 0.338444
vt 0.503940 0.345863
vt 0.507762 0.344980
vt 0.503870 0.338846
vt 0.507672 0.338218
vt 0.477391 0.234732
vt 0.478252 0.229741
vt 0.522609 0.234732
vt 0.521748 0.229741
vt 0.494724 0.198745
vt 0.494805 0.203197
vt 0.500000 0.198606
vt 0.500000 0.203356
vt 0.505276 0.198745
vt 0.505195 0.203197
vt 0.493985 0.267285
vt 0.500000 0.267001
vt 0.506015 0.267285
vt 0.437174 0.215093
vt 0.434968 0.212364
vt 0.562826 0.215093
vt 0.565032 0.212364
vt 0.478794 0.225266
vt 0.484098 0.225119
vt 0.478766 0.221398
vt 0.484809 0.220588
vt 0.521207 0.225266
vt 0.521234 0.221398
vt 0.515902 0.225119
vt 0.515191 0.220588
vt 0.434100 0.302672
vt 0.431681 0.299790
vt 0.434104 0.295163
vt 0.431875 0.307864
vt 0.436350 0.304876
vt 0.434218 0.309825
vt 0.436425 0.298232
vt 0.438264 0.300797
vt 0.434089 0.326801
vt 0.431002 0.326140
vt 0.431308 0.320858
vt 0.434777 0.321389
vt 0.565900 0.302672
vt 0.568125 0.307864
vt 0.565782 0.309825
vt 0.568319 0.299790
vt 0.563575 0.298232
vt 0.565896 0.295163
vt 0.563650 0.304876
vt 0.561736 0.300797
vt 0.565911 0.326801
vt 0.568998 0.326140
vt 0.565223 0.321389
vt 0.568692 0.320858
vt 0.495833 0.311424
vt 0.492355 0.312030
vt 0.496263 0.316770
vt 0.492902 0.316909
vt 0.500000 0.311526
vt 0.500000 0.316814
vt 0.504167 0.311424
vt 0.503737 0.316770
vt 0.507645 0.312030
vt 0.507098 0.316909
vt 0.468207 0.296583
vt 0.464300 0.296326
vt 0.466152 0.299867
vt 0.464459 0.298715
vt 0.471963 0.298432
vt 0.531793 0.296583
vt 0.535700 0.296326
vt 0.535541 0.298715
vt 0.528037 0.298432
vt 0.533849 0.299867
vt 0.483986 0.308428
vt 0.481193 0.306707
vt 0.484788 0.302992
vt 0.487674 0.310834
vt 0.487131 0.305239
vt 0.516014 0.308428
vt 0.518807 0.306707
vt 0.512869 0.305239
vt 0.515212 0.302992
vt 0.512326 0.310834
vt 0.486729 0.298073
vt 0.483101 0.300908
vt 0.487917 0.300487
vt 0.513271 0.298073
vt 0.512083 0.300487
vt 0.516899 0.300908
vt 0.435741 0.316008
vt 0.432783 0.315088
vt 0.437201 0.310773
vt 0.564259 0.316008
vt 0.567217 0.315088
vt 0.562799 0.310773
vt 0.494698 0.207694
vt 0.494641 0.212038
vt 0.500000 0.207640
vt 0.500000 0.211817
vt 0.505303 0.207694
vt 0.505359 0.212038
vt 0.479387 0.304028
vt 0.477818 0.301612
vt 0.520613 0.304028
vt 0.522182 0.301612
vt 0.483389 0.215223
vt 0.481222 0.217341
vt 0.486302 0.217225
vt 0.482686 0.213000
vt 0.489333 0.212886
vt 0.516611 0.215223
vt 0.517314 0.213000
vt 0.513698 0.217225
vt 0.510667 0.212886
vt 0.518778 0.217341
vt 0.428332 0.326746
vt 0.428708 0.320182
vt 0.571668 0.326746
vt 0.571293 0.320182
vt 0.495489 0.216262
vt 0.500000 0.216222
vt 0.500000 0.220077
vt 0.494666 0.212587
vt 0.500000 0.212288
vt 0.491926 0.217582
vt 0.496186 0.220476
vt 0.492852 0.220891
vt 0.504512 0.216262
vt 0.505334 0.212587
vt 0.503814 0.220476
vt 0.508074 0.217582
vt 0.507148 0.220891
vt 0.488663 0.344345
vt 0.488826 0.338244
vt 0.485988 0.343385
vt 0.488417 0.350008
vt 0.511337 0.344345
vt 0.514012 0.343385
vt 0.511174 0.338244
vt 0.511583 0.350008
vt 0.435942 0.287260
vt 0.432159 0.291213
vt 0.437318 0.291400
vt 0.564058 0.287260
vt 0.562682 0.291400
vt 0.567841 0.291213
vt 0.495875 0.234315
vt 0.500000 0.234144
vt 0.496165 0.229193
vt 0.500000 0.228683
vt 0.504125 0.234315
vt 0.503835 0.229193
vt 0.429864 0.313659
vt 0.570136 0.313659
vt 0.488796 0.321138
vt 0.488618 0.326794
vt 0.492602 0.321749
vt 0.492397 0.327018
vt 0.489380 0.316467
vt 0.511204 0.321138
vt 0.511382 0.326794
vt 0.507603 0.327018
vt 0.510620 0.316467
vt 0.507398 0.321749
vt 0.445068 0.307163
vt 0.441682 0.306962
vt 0.442813 0.303427
vt 0.446149 0.303762
vt 0.554932 0.307163
vt 0.558318 0.306962
vt 0.553851 0.303762
vt 0.557187 0.303427
vt 0.488582 0.332511
vt 0.492360 0.332651
vt 0.511418 0.332511
vt 0.507640 0.332651
vt 0.496135 0.332859
vt 0.496212 0.327237
vt 0.500000 0.327138
vt 0.500000 0.332826
vt 0.503865 0.332859
vt 0.503788 0.327237
vt 0.429203 0.296022
vt 0.570797 0.296022
vt 0.439234 0.294296
vt 0.441367 0.296472
vt 0.560766 0.294296
vt 0.558633 0.296472
vt 0.438819 0.306211
vt 0.440849 0.302219
vt 0.561181 0.306211
vt 0.559151 0.302219
vt 0.420587 0.214476
vt 0.425198 0.211091
vt 0.579413 0.214476
vt 0.574802 0.211091
vt 0.488645 0.225058
vt 0.492571 0.224931
vt 0.488827 0.221121
vt 0.511355 0.225058
vt 0.511173 0.221121
vt 0.507429 0.224931
vt 0.475240 0.299800
vt 0.524760 0.299800
vt 0.496316 0.321931
vt 0.500000 0.321954
vt 0.503684 0.321931
vt 0.448430 0.352260
vt 0.551570 0.352260
vt 0.413930 0.454049
vt 0.586070 0.454049
vt 0.443500 0.298440
vt 0.445434 0.300159
vt 0.556500 0.298440
vt 0.554566 0.300159
vt 0.496402 0.224677
vt 0.500000 0.224528
vt 0.503598 0.224677
vt 0.454523 0.297778
vt 0.458824 0.296752
vt 0.456239 0.299223
vt 0.449962 0.299937
vt 0.453934 0.300462
vt 0.545477 0.297778
vt 0.541176 0.296752
vt 0.546066 0.300462
vt 0.543761 0.299223
vt 0.550038 0.299937
vt 0.460792 0.298099
vt 0.457698 0.300564
vt 0.461956 0.300383
vt 0.539208 0.298099
vt 0.538044 0.300383
vt 0.542302 0.300564
vt 0.426508 0.206779
vt 0.425157 0.210769
vt 0.573492 0.206779
vt 0.574843 0.210769
vt 0.449258 0.074601
vt 0.401234 0.058484
vt 0.350369 0.106867
vt 0.406863 0.136875
vt 0.392871 0.184719
vt 0.438646 0.267999
vt 0.420132 0.317347
vt 0.487345 0.355539
vt 0.489798 0.312698
vt 0.483802 0.342637
vt 0.433006 0.584944
vt 0.414695 0.279560
vt 0.413609 0.494134
vt 0.387524 0.478111
vt 0.480317 0.178901
vt 0.463933 0.364408
vt 0.488864 0.302447
vt 0.446816 0.301253
vt 0.281401 0.439823
vt 0.466474 0.437063
vt 0.303586 0.382703
vt 0.294722 0.547233
vt 0.284707 0.579021
vt 0.240539 0.397793
vt 0.472097 0.257838
vt 0.376219 0.178092
vt 0.334387 0.200640
vt 0.404478 0.251927
vt 0.386047 0.307101
vt 0.390814 0.201629
vt 0.323536 0.225082
vt 0.188231 0.335938
vt 0.224564 0.348736
vt 0.359414 0.266822
vt 0.398454 0.533458
vt 0.258098 0.605938
vt 0.239152 0.568334
vt 0.234893 0.176485
vt 0.216010 0.147006
vt 0.398101 0.462774
vt 0.451244 0.231540
vt 0.489001 0.217946
vt 0.333478 0.536776
vt 0.453645 0.096722
vt 0.402967 0.217279
vt 0.475555 0.338584
vt 0.425421 0.462699
vt 0.355052 0.447735
vt 0.346274 0.401228
vt 0.382565 0.503337
vt 0.463891 0.301424
vt 0.455077 0.301640
vt 0.286914 0.349234
vt 0.310654 0.272587
vt 0.284475 0.217018
vt 0.347434 0.294008
vt 0.478082 0.218250
vt 0.438740 0.199724
vt 0.550742 0.074601
vt 0.598767 0.058484
vt 0.649631 0.106867
vt 0.593137 0.136875
vt 0.607129 0.184719
vt 0.561354 0.267999
vt 0.579868 0.317347
vt 0.512655 0.355539
vt 0.510202 0.312698
vt 0.516198 0.342637
vt 0.566994 0.584944
vt 0.585305 0.279560
vt 0.586391 0.494134
vt 0.612476 0.478111
vt 0.519683 0.178901
vt 0.536067 0.364408
vt 0.511136 0.302447
vt 0.553184 0.301253
vt 0.718600 0.439823
vt 0.533526 0.437063
vt 0.696414 0.382703
vt 0.705278 0.547233
vt 0.715293 0.579021
vt 0.759461 0.397793
vt 0.527903 0.257838
vt 0.623781 0.178092
vt 0.665613 0.200640
vt 0.595522 0.251927
vt 0.613953 0.307101
vt 0.609186 0.201629
vt 0.676464 0.225082
vt 0.811769 0.335938
vt 0.775436 0.348736
vt 0.640586 0.266822
vt 0.601546 0.533458
vt 0.741902 0.605938
vt 0.760848 0.568334
vt 0.765108 0.176485
vt 0.783989 0.147006
vt 0.601899 0.462774
vt 0.548756 0.231540
vt 0.510999 0.217946
vt 0.666522 0.536776
vt 0.546355 0.096722
vt 0.597033 0.217279
vt 0.524445 0.338584
vt 0.574579 0.462699
vt 0.644948 0.447735
vt 0.653726 0.401228
vt 0.617436 0.503337
vt 0.536110 0.301424
vt 0.544923 0.301640
vt 0.713086 0.349234
vt 0.689346 0.272587
vt 0.715525 0.217018
vt 0.652566 0.294008
vt 0.521918 0.218250
vt 0.561260 0.199724
vt 0.105978 0.904439
vt 0.110840 0.866811
vt 0.122628 0.876691
vt 0.487220 0.956349
vt 0.492955 0.952268
vt 0.494419 0.957502
vt 0.405355 0.935258
vt 0.392877 0.943991
vt 0.389615 0.933125
vt 0.369458 0.909171
vt 0.361240 0.890792
vt 0.377963 0.898894
vt 0.371646 0.879568
vt 0.389034 0.887297
vt 0.376434 0.870050
vt 0.395218 0.877270
vt 0.381733 0.861071
vt 0.400729 0.866172
vt 0.401918 0.855478
vt 0.386716 0.851293
vt 0.398133 0.916781
vt 0.392375 0.903843
vt 0.404586 0.907397
vt 0.404263 0.891663
vt 0.415305 0.894769
vt 0.411401 0.880016
vt 0.422796 0.881145
vt 0.415612 0.867357
vt 0.426573 0.867572
vt 0.426106 0.854394
vt 0.415115 0.855365
vt 0.370249 0.942339
vt 0.370825 0.931989
vt 0.481397 0.944365
vt 0.490476 0.937338
vt 0.491533 0.945595
vt 0.480017 0.938229
vt 0.490665 0.924704
vt 0.484231 0.905542
vt 0.479953 0.924195
vt 0.486856 0.888040
vt 0.492761 0.905806
vt 0.478385 0.871632
vt 0.469781 0.888449
vt 0.470273 0.871646
vt 0.486339 0.870847
vt 0.476925 0.855953
vt 0.484399 0.854766
vt 0.493794 0.887454
vt 0.494103 0.869810
vt 0.469098 0.855737
vt 0.466315 0.904388
vt 0.460817 0.887873
vt 0.492140 0.852843
vt 0.500154 0.869108
vt 0.435135 0.853754
vt 0.436148 0.868274
vt 0.432456 0.883066
vt 0.500320 0.924579
vt 0.420262 0.938582
vt 0.409806 0.944883
vt 0.384595 0.913942
vt 0.352562 0.865207
vt 0.361131 0.842900
vt 0.357272 0.854296
vt 0.326729 0.855139
vt 0.343385 0.875881
vt 0.336843 0.846010
vt 0.343014 0.835609
vt 0.350154 0.824017
vt 0.368579 0.830304
vt 0.314807 0.832406
vt 0.326185 0.824938
vt 0.334776 0.816414
vt 0.346000 0.807678
vt 0.360170 0.813362
vt 0.307353 0.810901
vt 0.319719 0.804280
vt 0.330145 0.795792
vt 0.343497 0.787718
vt 0.359706 0.798541
vt 0.303611 0.790333
vt 0.314928 0.779754
vt 0.324881 0.769671
vt 0.337883 0.760001
vt 0.357609 0.778947
vt 0.298805 0.772844
vt 0.308654 0.760824
vt 0.316982 0.749623
vt 0.327209 0.737722
vt 0.350620 0.753233
vt 0.279485 0.752892
vt 0.292220 0.744088
vt 0.286536 0.756896
vt 0.292599 0.728413
vt 0.301858 0.733389
vt 0.307389 0.721156
vt 0.305641 0.699068
vt 0.315325 0.701949
vt 0.150729 0.818035
vt 0.120455 0.826566
vt 0.141837 0.806930
vt 0.131520 0.794015
vt 0.171644 0.846181
vt 0.143055 0.850363
vt 0.160953 0.830068
vt 0.206919 0.894792
vt 0.181878 0.893409
vt 0.194110 0.880066
vt 0.132186 0.839248
vt 0.170385 0.879906
vt 0.182430 0.863452
vt 0.147992 0.920300
vt 0.170747 0.910479
vt 0.165139 0.926782
vt 0.261473 0.859605
vt 0.267516 0.841479
vt 0.273846 0.857549
vt 0.125083 0.911824
vt 0.141420 0.889058
vt 0.157487 0.899200
vt 0.255319 0.842067
vt 0.260222 0.824979
vt 0.353210 0.900471
vt 0.335356 0.885704
vt 0.316348 0.862436
vt 0.306118 0.837254
vt 0.299395 0.817057
vt 0.295726 0.798099
vt 0.291164 0.781265
vt 0.350863 0.930607
vt 0.500260 0.905620
vt 0.500203 0.887198
vt 0.473091 0.950466
vt 0.465108 0.956383
vt 0.460424 0.948666
vt 0.452173 0.952865
vt 0.444780 0.929516
vt 0.459064 0.920852
vt 0.456304 0.933029
vt 0.475589 0.905325
vt 0.478420 0.888649
vt 0.462168 0.871379
vt 0.469305 0.923041
vt 0.468664 0.935823
vt 0.469938 0.944047
vt 0.457035 0.940741
vt 0.444205 0.937946
vt 0.421601 0.923201
vt 0.415573 0.910707
vt 0.426497 0.914221
vt 0.442164 0.885175
vt 0.443912 0.854379
vt 0.444970 0.869525
vt 0.406768 0.927121
vt 0.410142 0.919842
vt 0.359373 0.918605
vt 0.419442 0.930366
vt 0.392927 0.925080
vt 0.342742 0.909311
vt 0.328688 0.897207
vt 0.210904 0.914332
vt 0.218868 0.904497
vt 0.222525 0.919989
vt 0.228265 0.909973
vt 0.302229 0.964205
vt 0.283746 0.963259
vt 0.305988 0.950262
vt 0.109060 0.816336
vt 0.116752 0.778280
vt 0.154797 0.865294
vt 0.344693 0.946239
vt 0.320371 0.939654
vt 0.184198 0.834684
vt 0.192059 0.813236
vt 0.198638 0.827118
vt 0.316484 0.884469
vt 0.270394 0.771779
vt 0.276438 0.758603
vt 0.281659 0.764030
vt 0.244278 0.783257
vt 0.251773 0.772511
vt 0.256224 0.783326
vt 0.248661 0.794675
vt 0.261503 0.794241
vt 0.282468 0.789257
vt 0.286775 0.804704
vt 0.291104 0.821775
vt 0.296268 0.838837
vt 0.302940 0.858625
vt 0.286195 0.771957
vt 0.292943 0.763297
vt 0.239250 0.842462
vt 0.246342 0.824610
vt 0.212497 0.770199
vt 0.227128 0.757615
vt 0.228450 0.770462
vt 0.246359 0.859595
vt 0.223995 0.809212
vt 0.235025 0.795387
vt 0.240160 0.808813
vt 0.251324 0.873605
vt 0.265471 0.872237
vt 0.230814 0.824504
vt 0.226906 0.880664
vt 0.231116 0.860607
vt 0.237706 0.876382
vt 0.208131 0.810256
vt 0.214516 0.824981
vt 0.207943 0.845906
vt 0.222714 0.842614
vt 0.194175 0.770879
vt 0.172089 0.756684
vt 0.191754 0.755956
vt 0.217859 0.864567
vt 0.202690 0.797103
vt 0.175280 0.818933
vt 0.169830 0.805639
vt 0.206238 0.871516
vt 0.216742 0.886654
vt 0.194937 0.853346
vt 0.145682 0.762935
vt 0.154144 0.780420
vt 0.048736 0.906862
vt 0.049605 0.873672
vt 0.063103 0.881686
vt 0.093272 0.928337
vt 0.090591 0.895913
vt 0.092024 0.989823
vt 0.077807 0.978239
vt 0.097802 0.979113
vt 0.124566 0.980647
vt 0.146578 0.991460
vt 0.119640 0.992316
vt 0.097249 0.856279
vt 0.076161 0.888740
vt 0.254045 0.807853
vt 0.069610 0.985769
vt 0.056127 0.971326
vt 0.102080 0.966306
vt 0.130048 0.968694
vt 0.152221 0.979889
vt 0.160650 0.940969
vt 0.139549 0.938256
vt 0.077072 0.963034
vt 0.483946 0.950826
vt 0.231658 0.783408
vt 0.241480 0.771469
vt 0.447339 0.945321
vt 0.377408 0.922691
vt 0.324954 0.908019
vt 0.334536 0.920100
vt 0.316817 0.897641
vt 0.305964 0.878714
vt 0.256521 0.882394
vt 0.268761 0.880962
vt 0.233884 0.892353
vt 0.242636 0.887095
vt 0.226095 0.897704
vt 0.133363 0.954888
vt 0.112893 0.934383
vt 0.157218 0.954633
vt 0.240589 0.760400
vt 0.106982 0.954025
vt 0.031450 0.943969
vt 0.017939 0.946879
vt 0.023550 0.938026
vt 0.316691 0.725623
vt 0.308440 0.738969
vt 0.067032 0.836160
vt 0.286792 0.874281
vt 0.280028 0.881337
vt 0.277023 0.872275
vt 0.062250 0.913104
vt 0.066634 0.943435
vt 0.050557 0.937248
vt 0.027051 0.956362
vt 0.010612 0.956227
vt 0.215538 0.783755
vt 0.077213 0.920248
vt 0.083843 0.950037
vt 0.301111 0.750996
vt 0.162681 0.793610
vt 0.030370 0.923468
vt 0.039043 0.929340
vt 0.180323 0.788074
vt 0.198142 0.784982
vt 0.325570 0.711071
vt 0.059220 0.956655
vt 0.477746 0.956569
vt 0.500414 0.940309
vt 0.500401 0.948696
vt 0.500186 0.954694
vt 0.424818 0.896902
vt 0.435594 0.899060
vt 0.455310 0.902971
vt 0.260133 0.889163
vt 0.239946 0.899404
vt 0.248260 0.893706
vt 0.022614 0.969008
vt 0.040437 0.964277
vt 0.038325 0.977211
vt 0.052279 0.983222
vt 0.085631 0.848331
vt 0.219202 0.795608
vt 0.186028 0.801257
vt 0.339041 0.727027
vt 0.043219 0.950579
vt 0.452714 0.854897
vt 0.451420 0.886768
vt 0.453932 0.870480
vt 0.445448 0.901205
vt 0.436930 0.917143
vt 0.433338 0.926330
vt 0.432354 0.934324
vt 0.439161 0.950375
vt 0.461183 0.855252
vt 0.448040 0.919180
vt 0.434036 0.942317
vt 0.424821 0.948296
vt 0.323630 0.953011
vt 0.258094 0.763681
vt 0.261194 0.772986
vt 0.266476 0.782415
vt 0.276370 0.780031
vt 0.273685 0.792134
vt 0.266658 0.809104
vt 0.277485 0.807933
vt 0.271539 0.825243
vt 0.281792 0.824230
vt 0.277667 0.841039
vt 0.286780 0.840246
vt 0.284144 0.858115
vt 0.293014 0.858274
vt 0.295978 0.875717
vt 0.297180 0.885762
vt 0.265623 0.763934
vt 0.306824 0.890136
vt 0.174661 0.773446
vt 0.233989 0.903793
vt 0.155955 0.968323
vt 0.183391 0.974836
vt 0.179585 0.954395
vt 0.180377 0.942486
vt 0.183071 0.931388
vt 0.198819 0.942857
vt 0.203035 0.963008
vt 0.180217 0.964618
vt 0.200014 0.953206
vt 0.216400 0.937204
vt 0.200423 0.933979
vt 0.223600 0.959175
vt 0.213670 0.971381
vt 0.215968 0.944548
vt 0.217896 0.952018
vt 0.299164 0.893518
vt 0.288449 0.883506
vt 0.281609 0.887761
vt 0.313331 0.904842
vt 0.306301 0.897699
vt 0.319570 0.915343
vt 0.272998 0.887028
vt 0.228997 0.979141
vt 0.237462 0.967253
vt 0.204588 0.983822
vt 0.174811 0.987782
vt 0.204171 0.924784
vt 0.218321 0.929384
vt 0.188457 0.919344
vt 0.252498 0.976819
vt 0.260631 0.968093
vt 0.277934 0.973239
vt 0.231960 0.914129
vt 0.228861 0.922982
vt 0.271603 0.892917
vt 0.260728 0.894652
vt 0.285035 0.957263
vt 0.305278 0.944136
vt 0.243569 0.907055
vt 0.243206 0.913971
vt 0.239577 0.911278
vt 0.320747 0.926148
vt 0.312881 0.936186
vt 0.313155 0.929452
vt 0.303120 0.904365
vt 0.310420 0.910827
vt 0.261335 0.953212
vt 0.269252 0.957085
vt 0.257602 0.956929
vt 0.294427 0.910789
vt 0.293726 0.903936
vt 0.299568 0.907823
vt 0.229241 0.945529
vt 0.232358 0.950860
vt 0.265650 0.962473
vt 0.233451 0.935131
vt 0.239541 0.940763
vt 0.235651 0.940891
vt 0.305412 0.926735
vt 0.309395 0.921208
vt 0.309359 0.927967
vt 0.237682 0.945777
vt 0.281868 0.893567
vt 0.305670 0.920396
vt 0.306514 0.915083
vt 0.253796 0.952199
vt 0.248365 0.954932
vt 0.250265 0.902993
vt 0.247318 0.910305
vt 0.236057 0.908157
vt 0.301920 0.940308
vt 0.309274 0.933794
vt 0.304161 0.941329
vt 0.282447 0.905117
vt 0.279824 0.899143
vt 0.286348 0.900926
vt 0.247259 0.949649
vt 0.249229 0.944883
vt 0.253471 0.947348
vt 0.301939 0.932653
vt 0.302729 0.925994
vt 0.284700 0.951253
vt 0.271275 0.950669
vt 0.283592 0.948613
vt 0.291834 0.913163
vt 0.288916 0.907896
vt 0.244074 0.940603
vt 0.242901 0.945892
vt 0.296922 0.940153
vt 0.252615 0.907563
vt 0.250544 0.913717
vt 0.302715 0.921220
vt 0.258125 0.949146
vt 0.242810 0.920933
vt 0.246581 0.916571
vt 0.262090 0.908389
vt 0.267720 0.903158
vt 0.268084 0.907000
vt 0.275893 0.906911
vt 0.302000 0.915766
vt 0.305289 0.932681
vt 0.241429 0.934960
vt 0.237987 0.934025
vt 0.280595 0.908501
vt 0.276423 0.903199
vt 0.238210 0.924831
vt 0.240671 0.926657
vt 0.264020 0.949731
vt 0.270772 0.953565
vt 0.298506 0.916074
vt 0.245506 0.936633
vt 0.274924 0.909510
vt 0.245854 0.923982
vt 0.244189 0.929643
vt 0.265517 0.947402
vt 0.294746 0.917798
vt 0.290595 0.915489
vt 0.253016 0.943935
vt 0.256478 0.945439
vt 0.299130 0.927178
vt 0.298727 0.933533
vt 0.271842 0.948275
vt 0.282504 0.946658
vt 0.287855 0.910944
vt 0.248747 0.940890
vt 0.294047 0.940516
vt 0.254964 0.911561
vt 0.252556 0.916975
vt 0.297813 0.922445
vt 0.260535 0.946558
vt 0.248710 0.919983
vt 0.263125 0.911762
vt 0.269458 0.909682
vt 0.263304 0.944342
vt 0.266741 0.946076
vt 0.261657 0.945213
vt 0.294598 0.925660
vt 0.292221 0.920376
vt 0.295816 0.923991
vt 0.254269 0.919253
vt 0.252641 0.923394
vt 0.251287 0.922234
vt 0.290942 0.940191
vt 0.292660 0.936482
vt 0.295514 0.935179
vt 0.248550 0.936272
vt 0.252920 0.940009
vt 0.250564 0.940622
vt 0.278595 0.913552
vt 0.275106 0.911325
vt 0.279446 0.912268
vt 0.268061 0.944945
vt 0.272903 0.946006
vt 0.287005 0.919383
vt 0.283785 0.914570
vt 0.288356 0.918284
vt 0.255152 0.943214
vt 0.258459 0.916536
vt 0.255672 0.920697
vt 0.297075 0.928420
vt 0.278068 0.943006
vt 0.273064 0.945103
vt 0.273041 0.944096
vt 0.286676 0.939561
vt 0.278934 0.943874
vt 0.251651 0.926834
vt 0.253760 0.924353
vt 0.267019 0.915559
vt 0.271780 0.912807
vt 0.271840 0.913811
vt 0.274142 0.913395
vt 0.249648 0.930086
vt 0.251803 0.930342
vt 0.289412 0.923786
vt 0.285867 0.920514
vt 0.259448 0.943370
vt 0.256862 0.941670
vt 0.260603 0.942678
vt 0.293001 0.929509
vt 0.289946 0.936699
vt 0.280579 0.933316
vt 0.282047 0.930793
vt 0.282722 0.932747
vt 0.268252 0.940308
vt 0.270168 0.941605
vt 0.267022 0.941604
vt 0.262068 0.929947
vt 0.264319 0.928781
vt 0.263817 0.930673
vt 0.282328 0.935362
vt 0.278975 0.935127
vt 0.276018 0.922301
vt 0.276341 0.925582
vt 0.274512 0.924706
vt 0.265260 0.923389
vt 0.265097 0.927071
vt 0.263524 0.925359
vt 0.271279 0.924187
vt 0.273484 0.921592
vt 0.272720 0.924663
vt 0.280066 0.930875
vt 0.281356 0.928759
vt 0.262578 0.927666
vt 0.277293 0.936392
vt 0.275519 0.939577
vt 0.275602 0.937621
vt 0.269371 0.924505
vt 0.271382 0.921221
vt 0.261458 0.934879
vt 0.263616 0.935706
vt 0.261405 0.936876
vt 0.273719 0.917807
vt 0.268795 0.921775
vt 0.270660 0.917985
vt 0.258911 0.929090
vt 0.269484 0.942764
vt 0.265942 0.942361
vt 0.264594 0.940333
vt 0.288840 0.930975
vt 0.288533 0.928190
vt 0.263991 0.921259
vt 0.261280 0.923841
vt 0.280474 0.937024
vt 0.275872 0.941113
vt 0.260050 0.939696
vt 0.259199 0.937751
vt 0.283272 0.924115
vt 0.278364 0.923991
vt 0.280215 0.920846
vt 0.272919 0.941176
vt 0.285951 0.935676
vt 0.263067 0.941270
vt 0.262599 0.938897
vt 0.280822 0.926350
vt 0.285399 0.926099
vt 0.272814 0.942646
vt 0.258853 0.931664
vt 0.261575 0.931931
vt 0.276583 0.919014
vt 0.258903 0.935457
vt 0.258188 0.944328
vt 0.280010 0.945181
vt 0.250421 0.762422
vt 0.290528 0.890237
vt 0.240876 0.950110
vt 0.285317 0.912475
vt 0.282060 0.915772
vt 0.283477 0.937620
vt 0.259616 0.926600
vt 0.280563 0.918008
vt 0.280772 0.916762
vt 0.256634 0.938348
vt 0.254724 0.938723
vt 0.260742 0.919253
vt 0.258648 0.922572
vt 0.256585 0.921639
vt 0.290708 0.930367
vt 0.292080 0.927082
vt 0.265024 0.943137
vt 0.268701 0.944262
vt 0.264264 0.943591
vt 0.289972 0.927373
vt 0.255883 0.925738
vt 0.287704 0.936420
vt 0.255709 0.935561
vt 0.253644 0.935520
vt 0.276775 0.915646
vt 0.277817 0.914537
vt 0.269290 0.943598
vt 0.261615 0.941988
vt 0.295142 0.929826
vt 0.271507 0.911306
vt 0.274413 0.912425
vt 0.280374 0.910747
vt 0.273313 0.939212
vt 0.290815 0.922387
vt 0.263104 0.931717
vt 0.288222 0.940011
vt 0.266251 0.915048
vt 0.250412 0.925745
vt 0.256018 0.942587
vt 0.265485 0.913341
vt 0.247900 0.929249
vt 0.256766 0.914414
vt 0.249006 0.925122
vt 0.278081 0.927178
vt 0.266271 0.939135
vt 0.264690 0.937395
vt 0.267488 0.935884
vt 0.268641 0.937551
vt 0.270514 0.940326
vt 0.269717 0.938634
vt 0.271462 0.938635
vt 0.273438 0.937882
vt 0.275202 0.936650
vt 0.276509 0.935451
vt 0.277486 0.934082
vt 0.278283 0.932331
vt 0.278240 0.930238
vt 0.279002 0.928992
vt 0.277620 0.928490
vt 0.276502 0.927577
vt 0.274973 0.926761
vt 0.273342 0.926263
vt 0.271885 0.926675
vt 0.270945 0.926955
vt 0.270037 0.927257
vt 0.267656 0.929320
vt 0.266370 0.925983
vt 0.268899 0.928458
vt 0.266461 0.930479
vt 0.265772 0.931758
vt 0.264782 0.932482
vt 0.264580 0.934116
vt 0.263025 0.934244
vt 0.265751 0.934948
vt 0.272943 0.927569
vt 0.267636 0.933961
vt 0.254577 0.930910
vt 0.274375 0.928081
vt 0.275895 0.929020
vt 0.269251 0.934744
vt 0.271867 0.933781
vt 0.270224 0.935887
vt 0.269468 0.931157
vt 0.270440 0.933042
vt 0.268849 0.932632
vt 0.271705 0.936685
vt 0.273547 0.934600
vt 0.273603 0.936752
vt 0.274988 0.934906
vt 0.276132 0.933168
vt 0.274466 0.932385
vt 0.272762 0.931744
vt 0.274669 0.930209
vt 0.272900 0.929223
vt 0.271628 0.928140
vt 0.270043 0.929894
vt 0.271159 0.931390
vt 0.271611 0.929576
vt 0.270446 0.928629
vt 0.276495 0.931490
vt 0.276273 0.942022
vt 0.272807 0.943449
vt 0.285371 0.938327
vt 0.254911 0.928064
vt 0.270938 0.915166
vt 0.267204 0.916607
vt 0.273619 0.914694
vt 0.287698 0.924259
vt 0.285053 0.921579
vt 0.258312 0.940692
vt 0.259798 0.918592
vt 0.251235 0.935767
vt 0.267946 0.919032
vt 0.262134 0.919752
vt 0.235633 0.917661
vt 0.240136 0.918696
vt 0.259265 0.899538
vt 0.260119 0.905050
vt 0.285704 0.953201
vt 0.241551 0.902878
vt 0.247258 0.961459
vt 0.296567 0.899118
vt 0.227888 0.939290
vt 0.227848 0.931566
vt 0.314713 0.919783
vt 0.269878 0.898399
vt 0.236582 0.957064
vt 0.249758 0.898037
vt 0.289280 0.896127
vt 0.231981 0.924974
vt 0.197496 0.906194
vt 0.091397 0.800402
vt 0.500118 0.849803
vt 0.285094 0.739699
vt 0.298487 0.717033
vt 0.210623 0.756217
vt 0.039190 0.900347
vt 0.499894 0.959217
vt 0.893400 0.903812
vt 0.877135 0.875836
vt 0.889046 0.866090
vt 0.513700 0.957240
vt 0.505642 0.957739
vt 0.507777 0.952488
vt 0.595630 0.934591
vt 0.611282 0.932408
vt 0.608256 0.942342
vt 0.631192 0.908208
vt 0.622673 0.898038
vt 0.639522 0.889907
vt 0.611678 0.886655
vt 0.629147 0.878837
vt 0.605603 0.876828
vt 0.624532 0.869529
vt 0.600026 0.865833
vt 0.619399 0.860775
vt 0.598919 0.855310
vt 0.614455 0.851170
vt 0.602575 0.916082
vt 0.596065 0.906775
vt 0.608271 0.903112
vt 0.585268 0.894280
vt 0.596406 0.891138
vt 0.577674 0.880750
vt 0.589193 0.879592
vt 0.573812 0.867256
vt 0.584905 0.867026
vt 0.574317 0.854201
vt 0.585477 0.855186
vt 0.630011 0.931022
vt 0.630021 0.941571
vt 0.519578 0.944355
vt 0.509400 0.945683
vt 0.510304 0.937321
vt 0.520708 0.938115
vt 0.509977 0.924653
vt 0.516293 0.905468
vt 0.520695 0.924087
vt 0.513555 0.887984
vt 0.507761 0.905771
vt 0.521930 0.871545
vt 0.530038 0.871522
vt 0.530636 0.888316
vt 0.513975 0.870793
vt 0.515849 0.854707
vt 0.523320 0.855865
vt 0.506613 0.887427
vt 0.506208 0.869786
vt 0.531134 0.855614
vt 0.534217 0.904228
vt 0.539599 0.887694
vt 0.508105 0.852813
vt 0.564165 0.867980
vt 0.565184 0.853552
vt 0.567956 0.882710
vt 0.580761 0.938100
vt 0.592208 0.944860
vt 0.616066 0.913103
vt 0.648637 0.864658
vt 0.640643 0.842929
vt 0.644205 0.854028
vt 0.674666 0.854612
vt 0.657495 0.875001
vt 0.664855 0.845793
vt 0.659029 0.835720
vt 0.652272 0.824479
vt 0.633325 0.830535
vt 0.687344 0.832437
vt 0.676226 0.825239
vt 0.667933 0.816998
vt 0.656993 0.808522
vt 0.642374 0.813942
vt 0.695551 0.811484
vt 0.683404 0.805096
vt 0.673251 0.796860
vt 0.660132 0.788992
vt 0.643361 0.799443
vt 0.699946 0.791404
vt 0.688925 0.781108
vt 0.679223 0.771250
vt 0.666411 0.761756
vt 0.646067 0.780266
vt 0.705224 0.774272
vt 0.695631 0.762503
vt 0.687488 0.751478
vt 0.677381 0.739703
vt 0.653610 0.754967
vt 0.724695 0.754408
vt 0.717692 0.758467
vt 0.712209 0.745860
vt 0.702713 0.735309
vt 0.711849 0.730232
vt 0.697200 0.723121
vt 0.689025 0.703788
vt 0.698682 0.700872
vt 0.849632 0.816950
vt 0.858577 0.805893
vt 0.879807 0.825704
vt 0.868965 0.793038
vt 0.828515 0.844953
vt 0.839337 0.828922
vt 0.856970 0.849289
vt 0.792858 0.893304
vt 0.805745 0.878653
vt 0.817800 0.892044
vt 0.867946 0.838275
vt 0.817565 0.862129
vt 0.829386 0.878613
vt 0.851278 0.919205
vt 0.834132 0.925561
vt 0.828728 0.909202
vt 0.739611 0.858722
vt 0.727349 0.856736
vt 0.734181 0.841032
vt 0.874224 0.910957
vt 0.858211 0.888011
vt 0.842064 0.898016
vt 0.746305 0.841567
vt 0.742018 0.824913
vt 0.647379 0.899364
vt 0.684822 0.861673
vt 0.665366 0.884629
vt 0.695832 0.837087
vt 0.703260 0.817411
vt 0.707561 0.798923
vt 0.712628 0.782465
vt 0.649823 0.929389
vt 0.528220 0.950242
vt 0.540568 0.948295
vt 0.536474 0.955094
vt 0.549763 0.952753
vt 0.555973 0.929248
vt 0.544441 0.932802
vt 0.541597 0.920646
vt 0.524940 0.905210
vt 0.521997 0.888555
vt 0.538136 0.871216
vt 0.532061 0.935643
vt 0.531352 0.922881
vt 0.530865 0.943841
vt 0.543739 0.940505
vt 0.556605 0.937692
vt 0.579145 0.922746
vt 0.574158 0.913801
vt 0.585059 0.910174
vt 0.558236 0.884878
vt 0.555316 0.869266
vt 0.556345 0.854177
vt 0.594054 0.926492
vt 0.590586 0.919251
vt 0.641236 0.917477
vt 0.581384 0.929897
vt 0.607872 0.924354
vt 0.671810 0.895896
vt 0.657754 0.908035
vt 0.788741 0.912819
vt 0.780904 0.902959
vt 0.777162 0.918430
vt 0.771529 0.908400
vt 0.697358 0.963139
vt 0.694152 0.948427
vt 0.715883 0.961406
vt 0.891309 0.815589
vt 0.883824 0.777397
vt 0.845091 0.864120
vt 0.655345 0.945628
vt 0.680051 0.938075
vt 0.816279 0.833550
vt 0.802215 0.826156
vt 0.808950 0.812366
vt 0.684199 0.883283
vt 0.733403 0.772883
vt 0.722412 0.765431
vt 0.727628 0.759990
vt 0.758696 0.783663
vt 0.747041 0.783970
vt 0.751599 0.773218
vt 0.754170 0.794994
vt 0.741608 0.794793
vt 0.721017 0.790173
vt 0.716201 0.805251
vt 0.711277 0.821888
vt 0.705660 0.838616
vt 0.698362 0.857925
vt 0.711315 0.764894
vt 0.717857 0.773344
vt 0.762050 0.841746
vt 0.755613 0.824330
vt 0.789777 0.770085
vt 0.774284 0.770673
vt 0.775716 0.757891
vt 0.754627 0.858670
vt 0.777880 0.808861
vt 0.762110 0.808737
vt 0.767448 0.795436
vt 0.749265 0.872405
vt 0.735253 0.871093
vt 0.770827 0.824010
vt 0.773280 0.879290
vt 0.762742 0.875134
vt 0.769571 0.859515
vt 0.786750 0.824252
vt 0.793309 0.809629
vt 0.792665 0.844795
vt 0.778278 0.841716
vt 0.807587 0.770429
vt 0.810110 0.755550
vt 0.829288 0.755986
vt 0.782501 0.863305
vt 0.798872 0.796546
vt 0.825333 0.817881
vt 0.830907 0.804653
vt 0.783221 0.885198
vt 0.793846 0.870144
vt 0.805336 0.852094
vt 0.846673 0.779479
vt 0.855170 0.761996
vt 0.950572 0.907306
vt 0.936638 0.881751
vt 0.950284 0.873990
vt 0.905675 0.927923
vt 0.908904 0.895511
vt 0.906318 0.989563
vt 0.900453 0.978872
vt 0.920371 0.978493
vt 0.873865 0.980036
vt 0.879018 0.992098
vt 0.852031 0.991001
vt 0.902775 0.855730
vt 0.923451 0.888573
vt 0.748551 0.808023
vt 0.928476 0.986531
vt 0.941971 0.971963
vt 0.868481 0.967793
vt 0.896241 0.965752
vt 0.846376 0.979051
vt 0.838430 0.939794
vt 0.859444 0.937249
vt 0.921109 0.962977
vt 0.517257 0.950975
vt 0.770956 0.783544
vt 0.761625 0.771960
vt 0.553589 0.945051
vt 0.623317 0.921790
vt 0.675407 0.906557
vt 0.665875 0.918673
vt 0.683643 0.896253
vt 0.694831 0.877599
vt 0.743863 0.881038
vt 0.731747 0.879656
vt 0.766196 0.890899
vt 0.757570 0.885676
vt 0.773816 0.896192
vt 0.865367 0.953949
vt 0.886025 0.933674
vt 0.841681 0.953496
vt 0.762622 0.760965
vt 0.891576 0.953400
vt 0.966951 0.944962
vt 0.975005 0.939257
vt 0.980468 0.948200
vt 0.696155 0.740913
vt 0.687936 0.727629
vt 0.933275 0.836029
vt 0.714049 0.873195
vt 0.723761 0.871155
vt 0.720563 0.880068
vt 0.936925 0.913253
vt 0.948062 0.937705
vt 0.931894 0.943543
vt 0.971505 0.957282
vt 0.988539 0.956924
vt 0.786598 0.783556
vt 0.921839 0.920107
vt 0.914644 0.949811
vt 0.703359 0.752809
vt 0.838100 0.792648
vt 0.968583 0.924453
vt 0.959753 0.930087
vt 0.820853 0.787293
vt 0.803499 0.784467
vt 0.678955 0.713044
vt 0.938945 0.956935
vt 0.524472 0.956487
vt 0.564924 0.898709
vt 0.575706 0.896466
vt 0.545223 0.902752
vt 0.740112 0.887698
vt 0.760037 0.897864
vt 0.751839 0.892194
vt 0.976643 0.969733
vt 0.960873 0.978145
vt 0.958021 0.965028
vt 0.946511 0.984841
vt 0.914504 0.847939
vt 0.782839 0.795356
vt 0.815079 0.800443
vt 0.665470 0.728990
vt 0.955028 0.951239
vt 0.547507 0.854707
vt 0.548991 0.886535
vt 0.546360 0.870272
vt 0.555081 0.900926
vt 0.563739 0.916815
vt 0.567413 0.925994
vt 0.568467 0.934004
vt 0.563480 0.949505
vt 0.539033 0.855090
vt 0.552629 0.918919
vt 0.566948 0.941960
vt 0.577049 0.946758
vt 0.676377 0.952281
vt 0.742399 0.773890
vt 0.745557 0.764630
vt 0.737027 0.783271
vt 0.727400 0.781136
vt 0.729733 0.792955
vt 0.736172 0.809471
vt 0.725403 0.808377
vt 0.730729 0.825214
vt 0.720520 0.824260
vt 0.724063 0.840626
vt 0.714971 0.839866
vt 0.717050 0.857306
vt 0.708306 0.857567
vt 0.704875 0.874639
vt 0.703445 0.884497
vt 0.738224 0.765062
vt 0.693739 0.888822
vt 0.826603 0.772708
vt 0.765915 0.902242
vt 0.842780 0.967237
vt 0.815426 0.973758
vt 0.819463 0.953122
vt 0.818806 0.941191
vt 0.816249 0.930059
vt 0.800479 0.941460
vt 0.796048 0.961635
vt 0.818723 0.963372
vt 0.799174 0.951824
vt 0.783087 0.935704
vt 0.798980 0.932556
vt 0.775653 0.957668
vt 0.785298 0.970088
vt 0.781421 0.950536
vt 0.783431 0.943064
vt 0.701310 0.892127
vt 0.712174 0.882246
vt 0.718845 0.886383
vt 0.687001 0.903329
vt 0.694126 0.896264
vt 0.680696 0.913773
vt 0.727385 0.885620
vt 0.769919 0.978078
vt 0.761735 0.965671
vt 0.823860 0.987069
vt 0.794209 0.982930
vt 0.781260 0.927860
vt 0.795347 0.923323
vt 0.811015 0.917963
vt 0.746545 0.975627
vt 0.738708 0.966430
vt 0.721289 0.971956
vt 0.770853 0.921404
vt 0.767827 0.912541
vt 0.739424 0.893120
vt 0.728661 0.891425
vt 0.694862 0.942328
vt 0.714725 0.955373
vt 0.756339 0.905454
vt 0.760272 0.909673
vt 0.756636 0.912342
vt 0.679536 0.924549
vt 0.687053 0.927759
vt 0.687366 0.934487
vt 0.697178 0.902821
vt 0.689819 0.909226
vt 0.738290 0.951464
vt 0.741935 0.955195
vt 0.730375 0.955285
vt 0.705742 0.909141
vt 0.700665 0.906225
vt 0.706528 0.902367
vt 0.767077 0.949293
vt 0.770245 0.943976
vt 0.733848 0.960672
vt 0.766201 0.933542
vt 0.763948 0.939294
vt 0.760092 0.939141
vt 0.694724 0.924998
vt 0.690808 0.926245
vt 0.690766 0.919514
vt 0.761867 0.944173
vt 0.718474 0.892100
vt 0.694479 0.918694
vt 0.693657 0.913418
vt 0.745787 0.950493
vt 0.751131 0.953261
vt 0.749715 0.901394
vt 0.752569 0.908670
vt 0.763808 0.906578
vt 0.698180 0.938506
vt 0.695967 0.939530
vt 0.690913 0.932061
vt 0.717711 0.903504
vt 0.713908 0.899378
vt 0.720407 0.897596
vt 0.752311 0.947985
vt 0.746178 0.945647
vt 0.750422 0.943206
vt 0.697390 0.924250
vt 0.698168 0.930881
vt 0.715131 0.949398
vt 0.716258 0.946773
vt 0.728463 0.948882
vt 0.708288 0.911479
vt 0.711248 0.906263
vt 0.755593 0.938954
vt 0.756691 0.944255
vt 0.703112 0.938344
vt 0.747316 0.905923
vt 0.749324 0.912055
vt 0.697420 0.919504
vt 0.741534 0.947419
vt 0.756985 0.919292
vt 0.753254 0.914919
vt 0.737883 0.906730
vt 0.731947 0.905353
vt 0.732359 0.901546
vt 0.724195 0.905271
vt 0.698162 0.914091
vt 0.694852 0.930924
vt 0.758275 0.933322
vt 0.761704 0.932406
vt 0.719507 0.906851
vt 0.723717 0.901596
vt 0.761547 0.923211
vt 0.759084 0.925022
vt 0.735675 0.947976
vt 0.728922 0.951770
vt 0.701624 0.914377
vt 0.754209 0.934974
vt 0.725127 0.907848
vt 0.755564 0.927992
vt 0.753938 0.922325
vt 0.734218 0.945646
vt 0.709498 0.913783
vt 0.705348 0.916075
vt 0.743215 0.943722
vt 0.746672 0.942237
vt 0.700954 0.925412
vt 0.701344 0.931749
vt 0.717358 0.944830
vt 0.727932 0.946494
vt 0.712268 0.909278
vt 0.750947 0.939215
vt 0.705952 0.938702
vt 0.744941 0.909894
vt 0.747299 0.915297
vt 0.702278 0.920698
vt 0.739173 0.944822
vt 0.751113 0.918317
vt 0.736821 0.910081
vt 0.730546 0.908010
vt 0.736448 0.942598
vt 0.738075 0.943475
vt 0.733018 0.944317
vt 0.705453 0.923886
vt 0.704251 0.922227
vt 0.707844 0.918631
vt 0.745582 0.917563
vt 0.748537 0.920554
vt 0.747183 0.921707
vt 0.709023 0.938375
vt 0.704517 0.933381
vt 0.707335 0.934676
vt 0.751186 0.934599
vt 0.749144 0.938938
vt 0.746808 0.938312
vt 0.721439 0.911859
vt 0.720607 0.910586
vt 0.724927 0.909648
vt 0.731720 0.943182
vt 0.726904 0.944224
vt 0.713030 0.917643
vt 0.711698 0.916553
vt 0.716267 0.912864
vt 0.744558 0.941505
vt 0.741424 0.914840
vt 0.744179 0.919001
vt 0.702987 0.926641
vt 0.721801 0.941212
vt 0.726786 0.942318
vt 0.726754 0.943323
vt 0.713261 0.937752
vt 0.720930 0.942075
vt 0.748152 0.925151
vt 0.746066 0.922661
vt 0.732911 0.913849
vt 0.728140 0.912112
vt 0.728208 0.911114
vt 0.725864 0.911704
vt 0.750130 0.928410
vt 0.747985 0.928656
vt 0.714152 0.918768
vt 0.710611 0.922020
vt 0.740289 0.941643
vt 0.739148 0.940947
vt 0.742874 0.939954
vt 0.707024 0.927719
vt 0.710024 0.934893
vt 0.719354 0.931539
vt 0.717225 0.930966
vt 0.717903 0.929018
vt 0.731573 0.938552
vt 0.732783 0.939851
vt 0.729660 0.939840
vt 0.737778 0.928220
vt 0.736037 0.928942
vt 0.735545 0.927050
vt 0.720943 0.933350
vt 0.717606 0.933576
vt 0.723932 0.920560
vt 0.725419 0.922959
vt 0.723596 0.923829
vt 0.734626 0.921662
vt 0.736347 0.923633
vt 0.734778 0.925340
vt 0.728637 0.922448
vt 0.727202 0.922920
vt 0.726456 0.919858
vt 0.719873 0.929105
vt 0.718597 0.926990
vt 0.737281 0.925940
vt 0.722610 0.934616
vt 0.724286 0.935847
vt 0.724358 0.937799
vt 0.730534 0.922770
vt 0.728548 0.919491
vt 0.738359 0.933151
vt 0.738398 0.935148
vt 0.736212 0.933972
vt 0.726247 0.916089
vt 0.731115 0.920046
vt 0.729281 0.916266
vt 0.740921 0.927375
vt 0.733849 0.940611
vt 0.730329 0.940999
vt 0.735206 0.938591
vt 0.711150 0.929186
vt 0.711464 0.926409
vt 0.735895 0.919537
vt 0.738585 0.922123
vt 0.719443 0.935238
vt 0.723998 0.939329
vt 0.740582 0.936030
vt 0.739724 0.937970
vt 0.716708 0.922355
vt 0.719765 0.919104
vt 0.721589 0.922239
vt 0.726932 0.939403
vt 0.714001 0.933879
vt 0.736714 0.939532
vt 0.737199 0.937164
vt 0.719135 0.924588
vt 0.714586 0.924330
vt 0.727024 0.940870
vt 0.740966 0.929946
vt 0.738259 0.930204
vt 0.723391 0.917287
vt 0.740892 0.933738
vt 0.741530 0.942605
vt 0.719854 0.943359
vt 0.753044 0.763200
vt 0.709954 0.888862
vt 0.758637 0.948489
vt 0.714765 0.910787
vt 0.717969 0.914056
vt 0.716453 0.935823
vt 0.740231 0.924884
vt 0.719241 0.915041
vt 0.719439 0.916280
vt 0.743128 0.936636
vt 0.745025 0.937019
vt 0.739136 0.917542
vt 0.743266 0.919938
vt 0.741209 0.920863
vt 0.709296 0.928576
vt 0.707948 0.925301
vt 0.734754 0.941389
vt 0.735503 0.941845
vt 0.731092 0.942498
vt 0.710039 0.925592
vt 0.743947 0.924037
vt 0.712254 0.934616
vt 0.744066 0.933854
vt 0.746122 0.933823
vt 0.723226 0.913938
vt 0.722202 0.912837
vt 0.730513 0.941834
vt 0.738150 0.940255
vt 0.704900 0.928038
vt 0.728494 0.909624
vt 0.725604 0.910740
vt 0.719701 0.909077
vt 0.726554 0.937441
vt 0.709227 0.920629
vt 0.736741 0.929986
vt 0.711722 0.938200
vt 0.733680 0.913342
vt 0.749391 0.924067
vt 0.743703 0.940874
vt 0.734457 0.911646
vt 0.751874 0.927580
vt 0.743124 0.912730
vt 0.750794 0.923451
vt 0.721859 0.925419
vt 0.733550 0.937388
vt 0.735134 0.935656
vt 0.731206 0.935797
vt 0.732363 0.934136
vt 0.729327 0.938562
vt 0.730130 0.936874
vt 0.728396 0.936871
vt 0.724689 0.934879
vt 0.726437 0.936114
vt 0.723394 0.933680
vt 0.721641 0.930562
vt 0.722427 0.932311
vt 0.721692 0.928473
vt 0.720938 0.927228
vt 0.723429 0.925820
vt 0.722314 0.926729
vt 0.726577 0.924514
vt 0.724952 0.925007
vt 0.728960 0.925211
vt 0.728025 0.924929
vt 0.729862 0.925516
vt 0.732226 0.927581
vt 0.730991 0.926717
vt 0.733514 0.924251
vt 0.733410 0.928742
vt 0.734090 0.930021
vt 0.735070 0.930748
vt 0.735263 0.932380
vt 0.736807 0.932513
vt 0.734095 0.933208
vt 0.726969 0.925819
vt 0.732226 0.932216
vt 0.745222 0.929213
vt 0.725543 0.926327
vt 0.724028 0.927261
vt 0.730615 0.932992
vt 0.729642 0.934130
vt 0.728018 0.932023
vt 0.730416 0.929410
vt 0.731025 0.930885
vt 0.729441 0.931290
vt 0.728166 0.934923
vt 0.726343 0.932837
vt 0.726279 0.934985
vt 0.724909 0.933140
vt 0.723779 0.931403
vt 0.725438 0.930624
vt 0.727135 0.929987
vt 0.725243 0.928451
vt 0.727007 0.927470
vt 0.728276 0.926392
vt 0.729848 0.928148
vt 0.728732 0.929638
vt 0.728289 0.927825
vt 0.729451 0.926884
vt 0.723423 0.929727
vt 0.723593 0.940234
vt 0.727024 0.941673
vt 0.714566 0.936522
vt 0.744904 0.926367
vt 0.732720 0.914892
vt 0.729024 0.913460
vt 0.726372 0.912994
vt 0.714953 0.919828
vt 0.712310 0.922491
vt 0.741442 0.938971
vt 0.740080 0.916886
vt 0.748519 0.934081
vt 0.731970 0.917309
vt 0.737748 0.918037
vt 0.759660 0.917071
vt 0.764150 0.916056
vt 0.740806 0.897956
vt 0.739883 0.903417
vt 0.714115 0.951334
vt 0.758394 0.901308
vt 0.752120 0.959792
vt 0.703787 0.897628
vt 0.771793 0.930002
vt 0.771671 0.937737
vt 0.685493 0.918135
vt 0.730284 0.896837
vt 0.762788 0.955475
vt 0.750280 0.896478
vt 0.711082 0.894657
vt 0.767744 0.923387
vt 0.802137 0.904743
vt 0.909137 0.799835
vt 0.719186 0.741348
vt 0.706019 0.718924
vt 0.791757 0.756160
vt 0.960259 0.901016
vt 0.532282 0.960857
vt 0.560667 0.954912
vt 0.551350 0.958580
vt 0.191431 0.991545
vt 0.542463 0.957795
vt 0.414628 0.951153
vt 0.892550 0.994714
vt 0.882203 0.998186
vt 0.602988 0.948478
vt 0.152773 0.995460
vt 0.146857 0.995526
vt 0.132487 0.998733
vt 0.123595 0.997308
vt 0.682612 0.961647
vt 0.446182 0.958041
vt 0.433622 0.954704
vt 0.638649 0.951706
vt 0.627952 0.948848
vt 0.326961 0.957873
vt 0.316700 0.961923
vt 0.757527 0.981226
vt 0.745497 0.982761
vt 0.690900 0.964962
vt 0.472151 0.960676
vt 0.943065 0.989566
vt 0.936822 0.988963
vt 0.706267 0.971281
vt 0.807222 0.990877
vt 0.794510 0.989513
vt 0.731710 0.979157
vt 0.573237 0.953764
vt 0.766526 0.982714
vt 0.776124 0.984613
vt 0.241321 0.982156
vt 0.714553 0.978875
vt 0.661233 0.956206
vt 0.650998 0.952196
vt 0.819940 0.992341
vt 0.845840 0.995121
vt 0.832297 0.995530
vt 0.423706 0.954821
vt 0.594406 0.951312
vt 0.584799 0.950668
vt 0.860466 0.995353
vt 0.524600 0.960597
vt 0.518620 0.961075
vt 0.875297 0.997340
vt 0.166327 0.995937
vt 0.253225 0.983662
vt 0.916667 0.991456
vt 0.178703 0.992919
vt 0.928261 0.992155
vt 0.951944 0.988057
vt 0.947548 0.988361
vt 0.957553 0.985281
vt 0.967841 0.986324
vt 0.975355 0.979351
vt 0.986689 0.975960
vt 0.990987 0.968574
vt 0.998733 0.964153
vt 0.008963 0.968080
vt 0.001033 0.964045
vt 0.013359 0.975606
vt 0.024448 0.978724
vt 0.032368 0.985625
vt 0.042284 0.984221
vt 0.053879 0.987236
vt 0.048707 0.987039
vt 0.060948 0.988460
vt 0.068231 0.989472
vt 0.074977 0.991762
vt 0.081298 0.990507
vt 0.087859 0.992465
vt 0.092309 0.993134
vt 0.097590 0.995349
vt 0.106645 0.994666
vt 0.116897 0.998040
vt 0.138225 0.995569
vt 0.902770 0.995544
vt 0.308461 0.965393
vt 0.204202 0.990244
vt 0.216435 0.990994
vt 0.222747 0.985420
vt 0.866349 0.998733
vt 0.232353 0.983583
vt 0.616339 0.949971
vt 0.267156 0.980127
vt 0.292978 0.972039
vt 0.284354 0.979641
vt 0.303423 0.968845
vt 0.360983 0.951944
vt 0.382797 0.950402
vt 0.338234 0.956133
vt 0.348651 0.952250
vt 0.371656 0.949273
vt 0.392607 0.949454
vt 0.456844 0.958206
vt 0.782364 0.990306
vt 0.672490 0.957758
vt 0.464950 0.961996
vt 0.478866 0.961877
vt 0.483883 0.960071
vt 0.490287 0.961230
vt 0.495882 0.961124
vt 0.499646 0.962718
vt 0.503568 0.961228
vt 0.508789 0.961542
vt 0.513531 0.961042
vt 0.402048 0.950510
vt 0.851780 0.995218
vt 0.695813 0.968326
vt 0.909007 0.992805
vt 0.923748 0.990715
s 1
f 846/1/1 1725/2/2 347/3/3
f 846/1/1 1726/4/4 345/5/5
f 846/1/1 1727/6/6 346/7/7
f 846/1/1 1728/8/8 349/9/9
f 847/10/10 1729/11/11 763/12/12
f 847/10/10 1730/13/13 762/14/14
f 847/10/10 1731/15/15 764/16/16
f 847/10/10 1732/17/17 766/18/18
f 848/19/19 1733/20/20 354/21/21
f 848/19/19 1734/22/22 348/23/23
f 848/19/19 1735/24/24 281/25/25
f 848/19/19 1736/26/26 282/27/27
f 849/28/28 1737/29/29 707/30/30
f 849/28/28 1738/31/31 765/32/32
f 849/28/28 1739/33/33 771/34/34
f 849/28/28 1740/35/35 708/36/36
f 850/37/37 1741/38/38 342/39/39
f 850/37/37 1726/4/4 346/7/7
f 850/37/37 1742/40/40 345/5/5
f 850/37/37 1743/41/41 350/42/42
f 851/43/43 1729/11/11 762/14/14
f 851/43/43 1744/44/44 763/12/12
f 851/43/43 1745/45/45 759/46/46
f 851/43/43 1746/47/47 767/48/48
f 852/49/49 1741/38/38 346/7/7
f 852/49/49 1747/50/50 342/39/39
f 852/49/49 1748/51/51 343/52/52
f 852/49/49 1749/53/53 348/23/23
f 853/54/54 1750/55/55 760/56/56
f 853/54/54 1744/44/44 759/46/46
f 853/54/54 1751/57/57 763/12/12
f 853/54/54 1752/58/58 765/32/32
f 854/59/59 1753/60/60 338/61/61
f 854/59/59 1728/8/8 347/3/3
f 854/59/59 1754/62/62 349/9/9
f 854/59/59 1755/63/63 341/64/64
f 855/65/65 1731/15/15 766/18/18
f 855/65/65 1756/66/66 764/16/16
f 855/65/65 1757/67/67 755/68/68
f 855/65/65 1758/69/69 758/70/70
f 856/71/71 1759/72/72 311/73/73
f 856/71/71 1760/74/74 278/75/75
f 856/71/71 1761/76/76 279/77/77
f 856/71/71 1762/78/78 312/79/79
f 857/80/80 1763/81/81 705/82/82
f 857/80/80 1764/83/83 704/84/84
f 857/80/80 1765/85/85 732/86/86
f 857/80/80 1766/87/87 733/88/88
f 858/89/89 1767/90/90 12/91/91
f 858/89/89 1768/92/92 394/93/93
f 858/89/89 1769/94/94 2/95/95
f 858/89/89 1770/96/96 3/97/97
f 859/98/98 1771/99/99 446/100/100
f 859/98/98 1772/101/101 808/102/102
f 859/98/98 1773/103/103 455/104/104
f 859/98/98 1774/105/105 447/106/106
f 860/107/107 1775/108/108 355/109/109
f 860/107/107 1736/26/26 354/21/21
f 860/107/107 1776/110/110 282/27/27
f 860/107/107 1777/111/111 42/112/112
f 861/113/113 1739/33/33 708/36/36
f 861/113/113 1778/114/114 771/34/34
f 861/113/113 1779/115/115 772/116/116
f 861/113/113 1780/117/117 479/118/118
f 862/119/119 1781/120/120 301/121/121
f 862/119/119 1782/122/122 239/123/123
f 862/119/119 1783/124/124 237/125/125
f 862/119/119 1784/126/126 302/127/127
f 863/128/128 1785/129/129 670/130/130
f 863/128/128 1786/131/131 672/132/132
f 863/128/128 1787/133/133 722/134/134
f 863/128/128 1788/135/135 723/136/136
f 864/137/137 1789/138/138 361/139/139
f 864/137/137 1790/140/140 344/141/141
f 864/137/137 1791/142/142 342/39/39
f 864/137/137 1792/143/143 363/144/144
f 865/145/145 1793/146/146 759/46/46
f 865/145/145 1794/147/147 761/148/148
f 865/145/145 1795/149/149 778/150/150
f 865/145/145 1796/151/151 780/152/152
f 866/153/153 1797/154/154 300/155/155
f 866/153/153 1798/156/156 241/157/157
f 866/153/153 1781/120/120 239/123/123
f 866/153/153 1799/158/158 301/121/121
f 867/159/159 1800/160/160 672/132/132
f 867/159/159 1801/161/161 674/162/162
f 867/159/159 1802/163/163 721/164/164
f 867/159/159 1786/131/131 722/134/134
f 868/165/165 1798/156/156 239/123/123
f 868/165/165 1803/166/166 241/157/157
f 868/165/165 1804/167/167 240/168/168
f 868/165/165 1805/169/169 164/170/170
f 869/171/171 1806/172/172 673/173/173
f 869/171/171 1800/160/160 674/162/162
f 869/171/171 1807/174/174 672/132/132
f 869/171/171 1808/175/175 597/176/176
f 870/177/177 1809/178/178 40/179/179
f 870/177/177 1810/180/180 41/181/181
f 870/177/177 1784/126/126 301/121/121
f 870/177/177 1811/182/182 302/127/127
f 871/183/183 1812/184/184 722/134/134
f 871/183/183 1813/185/185 478/186/186
f 871/183/183 1814/187/187 477/188/188
f 871/183/183 1787/133/133 723/136/136
f 872/189/189 1815/190/190 343/52/52
f 872/189/189 1816/191/191 356/192/192
f 872/189/189 1817/193/193 312/79/79
f 872/189/189 1818/194/194 281/25/25
f 873/195/195 1819/196/196 733/88/88
f 873/195/195 1820/197/197 773/198/198
f 873/195/195 1821/199/199 760/56/56
f 873/195/195 1822/200/200 707/30/30
f 874/201/201 1823/202/202 394/93/93
f 874/201/201 1824/203/203 393/204/204
f 874/201/201 1825/205/205 390/206/206
f 874/201/201 1768/92/92 2/95/95
f 875/207/207 1826/208/208 804/209/209
f 875/207/207 1827/210/210 807/211/211
f 875/207/207 1771/99/99 808/102/102
f 875/207/207 1828/212/212 446/100/100
f 876/213/213 1829/214/214 356/192/192
f 876/213/213 1830/215/215 358/216/216
f 876/213/213 1831/217/217 357/218/218
f 876/213/213 1832/219/219 384/220/220
f 877/221/221 1833/222/222 774/223/223
f 877/221/221 1834/224/224 775/225/225
f 877/221/221 1835/226/226 773/198/198
f 877/221/221 1836/227/227 799/228/228
f 878/229/229 1837/230/230 44/231/231
f 878/229/229 1838/232/232 42/112/112
f 878/229/229 1839/233/233 280/234/234
f 878/229/229 1840/235/235 288/236/236
f 879/237/237 1841/238/238 706/239/239
f 879/237/237 1842/240/240 479/118/118
f 879/237/237 1843/241/241 481/242/242
f 879/237/237 1844/243/243 714/244/244
f 880/245/245 1845/246/246 339/247/247
f 880/245/245 1846/248/248 352/249/249
f 880/245/245 1847/250/250 347/3/3
f 880/245/245 1848/251/251 340/252/252
f 881/253/253 1849/254/254 764/16/16
f 881/253/253 1850/255/255 769/256/256
f 881/253/253 1851/257/257 756/258/258
f 881/253/253 1852/259/259 757/260/260
f 882/261/261 1853/262/262 309/263/263
f 882/261/261 1854/264/264 310/265/265
f 882/261/261 1855/266/266 373/267/267
f 882/261/261 1856/268/268 381/269/269
f 883/270/270 1857/271/271 790/272/272
f 883/270/270 1858/273/273 731/274/274
f 883/270/270 1859/275/275 730/276/276
f 883/270/270 1860/277/277 796/278/278
f 884/279/279 1727/6/6 349/9/9
f 884/279/279 1749/53/53 346/7/7
f 884/279/279 1733/20/20 348/23/23
f 884/279/279 1861/280/280 354/21/21
f 885/281/281 1751/57/57 765/32/32
f 885/281/281 1732/17/17 763/12/12
f 885/281/281 1862/282/282 766/18/18
f 885/281/281 1738/31/31 771/34/34
f 886/283/283 1863/284/284 381/269/269
f 886/283/283 1864/285/285 383/286/286
f 886/283/283 1865/287/287 382/288/288
f 886/283/283 1856/268/268 309/263/263
f 887/289/289 1866/290/290 797/291/291
f 887/289/289 1867/292/292 798/293/293
f 887/289/289 1859/275/275 796/278/278
f 887/289/289 1868/294/294 730/276/276
f 888/295/295 1869/296/296 280/234/234
f 888/295/295 1735/24/24 282/27/27
f 888/295/295 1870/297/297 281/25/25
f 888/295/295 1871/298/298 279/77/77
f 889/299/299 1740/35/35 707/30/30
f 889/299/299 1872/300/300 708/36/36
f 889/299/299 1873/301/301 706/239/239
f 889/299/299 1874/302/302 705/82/82
f 890/303/303 1875/304/304 367/305/305
f 890/303/303 1811/182/182 40/179/179
f 890/303/303 1876/306/306 302/127/127
f 890/303/303 1877/307/307 303/308/308
f 891/309/309 1814/187/187 723/136/136
f 891/309/309 1878/310/310 477/188/188
f 891/309/309 1879/311/311 784/312/312
f 891/309/309 1880/313/313 724/314/314
f 892/315/315 1754/62/62 341/64/64
f 892/315/315 1861/280/280 349/9/9
f 892/315/315 1775/108/108 354/21/21
f 892/315/315 1881/316/316 355/109/109
f 893/317/317 1862/282/282 771/34/34
f 893/317/317 1758/69/69 766/18/18
f 893/317/317 1882/318/318 758/70/70
f 893/317/317 1778/114/114 772/116/116
f 894/319/319 1883/320/320 1/321/321
f 894/319/319 1884/322/322 353/323/323
f 894/319/319 1845/246/246 352/249/249
f 894/319/319 1885/324/324 339/247/247
f 895/325/325 1886/326/326 769/256/256
f 895/325/325 1887/327/327 770/328/328
f 895/325/325 1888/329/329 445/330/330
f 895/325/325 1850/255/255 756/258/258
f 896/331/331 1743/41/41 342/39/39
f 896/331/331 1889/332/332 350/42/42
f 896/331/331 1890/333/333 362/334/334
f 896/331/331 1791/142/142 363/144/144
f 897/335/335 1891/336/336 779/337/337
f 897/335/335 1745/45/45 767/48/48
f 897/335/335 1796/151/151 759/46/46
f 897/335/335 1892/338/338 780/152/152
f 898/339/339 1893/340/340 324/341/341
f 898/339/339 1894/342/342 336/343/343
f 898/339/339 1848/251/251 339/247/247
f 898/339/339 1895/344/344 340/252/252
f 899/345/345 1896/346/346 756/258/258
f 899/345/345 1897/347/347 753/348/348
f 899/345/345 1898/349/349 745/350/350
f 899/345/345 1851/257/257 757/260/260
f 900/351/351 1899/352/352 352/249/249
f 900/351/351 1900/353/353 351/354/354
f 900/351/351 1725/2/2 345/5/5
f 900/351/351 1846/248/248 347/3/3
f 901/355/355 1901/356/356 762/14/14
f 901/355/355 1902/357/357 768/358/358
f 901/355/355 1849/254/254 769/256/256
f 901/355/355 1730/13/13 764/16/16
f 902/359/359 1783/124/124 302/127/127
f 902/359/359 1903/360/360 237/125/125
f 902/359/359 1904/361/361 238/362/362
f 902/359/359 1876/306/306 303/308/308
f 903/363/363 1905/364/364 671/365/365
f 903/363/363 1788/135/135 670/130/130
f 903/363/363 1880/313/313 723/136/136
f 903/363/363 1906/366/366 724/314/314
f 904/367/367 1907/368/368 22/369/369
f 904/367/367 1908/370/370 19/371/371
f 904/367/367 1909/372/372 21/373/373
f 904/367/367 1910/374/374 26/375/375
f 905/376/376 1911/377/377 464/378/378
f 905/376/376 1912/379/379 462/380/380
f 905/376/376 1913/381/381 465/382/382
f 905/376/376 1914/383/383 467/384/384
f 906/385/385 1815/190/190 356/192/192
f 906/385/385 1915/386/386 343/52/52
f 906/385/385 1916/387/387 344/141/141
f 906/385/385 1829/214/214 358/216/216
f 907/388/388 1917/389/389 761/148/148
f 907/388/388 1820/197/197 760/56/56
f 907/388/388 1834/224/224 773/198/198
f 907/388/388 1918/390/390 775/225/225
f 908/391/391 1762/78/78 311/73/73
f 908/391/391 1816/191/191 312/79/79
f 908/391/391 1832/219/219 356/192/192
f 908/391/391 1919/392/392 384/220/220
f 909/393/393 1819/196/196 773/198/198
f 909/393/393 1765/85/85 733/88/88
f 909/393/393 1920/394/394 732/86/86
f 909/393/393 1835/226/226 799/228/228
f 910/395/395 1769/94/94 3/97/97
f 910/395/395 1921/396/396 2/95/95
f 910/395/395 1922/397/397 1/321/321
f 910/395/395 1923/398/398 337/399/399
f 911/400/400 1924/401/401 445/330/330
f 911/400/400 1774/105/105 446/100/100
f 911/400/400 1925/402/402 447/106/106
f 911/400/400 1926/403/403 754/404/404
f 912/405/405 1927/406/406 299/407/407
f 912/405/405 1928/408/408 298/409/409
f 912/405/405 1797/154/154 241/157/157
f 912/405/405 1929/410/410 300/155/155
f 913/411/411 1930/412/412 674/162/162
f 913/411/411 1927/406/406 298/409/409
f 913/411/411 1931/413/413 299/407/407
f 913/411/411 1801/161/161 721/164/164
f 914/414/414 1921/396/396 1/321/321
f 914/414/414 1825/205/205 2/95/95
f 914/414/414 1932/415/415 390/206/206
f 914/414/414 1883/320/320 353/323/323
f 915/416/416 1828/212/212 804/209/209
f 915/416/416 1924/401/401 446/100/100
f 915/416/416 1887/327/327 445/330/330
f 915/416/416 1933/417/417 770/328/328
f 916/418/418 1934/419/419 304/420/420
f 916/418/418 1935/421/421 295/422/422
f 916/418/418 1936/423/423 294/424/424
f 916/418/418 1937/425/425 306/426/426
f 917/427/427 1938/428/428 719/429/429
f 917/427/427 1939/430/430 720/431/431
f 917/427/427 1940/432/432 725/433/433
f 917/427/427 1941/434/434 727/435/435
f 918/436/436 1782/122/122 237/125/125
f 918/436/436 1942/437/437 239/123/123
f 918/436/436 1943/438/438 165/439/439
f 918/436/436 1944/440/440 166/441/441
f 919/442/442 1945/443/443 598/444/444
f 919/442/442 1785/129/129 672/132/132
f 919/442/442 1946/445/445 670/130/130
f 919/442/442 1947/446/446 599/447/447
f 920/448/448 1803/166/166 240/168/168
f 920/448/448 1928/408/408 241/157/157
f 920/448/448 1948/449/449 298/409/409
f 920/448/448 1949/450/450 441/451/451
f 921/452/452 1930/412/412 298/409/409
f 921/452/452 1806/172/172 674/162/162
f 921/452/452 1950/453/453 673/173/173
f 921/452/452 1948/449/449 441/451/451
f 922/454/454 1904/361/361 303/308/308
f 922/454/454 1951/455/455 238/362/362
f 922/454/454 1934/419/419 295/422/422
f 922/454/454 1952/456/456 304/420/420
f 923/457/457 1953/458/458 720/431/431
f 923/457/457 1906/366/366 671/365/365
f 923/457/457 1954/459/459 724/314/314
f 923/457/457 1939/430/430 725/433/433
f 924/460/460 1955/461/461 310/265/265
f 924/460/460 1956/462/462 277/463/463
f 924/460/460 1759/72/72 278/75/75
f 924/460/460 1957/464/464 311/73/73
f 925/465/465 1958/466/466 704/84/84
f 925/465/465 1959/467/467 703/468/468
f 925/465/465 1960/469/469 731/274/274
f 925/465/465 1764/83/83 732/86/86
f 926/470/470 1957/464/464 310/265/265
f 926/470/470 1919/392/392 311/73/73
f 926/470/470 1961/471/471 384/220/220
f 926/470/470 1854/264/264 373/267/267
f 927/472/472 1920/394/394 799/228/228
f 927/472/472 1960/469/469 732/86/86
f 927/472/472 1857/271/271 731/274/274
f 927/472/472 1962/473/473 790/272/272
f 928/474/474 1929/410/410 299/407/407
f 928/474/474 1963/475/475 300/155/155
f 928/474/474 1964/476/476 387/477/477
f 928/474/474 1965/478/478 442/479/479
f 929/480/480 1966/481/481 802/482/482
f 929/480/480 1931/413/413 721/164/164
f 929/480/480 1965/478/478 299/407/407
f 929/480/480 1967/483/483 442/479/479
f 930/484/484 1968/485/485 309/263/263
f 930/484/484 1969/486/486 292/487/487
f 930/484/484 1955/461/461 277/463/463
f 930/484/484 1853/262/262 310/265/265
f 931/488/488 1970/489/489 703/468/468
f 931/488/488 1971/490/490 717/491/491
f 931/488/488 1858/273/273 730/276/276
f 931/488/488 1959/467/467 731/274/274
f 932/492/492 1972/493/493 368/494/494
f 932/492/492 1937/425/425 304/420/420
f 932/492/492 1973/495/495 306/426/426
f 932/492/492 1974/496/496 307/497/497
f 933/498/498 1940/432/432 727/435/435
f 933/498/498 1975/499/499 725/433/433
f 933/498/498 1976/500/500 785/501/501
f 933/498/498 1977/502/502 728/503/503
f 934/504/504 1978/505/505 351/354/354
f 934/504/504 1932/415/415 353/323/323
f 934/504/504 1979/506/506 390/206/206
f 934/504/504 1980/507/507 391/508/508
f 935/509/509 1933/417/417 804/209/209
f 935/509/509 1981/510/510 770/328/328
f 935/509/509 1982/511/511 768/358/358
f 935/509/509 1983/512/512 805/513/513
f 936/514/514 1984/515/515 307/497/497
f 936/514/514 1985/516/516 370/517/517
f 936/514/514 1986/518/518 369/519/519
f 936/514/514 1974/496/496 368/494/494
f 937/520/520 1987/521/521 786/522/522
f 937/520/520 1988/523/523 787/524/524
f 937/520/520 1976/500/500 728/503/503
f 937/520/520 1989/525/525 785/501/501
f 938/526/526 1871/298/298 280/234/234
f 938/526/526 1990/527/527 279/77/77
f 938/526/526 1991/528/528 275/529/529
f 938/526/526 1992/530/530 287/531/531
f 939/532/532 1993/533/533 701/534/534
f 939/532/532 1873/301/301 705/82/82
f 939/532/532 1994/535/535 706/239/239
f 939/532/532 1995/536/536 713/537/537
f 940/538/538 1996/539/539 222/540/540
f 940/538/538 1997/541/541 250/542/542
f 940/538/538 1840/235/235 44/231/231
f 940/538/538 1998/543/543 288/236/236
f 941/544/544 1999/545/545 481/242/242
f 941/544/544 2000/546/546 682/547/547
f 941/544/544 2001/548/548 655/549/549
f 941/544/544 1843/241/241 714/244/244
f 942/550/550 2002/551/551 357/218/218
f 942/550/550 2003/552/552 374/553/553
f 942/550/550 1961/471/471 373/267/267
f 942/550/550 1831/217/217 384/220/220
f 943/554/554 2004/555/555 790/272/272
f 943/554/554 2005/556/556 791/557/557
f 943/554/554 1836/227/227 774/223/223
f 943/554/554 1962/473/473 799/228/228
f 944/558/558 2006/559/559 368/494/494
f 944/558/558 1877/307/307 367/305/305
f 944/558/558 1952/456/456 303/308/308
f 944/558/558 1972/493/493 304/420/420
f 945/560/560 1879/311/311 724/314/314
f 945/560/560 2007/561/561 784/312/312
f 945/560/560 1975/499/499 785/501/501
f 945/560/560 1954/459/459 725/433/433
f 946/562/562 2008/563/563 13/564/564
f 946/562/562 1770/96/96 12/91/91
f 946/562/562 2009/565/565 3/97/97
f 946/562/562 2010/566/566 15/567/567
f 947/568/568 1773/103/103 447/106/106
f 947/568/568 2011/569/569 455/104/104
f 947/568/568 2012/570/570 456/571/571
f 947/568/568 2013/572/572 458/573/573
f 948/574/574 1742/40/40 350/42/42
f 948/574/574 1900/353/353 345/5/5
f 948/574/574 2014/575/575 351/354/354
f 948/574/574 2015/576/576 395/577/577
f 949/578/578 1901/356/356 768/358/358
f 949/578/578 1746/47/47 762/14/14
f 949/578/578 2016/579/579 767/48/48
f 949/578/578 2017/580/580 809/581/581
f 950/582/582 2018/583/583 36/584/584
f 950/582/582 2019/585/585 37/586/586
f 950/582/582 2020/587/587 258/588/588
f 950/582/582 2021/589/589 260/590/590
f 951/591/591 2022/592/592 688/593/593
f 951/591/591 2023/594/594 474/595/595
f 951/591/591 2024/596/596 36/584/584
f 951/591/591 2025/597/597 690/598/598
f 952/599/599 2026/600/600 336/343/343
f 952/599/599 1922/397/397 337/399/399
f 952/599/599 1885/324/324 1/321/321
f 952/599/599 1894/342/342 339/247/247
f 953/601/601 1926/403/403 445/330/330
f 953/601/601 2027/602/602 754/404/404
f 953/601/601 1896/346/346 753/348/348
f 953/601/601 1888/329/329 756/258/258
f 954/603/603 1969/486/486 277/463/463
f 954/603/603 2028/604/604 292/487/487
f 954/603/603 2029/605/605 291/606/606
f 954/603/603 2030/607/607 276/608/608
f 955/609/609 2031/610/610 716/611/611
f 955/609/609 1970/489/489 717/491/491
f 955/609/609 2032/612/612 703/468/468
f 955/609/609 2033/613/613 702/614/614
f 956/615/615 1903/360/360 238/362/362
f 956/615/615 1944/440/440 237/125/125
f 956/615/615 2034/616/616 166/441/441
f 956/615/615 2035/617/617 167/618/618
f 957/619/619 1946/445/445 599/447/447
f 957/619/619 1905/364/364 670/130/130
f 957/619/619 2036/620/620 671/365/365
f 957/619/619 2037/621/621 600/622/622
f 958/623/623 1837/230/230 42/112/112
f 958/623/623 2038/624/624 44/231/231
f 958/623/623 2039/625/625 43/626/626
f 958/623/623 1777/111/111 355/109/109
f 959/627/627 2040/628/628 480/629/629
f 959/627/627 1842/240/240 481/242/242
f 959/627/627 1779/115/115 479/118/118
f 959/627/627 2041/630/630 772/116/116
f 960/631/631 2042/632/632 219/633/633
f 960/631/631 2043/634/634 274/635/635
f 960/631/631 2044/636/636 276/608/608
f 960/631/631 2045/637/637 224/638/638
f 961/639/639 2046/640/640 702/614/614
f 961/639/639 2047/641/641 700/642/642
f 961/639/639 2048/643/643 652/644/644
f 961/639/639 2049/645/645 657/646/646
f 962/647/647 1996/539/539 250/542/542
f 962/647/647 2050/648/648 222/540/540
f 962/647/647 2051/649/649 286/650/650
f 962/647/647 2052/651/651 248/652/652
f 963/653/653 2053/654/654 712/655/655
f 963/653/653 2000/546/546 655/549/549
f 963/653/653 2054/656/656 682/547/547
f 963/653/653 2055/657/657 680/658/658
f 964/659/659 2030/607/607 277/463/463
f 964/659/659 2043/634/634 276/608/608
f 964/659/659 2056/660/660 274/635/635
f 964/659/659 1956/462/462 278/75/75
f 965/661/661 2046/640/640 700/642/642
f 965/661/661 2032/612/612 702/614/614
f 965/661/661 1958/466/466 703/468/468
f 965/661/661 2057/662/662 704/84/84
f 966/663/663 1973/495/495 307/497/497
f 966/663/663 2058/664/664 306/426/426
f 966/663/663 2059/665/665 305/666/666
f 966/663/663 2060/667/667 308/668/668
f 967/669/669 2061/670/670 726/671/671
f 967/669/669 1977/502/502 727/435/435
f 967/669/669 2062/672/672 728/503/503
f 967/669/669 2063/673/673 729/674/674
f 968/675/675 2059/665/665 308/668/668
f 968/675/675 2064/676/676 305/666/666
f 968/675/675 1968/485/485 292/487/487
f 968/675/675 2065/677/677 309/263/263
f 969/678/678 2066/679/679 717/491/491
f 969/678/678 2063/673/673 726/671/671
f 969/678/678 2067/680/680 729/674/674
f 969/678/678 1971/490/490 730/276/276
f 970/681/681 2068/682/682 297/683/683
f 970/681/681 2069/684/684 163/685/685
f 970/681/681 1949/450/450 240/168/168
f 970/681/681 2070/686/686 441/451/451
f 971/687/687 2071/688/688 673/173/173
f 971/687/687 2072/689/689 596/690/690
f 971/687/687 2070/686/686 297/683/683
f 971/687/687 1950/453/453 441/451/451
f 972/691/691 2073/692/692 22/369/369
f 972/691/691 2008/563/563 12/91/91
f 972/691/691 2074/693/693 13/564/564
f 973/694/694 2075/695/695 465/382/382
f 973/694/694 2011/569/569 456/571/571
f 973/694/694 2076/696/696 455/104/104
f 974/697/697 2077/698/698 365/699/699
f 974/697/697 2078/700/700 364/701/701
f 974/697/697 1890/333/333 363/144/144
f 974/697/697 2079/702/702 362/334/334
f 975/703/703 2080/704/704 780/152/152
f 975/703/703 2081/705/705 781/706/706
f 975/703/703 2082/707/707 782/708/708
f 975/703/703 1892/338/338 779/337/337
f 976/709/709 1824/203/203 390/206/206
f 976/709/709 2083/710/710 393/204/204
f 976/709/709 2084/711/711 392/712/712
f 977/713/713 2085/714/714 804/209/209
f 977/713/713 2086/715/715 806/716/716
f 977/713/713 1826/208/208 807/211/211
f 978/717/717 2087/718/718 236/719/719
f 978/717/717 2088/720/720 242/721/721
f 978/717/717 2089/722/722 161/723/723
f 978/717/717 2090/724/724 235/725/725
f 979/726/726 2091/727/727 594/728/728
f 979/726/726 2092/729/729 675/730/730
f 979/726/726 2093/731/731 669/732/732
f 979/726/726 2094/733/733 668/734/734
f 980/735/735 1963/475/475 387/477/477
f 980/735/735 1799/158/158 300/155/155
f 980/735/735 1810/180/180 301/121/121
f 980/735/735 2095/736/736 41/181/181
f 981/737/737 1802/163/163 722/134/134
f 981/737/737 1966/481/481 721/164/164
f 981/737/737 2096/738/738 802/482/482
f 981/737/737 1812/184/184 478/186/186
f 982/739/739 2097/740/740 323/741/741
f 982/739/739 1895/344/344 324/341/341
f 982/739/739 2098/742/742 340/252/252
f 982/739/739 2099/743/743 338/61/61
f 983/744/744 1898/349/349 757/260/260
f 983/744/744 2100/745/745 745/350/350
f 983/744/744 2101/746/746 744/747/747
f 983/744/744 2102/748/748 755/68/68
f 984/749/749 2056/660/660 278/75/75
f 984/749/749 2103/750/750 274/635/635
f 984/749/749 1990/527/527 275/529/529
f 984/749/749 1760/74/74 279/77/77
f 985/751/751 2104/752/752 701/534/534
f 985/751/751 2057/662/662 700/642/642
f 985/751/751 1763/81/81 704/84/84
f 985/751/751 1993/533/533 705/82/82
f 986/753/753 2105/754/754 58/755/755
f 986/753/753 2106/756/756 325/757/757
f 986/753/753 1755/63/63 338/61/61
f 986/753/753 2107/758/758 341/64/64
f 987/759/759 2108/760/760 755/68/68
f 987/759/759 2109/761/761 746/762/762
f 987/759/759 2110/763/763 495/764/764
f 987/759/759 1757/67/67 758/70/70
f 988/765/765 2018/583/583 37/586/586
f 988/765/765 2111/766/766 36/584/584
f 988/765/765 2112/767/767 35/768/768
f 988/765/765 2113/769/769 6/770/770
f 989/771/771 2111/766/766 35/768/768
f 989/771/771 2023/594/594 36/584/584
f 989/771/771 2114/772/772 474/595/595
f 989/771/771 2115/773/773 450/774/774
f 990/775/775 2038/624/624 43/626/626
f 990/775/775 1997/541/541 44/231/231
f 990/775/775 2116/776/776 250/542/542
f 990/775/775 2117/777/777 252/778/778
f 991/779/779 1999/545/545 682/547/547
f 991/779/779 2040/628/628 481/242/242
f 991/779/779 2118/780/780 480/629/629
f 991/779/779 2119/781/781 684/782/782
f 992/783/783 2028/604/604 291/606/606
f 992/783/783 2064/676/676 292/487/487
f 992/783/783 2120/784/784 305/666/666
f 992/783/783 2121/785/785 294/424/424
f 993/786/786 2066/679/679 726/671/671
f 993/786/786 2031/610/610 717/491/491
f 993/786/786 2122/787/787 716/611/611
f 993/786/786 2123/788/788 719/429/429
f 994/789/789 2124/790/790 163/685/685
f 994/789/789 2125/791/791 436/792/792
f 994/789/789 1804/167/167 164/170/170
f 994/789/789 2069/684/684 240/168/168
f 995/793/793 2126/794/794 597/176/176
f 995/793/793 2127/795/795 845/796/796
f 995/793/793 2071/688/688 596/690/690
f 995/793/793 1808/175/175 673/173/173
f 996/797/797 2128/798/798 360/799/799
f 996/797/797 1916/387/387 358/216/216
f 996/797/797 1789/138/138 344/141/141
f 996/797/797 2129/800/800 361/139/139
f 997/801/801 1918/390/390 761/148/148
f 997/801/801 2130/802/802 775/225/225
f 997/801/801 2131/803/803 777/804/804
f 997/801/801 1794/147/147 778/150/150
f 998/805/805 2132/806/806 221/807/807
f 998/805/805 2133/808/808 208/809/809
f 998/805/805 1998/543/543 222/540/540
f 998/805/805 2134/810/810 288/236/236
f 999/811/811 2135/812/812 655/549/549
f 999/811/811 2136/813/813 641/814/814
f 999/811/811 2137/815/815 654/816/816
f 999/811/811 2001/548/548 714/244/244
f 1000/817/817 2138/818/818 287/531/531
f 1000/817/817 2139/819/819 220/820/820
f 1000/817/817 2134/810/810 221/807/807
f 1000/817/817 2140/821/821 288/236/236
f 1001/822/822 2141/823/823 654/816/816
f 1001/822/822 2142/824/824 653/825/825
f 1001/822/822 2143/826/826 713/537/537
f 1001/822/822 2137/815/815 714/244/244
f 1002/827/827 2144/828/828 167/618/618
f 1002/827/827 2145/829/829 169/830/830
f 1002/827/827 1951/455/455 295/422/422
f 1002/827/827 2035/617/617 238/362/362
f 1003/831/831 2146/832/832 720/431/431
f 1003/831/831 2147/833/833 602/834/834
f 1003/831/831 2036/620/620 600/622/622
f 1003/831/831 1953/458/458 671/365/365
f 1004/835/835 2148/836/836 296/837/837
f 1004/835/835 2149/838/838 158/839/839
f 1004/835/835 2068/682/682 163/685/685
f 1004/835/835 2150/840/840 297/683/683
f 1005/841/841 2151/842/842 596/690/690
f 1005/841/841 2152/843/843 591/844/844
f 1005/841/841 2150/840/840 296/837/837
f 1005/841/841 2072/689/689 297/683/683
f 1006/845/845 1986/518/518 368/494/494
f 1006/845/845 2153/846/846 369/519/519
f 1006/845/845 2154/847/847 371/848/848
f 1006/845/845 2006/559/559 367/305/305
f 1007/849/849 2155/850/850 788/851/851
f 1007/849/849 1989/525/525 786/522/522
f 1007/849/849 2007/561/561 785/501/501
f 1007/849/849 2156/852/852 784/312/312
f 1008/853/853 1935/421/421 294/424/424
f 1008/853/853 2145/829/829 295/422/422
f 1008/853/853 2157/854/854 169/830/830
f 1008/853/853 2158/855/855 160/856/856
f 1009/857/857 2146/832/832 602/834/834
f 1009/857/857 1938/428/428 720/431/431
f 1009/857/857 2159/858/858 719/429/429
f 1009/857/857 2160/859/859 593/860/860
f 1010/861/861 2161/862/862 27/863/863
f 1010/861/861 2162/864/864 23/865/865
f 1010/861/861 1909/372/372 26/375/375
f 1010/861/861 2163/866/866 21/373/373
f 1011/867/867 2164/868/868 467/384/384
f 1011/867/867 2165/869/869 466/870/870
f 1011/867/867 2166/871/871 468/872/872
f 1011/867/867 1914/383/383 464/378/378
f 1012/873/873 2167/874/874 208/809/809
f 1012/873/873 2168/875/875 207/876/876
f 1012/873/873 2050/648/648 286/650/650
f 1012/873/873 2133/808/808 222/540/540
f 1013/877/877 2169/878/878 712/655/655
f 1013/877/877 2170/879/879 640/880/880
f 1013/877/877 2135/812/812 641/814/814
f 1013/877/877 2053/654/654 655/549/549
f 1014/881/881 2171/882/882 13/564/564
f 1014/881/881 2172/883/883 16/884/884
f 1014/881/881 1907/368/368 19/371/371
f 1014/881/881 2074/693/693 22/369/369
f 1015/885/885 2173/886/886 462/380/380
f 1015/885/885 2174/887/887 459/888/888
f 1015/885/885 2075/695/695 456/571/571
f 1015/885/885 1912/379/379 465/382/382
f 1016/889/889 2175/890/890 249/891/891
f 1016/889/889 2176/892/892 248/652/652
f 1016/889/889 2177/893/893 156/894/894
f 1016/889/889 2178/895/895 78/896/896
f 1017/897/897 2179/898/898 589/899/899
f 1017/897/897 2180/900/900 680/658/658
f 1017/897/897 2181/901/901 681/902/902
f 1017/897/897 2182/903/903 515/904/904
f 1018/905/905 2183/906/906 243/907/907
f 1018/905/905 2184/908/908 157/909/909
f 1018/905/905 2148/836/836 158/839/839
f 1018/905/905 2185/910/910 296/837/837
f 1019/911/911 2186/912/912 591/844/844
f 1019/911/911 2187/913/913 590/914/914
f 1019/911/911 2185/910/910 243/907/907
f 1019/911/911 2152/843/843 296/837/837
f 1020/915/915 2188/916/916 19/371/371
f 1020/915/915 2189/917/917 17/918/918
f 1020/915/915 2190/919/919 20/920/920
f 1020/915/915 1908/370/370 21/373/373
f 1021/921/921 2191/922/922 463/923/923
f 1021/921/921 2192/924/924 460/925/925
f 1021/921/921 1911/377/377 462/380/380
f 1021/921/921 2193/926/926 464/378/378
f 1022/927/927 2190/919/919 21/373/373
f 1022/927/927 2194/928/928 20/920/920
f 1022/927/927 2195/929/929 32/930/930
f 1022/927/927 2163/866/866 27/863/863
f 1023/931/931 2196/932/932 473/933/933
f 1023/931/931 2193/926/926 463/923/923
f 1023/931/931 2166/871/871 464/378/378
f 1023/931/931 2197/934/934 468/872/872
f 1024/935/935 2198/936/936 324/341/341
f 1024/935/935 2199/937/937 54/938/938
f 1024/935/935 2200/939/939 53/940/940
f 1024/935/935 1893/340/340 336/343/343
f 1025/941/941 2201/942/942 490/943/943
f 1025/941/941 2202/944/944 491/945/945
f 1025/941/941 1897/347/347 745/350/350
f 1025/941/941 2203/946/946 753/348/348
f 1026/947/947 2204/948/948 391/508/508
f 1026/947/947 2205/949/949 392/712/712
f 1026/947/947 2206/950/950 389/951/951
f 1027/952/952 2207/953/953 805/513/513
f 1027/952/952 2208/954/954 803/955/955
f 1027/952/952 2209/956/956 806/716/716
f 1028/957/957 2051/649/649 248/652/652
f 1028/957/957 2210/958/958 286/650/650
f 1028/957/957 2211/959/959 285/960/960
f 1028/957/957 2176/892/892 156/894/894
f 1029/961/961 2212/962/962 711/963/963
f 1029/961/961 2055/657/657 712/655/655
f 1029/961/961 2179/898/898 680/658/658
f 1029/961/961 2213/964/964 589/899/899
f 1030/965/965 2214/966/966 158/839/839
f 1030/965/965 2215/967/967 242/721/721
f 1030/965/965 2124/790/790 436/792/792
f 1030/965/965 2149/838/838 163/685/685
f 1031/968/968 2216/969/969 845/796/796
f 1031/968/968 2217/970/970 675/730/730
f 1031/968/968 2151/842/842 591/844/844
f 1031/968/968 2127/795/795 596/690/690
f 1032/971/971 2218/972/972 159/973/973
f 1032/971/971 2219/974/974 293/975/975
f 1032/971/971 2220/976/976 291/606/606
f 1032/971/971 2221/977/977 160/856/856
f 1033/978/978 2222/979/979 716/611/611
f 1033/978/978 2223/980/980 718/981/981
f 1033/978/978 2224/982/982 592/983/983
f 1033/978/978 2225/984/984 593/860/860
f 1034/985/985 2211/959/959 156/894/894
f 1034/985/985 2226/986/986 285/960/960
f 1034/985/985 2227/987/987 284/988/988
f 1034/985/985 2228/989/989 247/990/990
f 1035/991/991 2229/992/992 710/993/993
f 1035/991/991 2213/964/964 711/963/963
f 1035/991/991 2230/994/994 589/899/899
f 1035/991/991 2231/995/995 679/996/996
f 1036/997/997 2232/998/998 17/918/918
f 1036/997/997 2233/999/999 16/884/884
f 1036/997/997 2234/1000/1000 14/1001/1001
f 1036/997/997 2235/1002/1002 18/1003/1003
f 1037/1004/1004 2236/1005/1005 457/1006/1006
f 1037/1004/1004 2237/1007/1007 459/888/888
f 1037/1004/1004 2238/1008/1008 460/925/925
f 1037/1004/1004 2239/1009/1009 461/1010/1010
f 1038/1011/1011 2240/1012/1012 208/809/809
f 1038/1011/1011 2241/1013/1013 187/1014/1014
f 1038/1011/1011 2242/1015/1015 186/1016/1016
f 1038/1011/1011 2167/874/874 207/876/876
f 1039/1017/1017 2243/1018/1018 619/1019/1019
f 1039/1017/1017 2244/1020/1020 620/1021/1021
f 1039/1017/1017 2170/879/879 641/814/814
f 1039/1017/1017 2245/1022/1022 640/880/880
f 1040/1023/1023 2246/1024/1024 31/1025/1025
f 1040/1023/1023 2026/600/600 337/399/399
f 1040/1023/1023 2200/939/939 336/343/343
f 1040/1023/1023 2247/1026/1026 53/940/940
f 1041/1027/1027 2027/602/602 753/348/348
f 1041/1027/1027 2248/1028/1028 754/404/404
f 1041/1027/1027 2249/1029/1029 472/1030/1030
f 1041/1027/1027 2203/946/946 490/943/943
f 1042/1031/1031 2250/1032/1032 229/1033/1033
f 1042/1031/1031 2251/1034/1034 188/1035/1035
f 1042/1031/1031 2252/1036/1036 178/1037/1037
f 1042/1031/1031 2253/1038/1038 227/1039/1039
f 1043/1040/1040 2254/1041/1041 611/1042/1042
f 1043/1040/1040 2255/1043/1043 621/1044/1044
f 1043/1040/1040 2256/1045/1045 662/1046/1046
f 1043/1040/1040 2257/1047/1047 660/1048/1048
f 1044/1049/1049 2206/950/950 391/508/508
f 1044/1049/1049 2258/1050/1050 389/951/951
f 1044/1049/1049 2014/575/575 395/577/577
f 1044/1049/1049 1980/507/507 351/354/354
f 1045/1051/1051 2259/1052/1052 809/581/581
f 1045/1051/1051 2207/953/953 803/955/955
f 1045/1051/1051 1982/511/511 805/513/513
f 1045/1051/1051 2017/580/580 768/358/358
f 1046/1053/1053 2260/1054/1054 17/918/918
f 1046/1053/1053 2261/1055/1055 4/1056/1056
f 1046/1053/1053 2262/1057/1057 5/1058/1058
f 1046/1053/1053 2189/917/917 20/920/920
f 1047/1059/1059 2263/1060/1060 449/1061/1061
f 1047/1059/1059 2264/1062/1062 448/1063/1063
f 1047/1059/1059 2191/922/922 460/925/925
f 1047/1059/1059 2265/1064/1064 463/923/923
f 1048/1065/1065 2258/1050/1050 395/577/577
f 1048/1065/1065 2266/1066/1066 389/951/951
f 1048/1065/1065 2267/1067/1067 365/699/699
f 1049/1068/1068 2268/1069/1069 809/581/581
f 1049/1068/1068 2269/1070/1070 782/708/708
f 1049/1068/1068 2259/1052/1052 803/955/955
f 1050/1071/1071 2270/1072/1072 43/626/626
f 1050/1071/1071 2271/1073/1073 59/1074/1074
f 1050/1071/1071 2272/1075/1075 58/755/755
f 1050/1071/1071 2039/625/625 355/109/109
f 1051/1076/1076 2273/1077/1077 495/764/764
f 1051/1076/1076 2274/1078/1078 496/1079/1079
f 1051/1076/1076 2041/630/630 480/629/629
f 1051/1076/1076 2275/1080/1080 772/116/116
f 1052/1081/1081 2276/1082/1082 50/1083/1083
f 1052/1081/1081 2277/1084/1084 335/1085/1085
f 1052/1081/1081 2278/1086/1086 55/1087/1087
f 1052/1081/1081 2279/1088/1088 321/1089/1089
f 1053/1090/1090 2280/1091/1091 492/1092/1092
f 1053/1090/1090 2281/1093/1093 752/1094/1094
f 1053/1090/1090 2282/1095/1095 487/1096/1096
f 1053/1090/1090 2283/1097/1097 742/1098/1098
f 1054/1099/1099 2284/1100/1100 219/633/633
f 1054/1099/1099 2285/1101/1101 212/1102/1102
f 1054/1099/1099 2286/1103/1103 210/1104/1104
f 1054/1099/1099 2287/1105/1105 220/820/820
f 1055/1106/1106 2288/1107/1107 643/1108/1108
f 1055/1106/1106 2289/1109/1109 645/1110/1110
f 1055/1106/1106 2290/1111/1111 652/644/644
f 1055/1106/1106 2291/1112/1112 653/825/825
f 1056/1113/1113 2292/1114/1114 29/1115/1115
f 1056/1113/1113 2293/1116/1116 28/1117/1117
f 1056/1113/1113 2234/1000/1000 18/1003/1003
f 1056/1113/1113 2294/1118/1118 14/1001/1001
f 1057/1119/1119 2295/1120/1120 461/1010/1010
f 1057/1119/1119 2296/1121/1121 469/1122/1122
f 1057/1119/1119 2297/1123/1123 470/1124/1124
f 1057/1119/1119 2239/1009/1009 457/1006/1006
f 1058/1125/1125 2298/1126/1126 39/1127/1127
f 1058/1125/1125 1809/178/178 41/181/181
f 1058/1125/1125 2299/1128/1128 40/179/179
f 1059/1129/1129 2300/1130/1130 476/1131/1131
f 1059/1129/1129 1813/185/185 477/188/188
f 1059/1129/1129 2301/1132/1132 478/186/186
f 1060/1133/1133 2302/1134/1134 434/1135/1135
f 1060/1133/1133 1943/438/438 166/441/441
f 1060/1133/1133 2303/1136/1136 165/439/439
f 1060/1133/1133 2304/1137/1137 435/1138/1138
f 1061/1139/1139 1947/446/446 598/444/444
f 1061/1139/1139 2305/1140/1140 599/447/447
f 1061/1139/1139 2306/1141/1141 843/1142/1142
f 1061/1139/1139 2307/1143/1143 844/1144/1144
f 1062/1145/1145 2308/1146/1146 236/719/719
f 1062/1145/1145 2309/1147/1147 435/1138/1138
f 1062/1145/1145 2215/967/967 436/792/792
f 1062/1145/1145 2087/718/718 242/721/721
f 1063/1148/1148 2310/1149/1149 845/796/796
f 1063/1148/1148 2311/1150/1150 844/1144/1144
f 1063/1148/1148 2092/729/729 669/732/732
f 1063/1148/1148 2216/969/969 675/730/730
f 1064/1151/1151 1855/266/266 381/269/269
f 1064/1151/1151 2003/552/552 373/267/267
f 1064/1151/1151 2312/1152/1152 374/553/553
f 1065/1153/1153 2313/1154/1154 796/278/278
f 1065/1153/1153 2004/555/555 791/557/557
f 1065/1153/1153 1860/277/277 790/272/272
f 1066/1155/1155 2314/1156/1156 275/529/529
f 1066/1155/1155 2287/1105/1105 219/633/633
f 1066/1155/1155 2138/818/818 220/820/820
f 1066/1155/1155 1991/528/528 287/531/531
f 1067/1157/1157 2290/1111/1111 653/825/825
f 1067/1157/1157 2315/1158/1158 652/644/644
f 1067/1157/1157 1995/536/536 701/534/534
f 1067/1157/1157 2142/824/824 713/537/537
f 1068/1159/1159 2286/1103/1103 220/820/820
f 1068/1159/1159 2316/1160/1160 210/1104/1104
f 1068/1159/1159 2317/1161/1161 209/1162/1162
f 1068/1159/1159 2139/819/819 221/807/807
f 1069/1163/1163 2318/1164/1164 642/1165/1165
f 1069/1163/1163 2291/1112/1112 643/1108/1108
f 1069/1163/1163 2141/823/823 653/825/825
f 1069/1163/1163 2319/1166/1166 654/816/816
f 1070/1167/1167 2320/1168/1168 182/1169/1169
f 1070/1167/1167 2321/1170/1170 199/1171/1171
f 1070/1167/1167 2322/1172/1172 202/1173/1173
f 1070/1167/1167 2323/1174/1174 205/1175/1175
f 1071/1176/1176 2324/1177/1177 635/1178/1178
f 1071/1176/1176 2325/1179/1179 632/1180/1180
f 1071/1176/1176 2326/1181/1181 615/1182/1182
f 1071/1176/1176 2327/1183/1183 638/1184/1184
f 1072/1185/1185 2303/1136/1136 435/1138/1138
f 1072/1185/1185 2328/1186/1186 165/439/439
f 1072/1185/1185 2125/791/791 164/170/170
f 1072/1185/1185 2309/1147/1147 436/792/792
f 1073/1187/1187 2329/1188/1188 597/176/176
f 1073/1187/1187 2307/1143/1143 598/444/444
f 1073/1187/1187 2310/1149/1149 844/1144/1144
f 1073/1187/1187 2126/794/794 845/796/796
f 1074/1189/1189 2330/1190/1190 385/1191/1191
f 1074/1189/1189 1984/515/515 370/517/517
f 1074/1189/1189 2331/1192/1192 307/497/497
f 1075/1193/1193 2332/1194/1194 800/1195/1195
f 1075/1193/1193 1988/523/523 728/503/503
f 1075/1193/1193 2333/1196/1196 787/524/524
f 1076/1197/1197 2334/1198/1198 178/1037/1037
f 1076/1197/1197 2335/1199/1199 213/1200/1200
f 1076/1197/1197 2336/1201/1201 225/1202/1202
f 1076/1197/1197 2252/1036/1036 227/1039/1039
f 1077/1203/1203 2337/1204/1204 658/1205/1205
f 1077/1203/1203 2338/1206/1206 646/1207/1207
f 1077/1203/1203 2257/1047/1047 611/1042/1042
f 1077/1203/1203 2339/1208/1208 660/1048/1048
f 1078/1209/1209 2340/1210/1210 326/1211/1211
f 1078/1209/1209 2105/754/754 325/757/757
f 1078/1209/1209 2271/1073/1073 58/755/755
f 1078/1209/1209 2341/1212/1212 59/1074/1074
f 1079/1213/1213 2109/761/761 495/764/764
f 1079/1213/1213 2342/1214/1214 746/762/762
f 1079/1213/1213 2343/1215/1215 747/1216/1216
f 1079/1213/1213 2273/1077/1077 496/1079/1079
f 1080/1217/1217 2227/987/987 247/990/990
f 1080/1217/1217 2344/1218/1218 284/988/988
f 1080/1217/1217 2345/1219/1219 155/1220/1220
f 1080/1217/1217 2346/1221/1221 153/1222/1222
f 1081/1223/1223 2347/1224/1224 588/1225/1225
f 1081/1223/1223 2231/995/995 710/993/993
f 1081/1223/1223 2348/1226/1226 679/996/996
f 1081/1223/1223 2349/1227/1227 586/1228/1228
f 1082/1229/1229 2350/1230/1230 124/1231/1231
f 1082/1229/1229 2351/1232/1232 151/1233/1233
f 1082/1229/1229 2352/1234/1234 152/1235/1235
f 1082/1229/1229 2353/1236/1236 378/1237/1237
f 1083/1238/1238 2354/1239/1239 585/1240/1240
f 1083/1238/1238 2355/1241/1241 584/1242/1242
f 1083/1238/1238 2356/1243/1243 559/1244/1244
f 1083/1238/1238 2357/1245/1245 795/1246/1246
f 1084/1247/1247 2358/1248/1248 168/1249/1249
f 1084/1247/1247 2034/616/616 167/618/618
f 1084/1247/1247 2302/1134/1134 166/441/441
f 1084/1247/1247 2359/1250/1250 434/1135/1135
f 1085/1251/1251 2037/621/621 599/447/447
f 1085/1251/1251 2360/1252/1252 600/622/622
f 1085/1251/1251 2361/1253/1253 601/1254/1254
f 1085/1251/1251 2305/1140/1140 843/1142/1142
f 1086/1255/1255 2362/1256/1256 209/1162/1162
f 1086/1255/1255 2363/1257/1257 184/1258/1258
f 1086/1255/1255 2240/1012/1012 187/1014/1014
f 1086/1255/1255 2364/1259/1259 208/809/809
f 1087/1260/1260 2365/1261/1261 620/1021/1021
f 1087/1260/1260 2366/1262/1262 617/1263/1263
f 1087/1260/1260 2367/1264/1264 642/1165/1165
f 1087/1260/1260 2244/1020/1020 641/814/814
f 1088/1265/1265 2221/977/977 159/973/973
f 1088/1265/1265 2157/854/854 160/856/856
f 1088/1265/1265 2368/1266/1266 169/830/830
f 1088/1265/1265 2369/1267/1267 170/1268/1268
f 1089/1269/1269 2160/859/859 602/834/834
f 1089/1269/1269 2224/982/982 593/860/860
f 1089/1269/1269 2370/1270/1270 592/983/983
f 1089/1269/1269 2371/1271/1271 603/1272/1272
f 1090/1273/1273 2262/1057/1057 20/920/920
f 1090/1273/1273 2372/1274/1274 5/1058/1058
f 1090/1273/1273 2373/1275/1275 9/1276/1276
f 1090/1273/1273 2194/928/928 32/930/930
f 1091/1277/1277 2374/1278/1278 452/1279/1279
f 1091/1277/1277 2265/1064/1064 449/1061/1061
f 1091/1277/1277 2196/932/932 463/923/923
f 1091/1277/1277 2375/1280/1280 473/933/933
f 1092/1281/1281 2376/1282/1282 75/1283/1283
f 1092/1281/1281 2377/1284/1284 253/1285/1285
f 1092/1281/1281 2378/1286/1286 249/891/891
f 1092/1281/1281 2379/1287/1287 81/1288/1288
f 1093/1289/1289 2380/1290/1290 681/902/902
f 1093/1289/1289 2381/1291/1291 685/1292/1292
f 1093/1289/1289 2382/1293/1293 512/1294/1294
f 1093/1289/1289 2383/1295/1295 518/1296/1296
f 1094/1297/1297 2384/1298/1298 155/1220/1220
f 1094/1297/1297 2385/1299/1299 154/1300/1300
f 1094/1297/1297 2386/1301/1301 152/1235/1235
f 1094/1297/1297 2345/1219/1219 153/1222/1222
f 1095/1302/1302 2387/1303/1303 585/1240/1240
f 1095/1302/1302 2388/1304/1304 587/1305/1305
f 1095/1302/1302 2349/1227/1227 588/1225/1225
f 1095/1302/1302 2389/1306/1306 586/1228/1228
f 1096/1307/1307 2390/1308/1308 155/1220/1220
f 1096/1307/1307 2322/1172/1172 205/1175/1175
f 1096/1307/1307 2391/1309/1309 202/1173/1173
f 1096/1307/1307 2384/1298/1298 154/1300/1300
f 1097/1310/1310 2327/1183/1183 635/1178/1178
f 1097/1310/1310 2392/1311/1311 638/1184/1184
f 1097/1310/1310 2388/1304/1304 588/1225/1225
f 1097/1310/1310 2393/1312/1312 587/1305/1305
f 1098/1313/1313 2394/1314/1314 33/1315/1315
f 1098/1313/1313 2395/1316/1316 25/1317/1317
f 1098/1313/1313 2195/929/929 27/863/863
f 1098/1313/1313 2396/1318/1318 32/930/930
f 1099/1319/1319 2397/1320/1320 468/872/872
f 1099/1319/1319 2394/1314/1314 25/1317/1317
f 1099/1319/1319 2398/1321/1321 33/1315/1315
f 1099/1319/1319 2197/934/934 473/933/933
f 1100/1322/1322 2399/1323/1323 51/1324/1324
f 1100/1322/1322 2400/1325/1325 334/1326/1326
f 1100/1322/1322 2401/1327/1327 262/1328/1328
f 1100/1322/1322 2402/1329/1329 258/588/588
f 1101/1330/1330 2403/1331/1331 691/1332/1332
f 1101/1330/1330 2404/1333/1333 751/1334/1334
f 1101/1330/1330 2405/1335/1335 488/1336/1336
f 1101/1330/1330 2406/1337/1337 688/593/593
f 1102/1338/1338 2407/1339/1339 52/1340/1340
f 1102/1338/1338 2292/1114/1114 28/1117/1117
f 1102/1338/1338 2408/1341/1341 29/1115/1115
f 1102/1338/1338 2409/1342/1342 45/1343/1343
f 1103/1344/1344 2296/1121/1121 470/1124/1124
f 1103/1344/1344 2410/1345/1345 469/1122/1122
f 1103/1344/1344 2411/1346/1346 489/1347/1347
f 1103/1344/1344 2412/1348/1348 482/1349/1349
f 1104/1350/1350 2413/1351/1351 30/1352/1352
f 1104/1350/1350 2294/1118/1118 29/1115/1115
f 1104/1350/1350 2414/1353/1353 14/1001/1001
f 1104/1350/1350 2415/1354/1354 15/567/567
f 1105/1355/1355 2297/1123/1123 457/1006/1006
f 1105/1355/1355 2416/1356/1356 470/1124/1124
f 1105/1355/1355 2417/1357/1357 471/1358/1358
f 1105/1355/1355 2418/1359/1359 458/573/573
f 1106/1360/1360 2419/1361/1361 372/1362/1362
f 1106/1360/1360 2299/1128/1128 39/1127/1127
f 1106/1360/1360 1875/304/304 40/179/179
f 1106/1360/1360 2420/1363/1363 367/305/305
f 1107/1364/1364 2300/1130/1130 477/188/188
f 1107/1364/1364 2421/1365/1365 476/1131/1131
f 1107/1364/1364 2422/1366/1366 789/1367/1367
f 1107/1364/1364 1878/310/310 784/312/312
f 1108/1368/1368 2420/1363/1363 372/1362/1362
f 1108/1368/1368 2154/847/847 367/305/305
f 1108/1368/1368 2423/1369/1369 371/848/848
f 1109/1370/1370 2424/1371/1371 789/1367/1367
f 1109/1370/1370 2156/852/852 788/851/851
f 1109/1370/1370 2422/1366/1366 784/312/312
f 1110/1372/1372 2425/1373/1373 318/1374/1374
f 1110/1372/1372 2426/1375/1375 328/1376/1376
f 1110/1372/1372 2376/1282/1282 253/1285/1285
f 1110/1372/1372 2427/1377/1377 75/1283/1283
f 1111/1378/1378 2428/1379/1379 685/1292/1292
f 1111/1378/1378 2429/1380/1380 749/1381/1381
f 1111/1378/1378 2430/1382/1382 739/1383/1383
f 1111/1378/1378 2381/1291/1291 512/1294/1294
f 1112/1384/1384 2431/1385/1385 6/770/770
f 1112/1384/1384 2432/1386/1386 4/1056/1056
f 1112/1384/1384 2433/1387/1387 10/1388/1388
f 1112/1384/1384 2434/1389/1389 11/1390/1390
f 1113/1391/1391 2435/1392/1392 453/1393/1393
f 1113/1391/1391 2436/1394/1394 448/1063/1063
f 1113/1391/1391 2437/1395/1395 450/774/774
f 1113/1391/1391 2438/1396/1396 454/1397/1397
f 1114/1398/1398 2439/1399/1399 283/1400/1400
f 1114/1398/1398 2440/1401/1401 289/1402/1402
f 1114/1398/1398 2441/1403/1403 245/1404/1404
f 1114/1398/1398 2442/1405/1405 154/1300/1300
f 1115/1406/1406 2443/1407/1407 677/1408/1408
f 1115/1406/1406 2444/1409/1409 715/1410/1410
f 1115/1406/1406 2445/1411/1411 709/1412/1412
f 1115/1406/1406 2446/1413/1413 587/1305/1305
f 1116/1414/1414 2029/605/605 276/608/608
f 1116/1414/1414 2219/974/974 291/606/606
f 1116/1414/1414 2447/1415/1415 293/975/975
f 1116/1414/1414 2044/636/636 224/638/638
f 1117/1416/1416 2222/979/979 718/981/981
f 1117/1416/1416 2033/613/613 716/611/611
f 1117/1416/1416 2049/645/645 702/614/614
f 1117/1416/1416 2448/1417/1417 657/646/646
f 1118/1418/1418 2449/1419/1419 184/1258/1258
f 1118/1418/1418 2450/1420/1420 185/1421/1421
f 1118/1418/1418 2451/1422/1422 178/1037/1037
f 1118/1418/1418 2452/1423/1423 201/1424/1424
f 1119/1425/1425 2453/1426/1426 611/1042/1042
f 1119/1425/1425 2454/1427/1427 618/1428/1428
f 1119/1425/1425 2455/1429/1429 617/1263/1263
f 1119/1425/1425 2456/1430/1430 634/1431/1431
f 1120/1432/1432 2368/1266/1266 170/1268/1268
f 1120/1432/1432 2144/828/828 169/830/830
f 1120/1432/1432 2358/1248/1248 167/618/618
f 1120/1432/1432 2457/1433/1433 168/1249/1249
f 1121/1434/1434 2147/833/833 600/622/622
f 1121/1434/1434 2371/1271/1271 602/834/834
f 1121/1434/1434 2458/1435/1435 603/1272/1272
f 1121/1434/1434 2360/1252/1252 601/1254/1254
f 1122/1436/1436 2459/1437/1437 308/668/668
f 1122/1436/1436 2460/1438/1438 382/288/288
f 1122/1436/1436 2461/1439/1439 385/1191/1191
f 1123/1440/1440 2462/1441/1441 729/674/674
f 1123/1440/1440 2463/1442/1442 800/1195/1195
f 1123/1440/1440 2464/1443/1443 797/291/291
f 1124/1444/1444 2088/720/720 161/723/723
f 1124/1444/1444 2214/966/966 242/721/721
f 1124/1444/1444 2184/908/908 158/839/839
f 1124/1444/1444 2465/1445/1445 157/909/909
f 1125/1446/1446 2217/970/970 591/844/844
f 1125/1446/1446 2091/727/727 675/730/730
f 1125/1446/1446 2466/1447/1447 594/728/728
f 1125/1446/1446 2186/912/912 590/914/914
f 1126/1448/1448 2467/1449/1449 228/1450/1450
f 1126/1448/1448 2468/1451/1451 230/1452/1452
f 1126/1448/1448 2253/1038/1038 229/1033/1033
f 1126/1448/1448 2469/1453/1453 227/1039/1039
f 1127/1454/1454 2470/1455/1455 662/1046/1046
f 1127/1454/1454 2471/1456/1456 663/1457/1457
f 1127/1454/1454 2472/1458/1458 661/1459/1459
f 1127/1454/1454 2256/1045/1045 660/1048/1048
f 1128/1460/1460 2473/1461/1461 159/973/973
f 1128/1460/1460 2474/1462/1462 375/1463/1463
f 1128/1460/1460 2467/1449/1449 230/1452/1452
f 1128/1460/1460 2475/1464/1464 228/1450/1450
f 1129/1465/1465 2476/1466/1466 663/1457/1457
f 1129/1465/1465 2477/1467/1467 792/1468/1468
f 1129/1465/1465 2478/1469/1469 592/983/983
f 1129/1465/1465 2471/1456/1456 661/1459/1459
f 1130/1470/1470 2479/1471/1471 31/1025/1025
f 1130/1470/1470 2009/565/565 15/567/567
f 1130/1470/1470 1923/398/398 3/97/97
f 1130/1470/1470 2246/1024/1024 337/399/399
f 1131/1472/1472 2013/572/572 447/106/106
f 1131/1472/1472 2480/1473/1473 458/573/573
f 1131/1472/1472 2248/1028/1028 472/1030/1030
f 1131/1472/1472 1925/402/402 754/404/404
f 1132/1474/1474 2481/1475/1475 210/1104/1104
f 1132/1474/1474 2449/1419/1419 185/1421/1421
f 1132/1474/1474 2362/1256/1256 184/1258/1258
f 1132/1474/1474 2316/1160/1160 209/1162/1162
f 1133/1476/1476 2454/1427/1427 617/1263/1263
f 1133/1476/1476 2482/1477/1477 618/1428/1428
f 1133/1476/1476 2318/1164/1164 643/1108/1108
f 1133/1476/1476 2366/1262/1262 642/1165/1165
f 1134/1478/1478 2385/1299/1299 152/1235/1235
f 1134/1478/1478 2441/1403/1403 154/1300/1300
f 1134/1478/1478 2483/1479/1479 245/1404/1404
f 1134/1478/1478 2352/1234/1234 378/1237/1237
f 1135/1480/1480 2446/1413/1413 677/1408/1408
f 1135/1480/1480 2387/1303/1303 587/1305/1305
f 1135/1480/1480 2357/1245/1245 585/1240/1240
f 1135/1480/1480 2484/1481/1481 795/1246/1246
f 1136/1482/1482 2485/1483/1483 328/1376/1376
f 1136/1482/1482 2486/1484/1484 59/1074/1074
f 1136/1482/1482 2487/1485/1485 252/778/778
f 1136/1482/1482 2426/1375/1375 253/1285/1285
f 1137/1486/1486 2488/1487/1487 684/782/782
f 1137/1486/1486 2489/1488/1488 496/1079/1079
f 1137/1486/1486 2428/1379/1379 749/1381/1381
f 1137/1486/1486 2490/1489/1489 685/1292/1292
f 1138/1490/1490 2491/1491/1491 377/1492/1492
f 1138/1490/1490 2304/1137/1137 434/1135/1135
f 1138/1490/1490 2308/1146/1146 435/1138/1138
f 1138/1490/1490 2492/1493/1493 236/719/719
f 1139/1494/1494 2306/1141/1141 844/1144/1144
f 1139/1494/1494 2493/1495/1495 843/1142/1142
f 1139/1494/1494 2494/1496/1496 794/1497/1497
f 1139/1494/1494 2311/1150/1150 669/732/732
f 1140/1498/1498 2495/1499/1499 380/1500/1500
f 1140/1498/1498 2496/1501/1501 379/1502/1502
f 1140/1498/1498 2483/1479/1479 378/1237/1237
f 1140/1498/1498 2497/1503/1503 245/1404/1404
f 1141/1504/1504 2498/1505/1505 795/1246/1246
f 1141/1504/1504 2495/1499/1499 379/1502/1502
f 1141/1504/1504 2499/1506/1506 380/1500/1500
f 1141/1504/1504 2484/1481/1481 677/1408/1408
f 1142/1507/1507 2500/1508/1508 321/1089/1089
f 1142/1507/1507 2501/1509/1509 62/1510/1510
f 1142/1507/1507 2502/1511/1511 49/1512/1512
f 1142/1507/1507 2279/1088/1088 50/1083/1083
f 1143/1513/1513 2503/1514/1514 486/1515/1515
f 1143/1513/1513 2504/1516/1516 499/1517/1517
f 1143/1513/1513 2282/1095/1095 742/1098/1098
f 1143/1513/1513 2505/1518/1518 487/1096/1096
f 1144/1519/1519 2267/1067/1067 395/577/577
f 1144/1519/1519 2079/702/702 365/699/699
f 1144/1519/1519 1889/332/332 362/334/334
f 1144/1519/1519 2015/576/576 350/42/42
f 1145/1520/1520 2082/707/707 779/337/337
f 1145/1520/1520 2268/1069/1069 782/708/708
f 1145/1520/1520 2016/579/579 809/581/581
f 1145/1520/1520 1891/336/336 767/48/48
f 1146/1521/1521 2506/1522/1522 18/1003/1003
f 1146/1521/1521 2432/1386/1386 10/1388/1388
f 1146/1521/1521 2260/1054/1054 4/1056/1056
f 1146/1521/1521 2235/1002/1002 17/918/918
f 1147/1523/1523 2435/1392/1392 448/1063/1063
f 1147/1523/1523 2507/1524/1524 453/1393/1393
f 1147/1523/1523 2238/1008/1008 461/1010/1010
f 1147/1523/1523 2264/1062/1062 460/925/925
f 1148/1525/1525 2508/1526/1526 363/144/144
f 1148/1525/1525 2509/1527/1527 366/1528/1528
f 1148/1525/1525 1792/143/143 361/139/139
f 1149/1529/1529 1795/149/149 780/152/152
f 1149/1529/1529 2510/1530/1530 778/150/150
f 1149/1529/1529 2511/1531/1531 783/1532/1532
f 1150/1533/1533 2512/1534/1534 55/1087/1087
f 1150/1533/1533 2199/937/937 53/940/940
f 1150/1533/1533 2513/1535/1535 54/938/938
f 1150/1533/1533 2278/1086/1086 321/1089/1089
f 1151/1536/1536 2201/942/942 491/945/945
f 1151/1536/1536 2514/1537/1537 490/943/943
f 1151/1536/1536 2283/1097/1097 492/1092/1092
f 1151/1536/1536 2515/1538/1538 742/1098/1098
f 1152/1539/1539 2516/1540/1540 51/1324/1324
f 1152/1539/1539 2517/1541/1541 38/1542/1542
f 1152/1539/1539 2407/1339/1339 28/1117/1117
f 1152/1539/1539 2518/1543/1543 52/1340/1340
f 1153/1544/1544 2519/1545/1545 469/1122/1122
f 1153/1544/1544 2520/1546/1546 475/1547/1547
f 1153/1544/1544 2521/1548/1548 488/1336/1336
f 1153/1544/1544 2410/1345/1345 489/1347/1347
f 1154/1549/1549 2522/1550/1550 47/1551/1551
f 1154/1549/1549 2523/1552/1552 46/1553/1553
f 1154/1549/1549 2524/1554/1554 45/1343/1343
f 1154/1549/1549 2525/1555/1555 50/1083/1083
f 1155/1556/1556 2526/1557/1557 482/1349/1349
f 1155/1556/1556 2527/1558/1558 483/1559/1559
f 1155/1556/1556 2528/1560/1560 484/1561/1561
f 1155/1556/1556 2529/1562/1562 487/1096/1096
f 1156/1563/1563 2530/1564/1564 207/876/876
f 1156/1563/1563 2531/1565/1565 206/1566/1566
f 1156/1563/1563 2210/958/958 285/960/960
f 1156/1563/1563 2168/875/875 286/650/650
f 1157/1567/1567 2532/1568/1568 711/963/963
f 1157/1567/1567 2533/1569/1569 639/1570/1570
f 1157/1567/1567 2169/878/878 640/880/880
f 1157/1567/1567 2212/962/962 712/655/655
f 1158/1571/1571 2534/1572/1572 25/1317/1317
f 1158/1571/1571 2535/1573/1573 24/1574/1574
f 1158/1571/1571 2161/862/862 23/865/865
f 1158/1571/1571 2395/1316/1316 27/863/863
f 1159/1575/1575 2536/1576/1576 466/870/870
f 1159/1575/1575 2534/1572/1572 24/1574/1574
f 1159/1575/1575 2397/1320/1320 25/1317/1317
f 1159/1575/1575 2165/869/869 468/872/872
f 1160/1577/1577 2537/1578/1578 30/1352/1352
f 1160/1577/1577 2247/1026/1026 31/1025/1025
f 1160/1577/1577 2512/1534/1534 53/940/940
f 1160/1577/1577 2538/1579/1579 55/1087/1087
f 1161/1580/1580 2249/1029/1029 490/943/943
f 1161/1580/1580 2539/1581/1581 472/1030/1030
f 1161/1580/1580 2540/1582/1582 471/1358/1358
f 1161/1580/1580 2514/1537/1537 492/1092/1092
f 1162/1583/1583 2541/1584/1584 289/1402/1402
f 1162/1583/1583 2542/1585/1585 290/1586/1586
f 1162/1583/1583 2497/1503/1503 380/1500/1500
f 1162/1583/1583 2440/1401/1401 245/1404/1404
f 1163/1587/1587 2542/1585/1585 380/1500/1500
f 1163/1587/1587 2543/1588/1588 290/1586/1586
f 1163/1587/1587 2443/1407/1407 715/1410/1410
f 1163/1587/1587 2499/1506/1506 677/1408/1408
f 1164/1589/1589 2242/1015/1015 207/876/876
f 1164/1589/1589 2544/1590/1590 186/1016/1016
f 1164/1589/1589 2545/1591/1591 183/1592/1592
f 1164/1589/1589 2530/1564/1564 206/1566/1566
f 1165/1593/1593 2546/1594/1594 616/1595/1595
f 1165/1593/1593 2245/1022/1022 619/1019/1019
f 1165/1593/1593 2533/1569/1569 640/880/880
f 1165/1593/1593 2547/1596/1596 639/1570/1570
f 1166/1597/1597 2548/1598/1598 375/1463/1463
f 1166/1597/1597 2549/1599/1599 376/1600/1600
f 1166/1597/1597 2550/1601/1601 232/1602/1602
f 1166/1597/1597 2474/1462/1462 230/1452/1452
f 1167/1603/1603 2551/1604/1604 376/1600/1600
f 1167/1603/1603 2552/1605/1605 377/1492/1492
f 1167/1603/1603 2553/1606/1606 234/1607/1607
f 1167/1603/1603 2549/1599/1599 232/1602/1602
f 1168/1608/1608 2554/1609/1609 665/1610/1610
f 1168/1608/1608 2555/1611/1611 793/1612/1612
f 1168/1608/1608 2476/1466/1466 792/1468/1468
f 1168/1608/1608 2556/1613/1613 663/1457/1457
f 1169/1614/1614 2557/1615/1615 667/1616/1616
f 1169/1614/1614 2558/1617/1617 794/1497/1497
f 1169/1614/1614 2554/1609/1609 793/1612/1612
f 1169/1614/1614 2559/1618/1618 665/1610/1610
f 1170/1619/1619 2560/1620/1620 251/1621/1621
f 1170/1619/1619 2052/651/651 250/542/542
f 1170/1619/1619 2175/890/890 248/652/652
f 1170/1619/1619 2561/1622/1622 249/891/891
f 1171/1623/1623 2562/1624/1624 322/1625/1625
f 1171/1623/1623 2563/1626/1626 323/741/741
f 1171/1623/1623 2564/1627/1627 325/757/757
f 1171/1623/1623 2565/1628/1628 320/1629/1629
f 1172/1630/1630 2054/656/656 680/658/658
f 1172/1630/1630 2566/1631/1631 682/547/547
f 1172/1630/1630 2567/1632/1632 683/1633/1633
f 1172/1630/1630 2180/900/900 681/902/902
f 1173/1634/1634 2568/1635/1635 746/762/762
f 1173/1634/1634 2569/1636/1636 744/747/747
f 1173/1634/1634 2570/1637/1637 743/1638/1638
f 1173/1634/1634 2571/1639/1639 741/1640/1640
f 1174/1641/1641 2045/637/637 219/633/633
f 1174/1641/1641 2572/1642/1642 224/638/638
f 1174/1641/1641 2573/1643/1643 223/1644/1644
f 1174/1641/1641 2284/1100/1100 212/1102/1102
f 1175/1645/1645 2574/1646/1646 273/1647/1647
f 1175/1645/1645 2353/1236/1236 124/1231/1231
f 1175/1645/1645 2496/1501/1501 378/1237/1237
f 1175/1645/1645 2575/1648/1648 379/1502/1502
f 1176/1649/1649 2576/1650/1650 656/1651/1651
f 1176/1649/1649 2048/643/643 657/646/646
f 1176/1649/1649 2289/1109/1109 652/644/644
f 1176/1649/1649 2577/1652/1652 645/1110/1110
f 1177/1653/1653 2356/1243/1243 795/1246/1246
f 1177/1653/1653 2578/1654/1654 559/1244/1244
f 1177/1653/1653 2575/1648/1648 273/1647/1647
f 1177/1653/1653 2498/1505/1505 379/1502/1502
f 1178/1655/1655 2579/1656/1656 386/1657/1657
f 1178/1655/1655 1985/516/516 369/519/519
f 1178/1655/1655 2580/1658/1658 370/517/517
f 1179/1659/1659 2581/1660/1660 801/1661/1661
f 1179/1659/1659 1987/521/521 787/524/524
f 1179/1659/1659 2582/1662/1662 786/522/522
f 1180/1663/1663 2583/1664/1664 182/1169/1169
f 1180/1663/1663 2584/1665/1665 191/1666/1666
f 1180/1663/1663 2585/1667/1667 198/1668/1668
f 1180/1663/1663 2320/1168/1168 199/1171/1171
f 1181/1669/1669 2586/1670/1670 631/1671/1671
f 1181/1669/1669 2587/1672/1672 624/1673/1673
f 1181/1669/1669 2325/1179/1179 615/1182/1182
f 1181/1669/1669 2588/1674/1674 632/1180/1180
f 1182/1675/1675 2589/1676/1676 359/1677/1677
f 1182/1675/1675 1830/215/215 357/218/218
f 1182/1675/1675 2128/798/798 358/216/216
f 1182/1675/1675 2590/1678/1678 360/799/799
f 1183/1679/1679 1833/222/222 775/225/225
f 1183/1679/1679 2591/1680/1680 774/223/223
f 1183/1679/1679 2592/1681/1681 776/1682/1682
f 1183/1679/1679 2130/802/802 777/804/804
f 1184/1683/1683 2593/1684/1684 189/1685/1685
f 1184/1683/1683 2594/1686/1686 193/1687/1687
f 1184/1683/1683 2595/1688/1688 190/1689/1689
f 1184/1683/1683 2596/1690/1690 192/1691/1691
f 1185/1692/1692 2597/1693/1693 623/1694/1694
f 1185/1692/1692 2598/1695/1695 626/1696/1696
f 1185/1692/1692 2599/1697/1697 622/1698/1698
f 1185/1692/1692 2600/1699/1699 625/1700/1700
f 1186/1701/1701 2601/1702/1702 87/1703/1703
f 1186/1701/1701 2602/1704/1704 76/1705/1705
f 1186/1701/1701 2603/1706/1706 77/1707/1707
f 1186/1701/1701 2604/1708/1708 101/1709/1709
f 1187/1710/1710 2605/1711/1711 514/1712/1712
f 1187/1710/1710 2606/1713/1713 513/1714/1714
f 1187/1710/1710 2607/1715/1715 524/1716/1716
f 1187/1710/1710 2608/1717/1717 538/1718/1718
f 1188/1719/1719 2609/1720/1720 75/1283/1283
f 1188/1719/1719 2610/1721/1721 73/1722/1722
f 1188/1719/1719 2611/1723/1723 93/1724/1724
f 1188/1719/1719 2427/1377/1377 318/1374/1374
f 1189/1725/1725 2612/1726/1726 530/1727/1727
f 1189/1725/1725 2613/1728/1728 510/1729/1729
f 1189/1725/1725 2430/1382/1382 512/1294/1294
f 1189/1725/1725 2614/1730/1730 739/1383/1383
f 1190/1731/1731 2615/1732/1732 93/1724/1724
f 1190/1731/1731 2616/1733/1733 90/1734/1734
f 1190/1731/1731 2617/1735/1735 60/1736/1736
f 1190/1731/1731 2618/1737/1737 92/1738/1738
f 1191/1739/1739 2619/1740/1740 497/1741/1741
f 1191/1739/1739 2620/1742/1742 527/1743/1743
f 1191/1739/1739 2621/1744/1744 530/1727/1727
f 1191/1739/1739 2622/1745/1745 529/1746/1746
f 1192/1747/1747 2010/566/566 13/564/564
f 1192/1747/1747 2414/1353/1353 15/567/567
f 1192/1747/1747 2233/999/999 14/1001/1001
f 1192/1747/1747 2171/882/882 16/884/884
f 1193/1748/1748 2418/1359/1359 457/1006/1006
f 1193/1748/1748 2012/570/570 458/573/573
f 1193/1748/1748 2174/887/887 456/571/571
f 1193/1748/1748 2236/1005/1005 459/888/888
f 1194/1749/1749 2623/1750/1750 204/1751/1751
f 1194/1749/1749 2390/1308/1308 205/1175/1175
f 1194/1749/1749 2344/1218/1218 155/1220/1220
f 1194/1749/1749 2624/1752/1752 284/988/988
f 1195/1753/1753 2392/1311/1311 588/1225/1225
f 1195/1753/1753 2625/1754/1754 638/1184/1184
f 1195/1753/1753 2626/1755/1755 637/1756/1756
f 1195/1753/1753 2347/1224/1224 710/993/993
f 1196/1757/1757 2491/1491/1491 434/1135/1135
f 1196/1757/1757 2551/1604/1604 377/1492/1492
f 1196/1757/1757 2627/1758/1758 376/1600/1600
f 1196/1757/1757 2359/1250/1250 168/1249/1249
f 1197/1759/1759 2558/1617/1617 793/1612/1612
f 1197/1759/1759 2493/1495/1495 794/1497/1497
f 1197/1759/1759 2361/1253/1253 843/1142/1142
f 1197/1759/1759 2628/1760/1760 601/1254/1254
f 1198/1761/1761 2564/1627/1627 320/1629/1629
f 1198/1761/1761 2340/1210/1210 325/757/757
f 1198/1761/1761 2629/1762/1762 326/1211/1211
f 1198/1761/1761 2630/1763/1763 327/1764/1764
f 1199/1765/1765 2342/1214/1214 747/1216/1216
f 1199/1765/1765 2571/1639/1639 746/762/762
f 1199/1765/1765 2631/1766/1766 741/1640/1640
f 1199/1765/1765 2632/1767/1767 748/1768/1768
f 1200/1769/1769 2413/1351/1351 29/1115/1115
f 1200/1769/1769 2538/1579/1579 30/1352/1352
f 1200/1769/1769 2277/1084/1084 55/1087/1087
f 1200/1769/1769 2633/1770/1770 335/1085/1085
f 1201/1771/1771 2540/1582/1582 492/1092/1092
f 1201/1771/1771 2416/1356/1356 471/1358/1358
f 1201/1771/1771 2634/1772/1772 470/1124/1124
f 1201/1771/1771 2280/1091/1091 752/1094/1094
f 1202/1773/1773 2251/1034/1034 178/1037/1037
f 1202/1773/1773 2635/1774/1774 188/1035/1035
f 1202/1773/1773 2636/1775/1775 197/1776/1776
f 1202/1773/1773 2637/1777/1777 176/1778/1778
f 1203/1779/1779 2638/1780/1780 630/1781/1781
f 1203/1779/1779 2254/1041/1041 621/1044/1044
f 1203/1779/1779 2639/1782/1782 611/1042/1042
f 1203/1779/1779 2640/1783/1783 609/1784/1784
f 1204/1785/1785 2218/972/972 293/975/975
f 1204/1785/1785 2475/1464/1464 159/973/973
f 1204/1785/1785 2641/1786/1786 228/1450/1450
f 1204/1785/1785 2642/1787/1787 226/1788/1788
f 1205/1789/1789 2478/1469/1469 661/1459/1459
f 1205/1789/1789 2223/980/980 592/983/983
f 1205/1789/1789 2643/1790/1790 718/981/981
f 1205/1789/1789 2644/1791/1791 659/1792/1792
f 1206/1793/1793 2645/1794/1794 34/1795/1795
f 1206/1793/1793 2396/1318/1318 33/1315/1315
f 1206/1793/1793 2373/1275/1275 32/930/930
f 1206/1793/1793 2646/1796/1796 9/1276/1276
f 1207/1797/1797 2398/1321/1321 473/933/933
f 1207/1797/1797 2645/1794/1794 33/1315/1315
f 1207/1797/1797 2647/1798/1798 34/1795/1795
f 1207/1797/1797 2375/1280/1280 452/1279/1279
f 1208/1799/1799 2648/1800/1800 200/1801/1801
f 1208/1799/1799 2649/1802/1802 244/1803/1803
f 1208/1799/1799 2439/1399/1399 289/1402/1402
f 1208/1799/1799 2650/1804/1804 283/1400/1400
f 1209/1805/1805 2651/1806/1806 715/1410/1410
f 1209/1805/1805 2652/1807/1807 676/1808/1808
f 1209/1805/1805 2653/1809/1809 633/1810/1810
f 1209/1805/1805 2444/1409/1409 709/1412/1412
f 1210/1811/1811 2401/1327/1327 258/588/588
f 1210/1811/1811 2654/1812/1812 262/1328/1328
f 1210/1811/1811 2655/1813/1813 259/1814/1814
f 1210/1811/1811 2020/587/587 260/590/590
f 1211/1815/1815 2656/1816/1816 689/1817/1817
f 1211/1815/1815 2406/1337/1337 691/1332/1332
f 1211/1815/1815 2025/597/597 688/593/593
f 1211/1815/1815 2657/1818/1818 690/598/598
f 1212/1819/1819 2153/846/846 371/848/848
f 1212/1819/1819 2579/1656/1656 369/519/519
f 1212/1819/1819 2658/1820/1820 386/1657/1657
f 1213/1821/1821 2659/1822/1822 788/851/851
f 1213/1821/1821 2582/1662/1662 801/1661/1661
f 1213/1821/1821 2155/850/850 786/522/522
f 1214/1823/1823 2595/1688/1688 192/1691/1691
f 1214/1823/1823 2660/1824/1824 190/1689/1689
f 1214/1823/1823 2661/1825/1825 182/1169/1169
f 1214/1823/1823 2662/1826/1826 181/1827/1827
f 1215/1828/1828 2663/1829/1829 615/1182/1182
f 1215/1828/1828 2600/1699/1699 623/1694/1694
f 1215/1828/1828 2664/1830/1830 625/1700/1700
f 1215/1828/1828 2665/1831/1831 614/1832/1832
f 1216/1833/1833 2090/724/724 236/719/719
f 1216/1833/1833 2666/1834/1834 235/725/725
f 1216/1833/1833 2667/1835/1835 233/1836/1836
f 1216/1833/1833 2668/1837/1837 234/1607/1607
f 1217/1838/1838 2669/1839/1839 666/1840/1840
f 1217/1838/1838 2093/731/731 668/734/734
f 1217/1838/1838 2670/1841/1841 669/732/732
f 1217/1838/1838 2671/1842/1842 667/1616/1616
f 1218/1843/1843 2611/1723/1723 318/1374/1374
f 1218/1843/1843 2618/1737/1737 93/1724/1724
f 1218/1843/1843 2672/1844/1844 92/1738/1738
f 1218/1843/1843 2673/1845/1845 327/1764/1764
f 1219/1846/1846 2621/1744/1744 529/1746/1746
f 1219/1846/1846 2614/1730/1730 530/1727/1727
f 1219/1846/1846 2674/1847/1847 739/1383/1383
f 1219/1846/1846 2675/1848/1848 748/1768/1768
f 1220/1849/1849 2676/1850/1850 106/1851/1851
f 1220/1849/1849 2346/1221/1221 247/990/990
f 1220/1849/1849 2677/1852/1852 153/1222/1222
f 1220/1849/1849 2678/1853/1853 108/1854/1854
f 1221/1855/1855 2348/1226/1226 586/1228/1228
f 1221/1855/1855 2679/1856/1856 679/996/996
f 1221/1855/1855 2680/1857/1857 542/1858/1858
f 1221/1855/1855 2681/1859/1859 544/1860/1860
f 1222/1861/1861 2019/585/585 258/588/588
f 1222/1861/1861 2682/1862/1862 37/586/586
f 1222/1861/1861 2683/1863/1863 11/1390/1390
f 1222/1861/1861 2402/1329/1329 51/1324/1324
f 1223/1864/1864 2684/1865/1865 454/1397/1397
f 1223/1864/1864 2022/592/592 474/595/595
f 1223/1864/1864 2405/1335/1335 688/593/593
f 1223/1864/1864 2685/1866/1866 488/1336/1336
f 1224/1867/1867 2686/1868/1868 232/1602/1602
f 1224/1867/1867 2687/1869/1869 231/1870/1870
f 1224/1867/1867 2468/1451/1451 229/1033/1033
f 1224/1867/1867 2550/1601/1601 230/1452/1452
f 1225/1871/1871 2688/1872/1872 662/1046/1046
f 1225/1871/1871 2689/1873/1873 664/1874/1874
f 1225/1871/1871 2556/1613/1613 665/1610/1610
f 1225/1871/1871 2470/1455/1455 663/1457/1457
f 1226/1875/1875 2690/1876/1876 211/1877/1877
f 1226/1875/1875 2334/1198/1198 213/1200/1200
f 1226/1875/1875 2450/1420/1420 178/1037/1037
f 1226/1875/1875 2691/1878/1878 185/1421/1421
f 1227/1879/1879 2338/1206/1206 611/1042/1042
f 1227/1879/1879 2692/1880/1880 646/1207/1207
f 1227/1879/1879 2693/1881/1881 644/1882/1882
f 1227/1879/1879 2453/1426/1426 618/1428/1428
f 1228/1883/1883 2694/1884/1884 215/1885/1885
f 1228/1883/1883 2363/1257/1257 187/1014/1014
f 1228/1883/1883 2452/1423/1423 184/1258/1258
f 1228/1883/1883 2695/1886/1886 201/1424/1424
f 1229/1887/1887 2365/1261/1261 617/1263/1263
f 1229/1887/1887 2696/1888/1888 620/1021/1021
f 1229/1887/1887 2697/1889/1889 648/1890/1890
f 1229/1887/1887 2455/1429/1429 634/1431/1431
f 1230/1891/1891 2116/776/776 252/778/778
f 1230/1891/1891 2560/1620/1620 250/542/542
f 1230/1891/1891 2698/1892/1892 251/1621/1621
f 1230/1891/1891 2487/1485/1485 253/1285/1285
f 1231/1893/1893 2566/1631/1631 683/1633/1633
f 1231/1893/1893 2119/781/781 682/547/547
f 1231/1893/1893 2490/1489/1489 684/782/782
f 1231/1893/1893 2699/1894/1894 685/1292/1292
f 1232/1895/1895 2627/1758/1758 168/1249/1249
f 1232/1895/1895 2548/1598/1598 376/1600/1600
f 1232/1895/1895 2700/1896/1896 375/1463/1463
f 1232/1895/1895 2457/1433/1433 170/1268/1268
f 1233/1897/1897 2555/1611/1611 792/1468/1468
f 1233/1897/1897 2628/1760/1760 793/1612/1612
f 1233/1897/1897 2458/1435/1435 601/1254/1254
f 1233/1897/1897 2701/1898/1898 603/1272/1272
f 1234/1899/1899 2228/989/989 156/894/894
f 1234/1899/1899 2676/1850/1850 247/990/990
f 1234/1899/1899 2702/1900/1900 106/1851/1851
f 1234/1899/1899 2703/1901/1901 112/1902/1902
f 1235/1903/1903 2679/1856/1856 542/1858/1858
f 1235/1903/1903 2230/994/994 679/996/996
f 1235/1903/1903 2704/1904/1904 589/899/899
f 1235/1903/1903 2705/1905/1905 548/1906/1906
f 1236/1907/1907 2706/1908/1908 218/1909/1909
f 1236/1907/1907 2707/1910/1910 217/1911/1911
f 1236/1907/1907 2708/1912/1912 216/1913/1913
f 1236/1907/1907 2709/1914/1914 255/1915/1915
f 1237/1916/1916 2710/1917/1917 649/1918/1918
f 1237/1916/1916 2711/1919/1919 650/1920/1920
f 1237/1916/1916 2712/1921/1921 651/1922/1922
f 1237/1916/1916 2713/1923/1923 687/1924/1924
f 1238/1925/1925 2465/1445/1445 161/723/723
f 1238/1925/1925 2714/1926/1926 157/909/909
f 1238/1925/1925 2715/1927/1927 162/1928/1928
f 1238/1925/1925 2716/1929/1929 198/1668/1668
f 1239/1930/1930 2717/1931/1931 595/1932/1932
f 1239/1930/1930 2466/1447/1447 590/914/914
f 1239/1930/1930 2718/1933/1933 594/728/728
f 1239/1930/1930 2719/1934/1934 631/1671/1671
f 1240/1935/1935 2518/1543/1543 51/1324/1324
f 1240/1935/1935 2720/1936/1936 52/1340/1340
f 1240/1935/1935 2721/1937/1937 46/1553/1553
f 1240/1935/1935 2399/1323/1323 334/1326/1326
f 1241/1938/1938 2722/1939/1939 483/1559/1559
f 1241/1938/1938 2521/1548/1548 489/1347/1347
f 1241/1938/1938 2404/1333/1333 488/1336/1336
f 1241/1938/1938 2723/1940/1940 751/1334/1334
f 1242/1941/1941 2724/1942/1942 322/1625/1625
f 1242/1941/1941 2725/1943/1943 56/1944/1944
f 1242/1941/1941 2198/936/936 54/938/938
f 1242/1941/1941 2726/1945/1945 324/341/341
f 1243/1946/1946 2727/1947/1947 491/945/945
f 1243/1946/1946 2728/1948/1948 493/1949/1949
f 1243/1946/1946 2729/1950/1950 743/1638/1638
f 1243/1946/1946 2202/944/944 745/350/350
f 1244/1951/1951 2725/1943/1943 54/938/938
f 1244/1951/1951 2730/1952/1952 56/1944/1944
f 1244/1951/1951 2731/1953/1953 57/1954/1954
f 1244/1951/1951 2513/1535/1535 321/1089/1089
f 1245/1955/1955 2732/1956/1956 494/1957/1957
f 1245/1955/1955 2727/1947/1947 493/1949/1949
f 1245/1955/1955 2515/1538/1538 491/945/945
f 1245/1955/1955 2733/1958/1958 742/1098/1098
f 1246/1959/1959 2734/1960/1960 206/1566/1566
f 1246/1959/1959 2624/1752/1752 204/1751/1751
f 1246/1959/1959 2226/986/986 284/988/988
f 1246/1959/1959 2531/1565/1565 285/960/960
f 1247/1961/1961 2626/1755/1755 710/993/993
f 1247/1961/1961 2735/1962/1962 637/1756/1756
f 1247/1961/1961 2532/1568/1568 639/1570/1570
f 1247/1961/1961 2229/992/992 711/963/963
f 1248/1963/1963 2736/1964/1964 319/1965/1965
f 1248/1963/1963 2630/1763/1763 320/1629/1629
f 1248/1963/1963 2672/1844/1844 327/1764/1764
f 1248/1963/1963 2737/1966/1966 92/1738/1738
f 1249/1967/1967 2631/1766/1766 748/1768/1768
f 1249/1967/1967 2738/1968/1968 741/1640/1640
f 1249/1967/1967 2739/1969/1969 740/1970/1970
f 1249/1967/1967 2675/1848/1848 529/1746/1746
f 1250/1971/1971 2740/1972/1972 212/1102/1102
f 1250/1971/1971 2691/1878/1878 211/1877/1877
f 1250/1971/1971 2481/1475/1475 185/1421/1421
f 1250/1971/1971 2285/1101/1101 210/1104/1104
f 1251/1973/1973 2693/1881/1881 618/1428/1428
f 1251/1973/1973 2741/1974/1974 644/1882/1882
f 1251/1973/1973 2288/1107/1107 645/1110/1110
f 1251/1973/1973 2482/1477/1477 643/1108/1108
f 1252/1975/1975 2742/1976/1976 218/1909/1909
f 1252/1975/1975 2400/1325/1325 262/1328/1328
f 1252/1975/1975 2743/1977/1977 334/1326/1326
f 1252/1975/1975 2744/1978/1978 263/1979/1979
f 1253/1980/1980 2403/1331/1331 751/1334/1334
f 1253/1980/1980 2745/1981/1981 691/1332/1332
f 1253/1980/1980 2746/1982/1982 651/1922/1922
f 1253/1980/1980 2747/1983/1983 692/1984/1984
f 1254/1985/1985 2673/1845/1845 318/1374/1374
f 1254/1985/1985 2629/1762/1762 327/1764/1764
f 1254/1985/1985 2748/1986/1986 326/1211/1211
f 1254/1985/1985 2425/1373/1373 328/1376/1376
f 1255/1987/1987 2632/1767/1767 747/1216/1216
f 1255/1987/1987 2674/1847/1847 748/1768/1768
f 1255/1987/1987 2429/1380/1380 739/1383/1383
f 1255/1987/1987 2749/1988/1988 749/1381/1381
f 1256/1989/1989 2750/1990/1990 183/1592/1592
f 1256/1989/1989 2751/1991/1991 254/1992/1992
f 1256/1989/1989 2752/1993/1993 182/1169/1169
f 1256/1989/1989 2753/1994/1994 203/1995/1995
f 1257/1996/1996 2754/1997/1997 615/1182/1182
f 1257/1996/1996 2755/1998/1998 686/1999/1999
f 1257/1996/1996 2756/2000/2000 616/1595/1595
f 1257/1996/1996 2757/2001/2001 636/2002/2002
f 1258/2003/2003 2758/2004/2004 5/1058/1058
f 1258/2003/2003 2759/2005/2005 6/770/770
f 1258/2003/2003 2760/2006/2006 7/2007/2007
f 1258/2003/2003 2372/1274/1274 9/1276/1276
f 1259/2008/2008 2761/2009/2009 451/2010/2010
f 1259/2008/2008 2762/2011/2011 450/774/774
f 1259/2008/2008 2374/1278/1278 449/1061/1061
f 1259/2008/2008 2763/2012/2012 452/1279/1279
f 1260/2013/2013 2764/2014/2014 255/1915/1915
f 1260/2013/2013 2654/1812/1812 259/1814/1814
f 1260/2013/2013 2742/1976/1976 262/1328/1328
f 1260/2013/2013 2709/1914/1914 218/1909/1909
f 1261/2015/2015 2656/1816/1816 691/1332/1332
f 1261/2015/2015 2765/2016/2016 689/1817/1817
f 1261/2015/2015 2712/1921/1921 687/1924/1924
f 1261/2015/2015 2745/1981/1981 651/1922/1922
f 1262/2017/2017 2766/2018/2018 57/1954/1954
f 1262/2017/2017 2767/2019/2019 91/2020/2020
f 1262/2017/2017 2768/2021/2021 61/2022/2022
f 1262/2017/2017 2769/2023/2023 62/1510/1510
f 1263/2024/2024 2770/2025/2025 498/2026/2026
f 1263/2024/2024 2771/2027/2027 528/2028/2028
f 1263/2024/2024 2772/2029/2029 494/1957/1957
f 1263/2024/2024 2773/2030/2030 499/1517/1517
f 1264/2031/2031 2541/1584/1584 290/1586/1586
f 1264/2031/2031 2649/1802/1802 289/1402/1402
f 1264/2031/2031 2774/2032/2032 244/1803/1803
f 1264/2031/2031 2775/2033/2033 439/2034/2034
f 1265/2035/2035 2651/1806/1806 676/1808/1808
f 1265/2035/2035 2543/1588/1588 715/1410/1410
f 1265/2035/2035 2775/2033/2033 290/1586/1586
f 1265/2035/2035 2776/2036/2036 439/2034/2034
f 1266/2037/2037 2777/2038/2038 189/1685/1685
f 1266/2037/2037 2778/2039/2039 195/2040/2040
f 1266/2037/2037 2666/1834/1834 233/1836/1836
f 1266/2037/2037 2779/2041/2041 235/725/725
f 1267/2042/2042 2780/2043/2043 193/1687/1687
f 1267/2042/2042 2089/722/722 235/725/725
f 1267/2042/2042 2716/1929/1929 161/723/723
f 1267/2042/2042 2781/2044/2044 198/1668/1668
f 1268/2045/2045 2782/2046/2046 666/1840/1840
f 1268/2045/2045 2783/2047/2047 628/2048/2048
f 1268/2045/2045 2784/2049/2049 622/1698/1698
f 1268/2045/2045 2669/1839/1839 668/734/734
f 1269/2050/2050 2094/733/733 594/728/728
f 1269/2050/2050 2785/2051/2051 668/734/734
f 1269/2050/2050 2786/2052/2052 626/1696/1696
f 1269/2050/2050 2718/1933/1933 631/1671/1671
f 1270/2053/2053 2694/1884/1884 187/1014/1014
f 1270/2053/2053 2787/2054/2054 215/1885/1885
f 1270/2053/2053 2788/2055/2055 214/2056/2056
f 1270/2053/2053 2241/1013/1013 186/1016/1016
f 1271/2057/2057 2789/2058/2058 647/2059/2059
f 1271/2057/2057 2696/1888/1888 648/1890/1890
f 1271/2057/2057 2243/1018/1018 620/1021/1021
f 1271/2057/2057 2790/2060/2060 619/1019/1019
f 1272/2061/2061 2667/1835/1835 234/1607/1607
f 1272/2061/2061 2791/2062/2062 233/1836/1836
f 1272/2061/2061 2686/1868/1868 231/1870/1870
f 1272/2061/2061 2553/1606/1606 232/1602/1602
f 1273/2063/2063 2792/2064/2064 664/1874/1874
f 1273/2063/2063 2671/1842/1842 666/1840/1840
f 1273/2063/2063 2559/1618/1618 667/1616/1616
f 1273/2063/2063 2689/1873/1873 665/1610/1610
f 1274/2065/2065 2793/2066/2066 101/1709/1709
f 1274/2065/2065 2794/2067/2067 94/2068/2068
f 1274/2065/2065 2795/2069/2069 89/2070/2070
f 1274/2065/2065 2604/1708/1708 87/1703/1703
f 1275/2071/2071 2796/2072/2072 526/2073/2073
f 1275/2071/2071 2797/2074/2074 531/2075/2075
f 1275/2071/2071 2607/1715/1715 538/1718/1718
f 1275/2071/2071 2798/2076/2076 524/1716/1716
f 1276/2077/2077 2641/1786/1786 226/1788/1788
f 1276/2077/2077 2469/1453/1453 228/1450/1450
f 1276/2077/2077 2336/1201/1201 227/1039/1039
f 1276/2077/2077 2799/2078/2078 225/1202/1202
f 1277/2079/2079 2472/1458/1458 660/1048/1048
f 1277/2079/2079 2644/1791/1791 661/1459/1459
f 1277/2079/2079 2800/2080/2080 659/1792/1792
f 1277/2079/2079 2339/1208/1208 658/1205/1205
f 1278/2081/2081 2648/1800/1800 244/1803/1803
f 1278/2081/2081 2801/2082/2082 200/1801/1801
f 1278/2081/2081 2714/1926/1926 162/1928/1928
f 1278/2081/2081 2802/2083/2083 157/909/909
f 1279/2084/2084 2803/2085/2085 595/1932/1932
f 1279/2084/2084 2652/1807/1807 633/1810/1810
f 1279/2084/2084 2804/2086/2086 676/1808/1808
f 1279/2084/2084 2717/1931/1931 590/914/914
f 1280/2087/2087 2805/2088/2088 261/2089/2089
f 1280/2087/2087 2655/1813/1813 260/590/590
f 1280/2087/2087 2806/2090/2090 259/1814/1814
f 1280/2087/2087 2807/2091/2091 333/2092/2092
f 1281/2093/2093 2657/1818/1818 689/1817/1817
f 1281/2093/2093 2808/2094/2094 690/598/598
f 1281/2093/2093 2807/2091/2091 261/2089/2089
f 1281/2093/2093 2809/2095/2095 333/2092/2092
f 1282/2096/2096 2736/1964/1964 320/1629/1629
f 1282/2096/2096 2810/2097/2097 319/1965/1965
f 1282/2096/2096 2724/1942/1942 56/1944/1944
f 1282/2096/2096 2565/1628/1628 322/1625/1625
f 1283/2098/2098 2811/2099/2099 493/1949/1949
f 1283/2098/2098 2738/1968/1968 740/1970/1970
f 1283/2098/2098 2570/1637/1637 741/1640/1640
f 1283/2098/2098 2728/1948/1948 743/1638/1638
f 1284/2100/2100 2812/2101/2101 256/2102/2102
f 1284/2100/2100 2806/2090/2090 333/2092/2092
f 1284/2100/2100 2764/2014/2014 259/1814/1814
f 1284/2100/2100 2813/2103/2103 255/1915/1915
f 1285/2104/2104 2809/2095/2095 689/1817/1817
f 1285/2104/2104 2812/2101/2101 333/2092/2092
f 1285/2104/2104 2814/2105/2105 256/2102/2102
f 1285/2104/2104 2765/2016/2016 687/1924/1924
f 1286/2106/2106 2815/2107/2107 223/1644/1644
f 1286/2106/2106 2690/1876/1876 213/1200/1200
f 1286/2106/2106 2740/1972/1972 211/1877/1877
f 1286/2106/2106 2573/1643/1643 212/1102/1102
f 1287/2108/2108 2692/1880/1880 644/1882/1882
f 1287/2108/2108 2816/2109/2109 646/1207/1207
f 1287/2108/2108 2577/1652/1652 656/1651/1651
f 1287/2108/2108 2741/1974/1974 645/1110/1110
f 1288/2110/2110 2508/1526/1526 366/1528/1528
f 1288/2110/2110 2078/700/700 363/144/144
f 1288/2110/2110 2817/2111/2111 364/701/701
f 1289/2112/2112 2818/2113/2113 783/1532/1532
f 1289/2112/2112 2080/704/704 781/706/706
f 1289/2112/2112 2511/1531/1531 780/152/152
f 1290/2114/2114 2819/2115/2115 175/2116/2116
f 1290/2114/2114 2695/1886/1886 215/1885/1885
f 1290/2114/2114 2820/2117/2117 201/1424/1424
f 1290/2114/2114 2821/2118/2118 177/2119/2119
f 1291/2120/2120 2697/1889/1889 634/1431/1431
f 1291/2120/2120 2822/2121/2121 648/1890/1890
f 1291/2120/2120 2823/2122/2122 608/2123/2123
f 1291/2120/2120 2824/2124/2124 610/2125/2125
f 1292/2126/2126 2447/1415/1415 224/638/638
f 1292/2126/2126 2642/1787/1787 293/975/975
f 1292/2126/2126 2825/2127/2127 226/1788/1788
f 1292/2126/2126 2572/1642/1642 223/1644/1644
f 1293/2128/2128 2643/1790/1790 659/1792/1792
f 1293/2128/2128 2448/1417/1417 718/981/981
f 1293/2128/2128 2576/1650/1650 657/646/646
f 1293/2128/2128 2826/2129/2129 656/1651/1651
f 1294/2130/2130 2827/2131/2131 316/2132/2132
f 1294/2130/2130 2828/2133/2133 68/2134/2134
f 1294/2130/2130 2829/2135/2135 69/2136/2136
f 1294/2130/2130 2830/2137/2137 317/2138/2138
f 1295/2139/2139 2831/2140/2140 506/2141/2141
f 1295/2139/2139 2832/2142/2142 505/2143/2143
f 1295/2139/2139 2833/2144/2144 737/2145/2145
f 1295/2139/2139 2834/2146/2146 738/2147/2147
f 1296/2148/2148 2835/2149/2149 314/2150/2150
f 1296/2148/2148 2836/2151/2151 317/2138/2138
f 1296/2148/2148 2837/2152/2152 64/2153/2153
f 1296/2148/2148 2838/2154/2154 76/1705/1705
f 1297/2155/2155 2839/2156/2156 501/2157/2157
f 1297/2155/2155 2840/2158/2158 738/2147/2147
f 1297/2155/2155 2841/2159/2159 735/2160/2160
f 1297/2155/2155 2842/2161/2161 513/1714/1714
f 1298/2162/2162 2802/2083/2083 244/1803/1803
f 1298/2162/2162 2183/906/906 157/909/909
f 1298/2162/2162 2843/2163/2163 243/907/907
f 1298/2162/2162 2774/2032/2032 439/2034/2034
f 1299/2164/2164 2187/913/913 243/907/907
f 1299/2164/2164 2804/2086/2086 590/914/914
f 1299/2164/2164 2776/2036/2036 676/1808/1808
f 1299/2164/2164 2843/2163/2163 439/2034/2034
f 1300/2165/2165 2844/2166/2166 79/2167/2167
f 1300/2165/2165 2378/1286/1286 81/1288/1288
f 1300/2165/2165 2178/895/895 249/891/891
f 1300/2165/2165 2845/2168/2168 78/896/896
f 1301/2169/2169 2383/1295/1295 681/902/902
f 1301/2169/2169 2846/2170/2170 518/1296/1296
f 1301/2169/2169 2847/2171/2171 516/2172/2172
f 1301/2169/2169 2181/901/901 515/904/904
f 1302/2173/2173 2848/2174/2174 231/1870/1870
f 1302/2173/2173 2849/2175/2175 195/2040/2040
f 1302/2173/2173 2250/1032/1032 188/1035/1035
f 1302/2173/2173 2687/1869/1869 229/1033/1033
f 1303/2176/2176 2850/2177/2177 621/1044/1044
f 1303/2176/2176 2851/2178/2178 628/2048/2048
f 1303/2176/2176 2688/1872/1872 664/1874/1874
f 1303/2176/2176 2255/1043/1043 662/1046/1046
f 1304/2179/2179 2852/2180/2180 61/2022/2022
f 1304/2179/2179 2853/2181/2181 63/2182/2182
f 1304/2179/2179 2854/2183/2183 48/2184/2184
f 1304/2179/2179 2855/2185/2185 49/1512/1512
f 1305/2186/2186 2856/2187/2187 485/2188/2188
f 1305/2186/2186 2857/2189/2189 500/2190/2190
f 1305/2186/2186 2858/2191/2191 498/2026/2026
f 1305/2186/2186 2859/2192/2192 486/1515/1515
f 1306/2193/2193 2860/2194/2194 38/1542/1542
f 1306/2193/2193 2506/1522/1522 10/1388/1388
f 1306/2193/2193 2293/1116/1116 18/1003/1003
f 1306/2193/2193 2517/1541/1541 28/1117/1117
f 1307/2195/2195 2507/1524/1524 461/1010/1010
f 1307/2195/2195 2861/2196/2196 453/1393/1393
f 1307/2195/2195 2519/1545/1545 475/1547/1547
f 1307/2195/2195 2295/1120/1120 469/1122/1122
f 1308/2197/2197 2760/2006/2006 9/1276/1276
f 1308/2197/2197 2862/2198/2198 7/2007/2007
f 1308/2197/2197 2863/2199/2199 8/2200/2200
f 1308/2197/2197 2646/1796/1796 34/1795/1795
f 1309/2201/2201 2864/2202/2202 8/2200/2200
f 1309/2201/2201 2763/2012/2012 451/2010/2010
f 1309/2201/2201 2647/1798/1798 452/1279/1279
f 1309/2201/2201 2863/2199/2199 34/1795/1795
f 1310/2203/2203 2650/1804/1804 200/1801/1801
f 1310/2203/2203 2865/2204/2204 283/1400/1400
f 1310/2203/2203 2321/1170/1170 202/1173/1173
f 1310/2203/2203 2866/2205/2205 199/1171/1171
f 1311/2206/2206 2867/2207/2207 635/1178/1178
f 1311/2206/2206 2653/1809/1809 709/1412/1412
f 1311/2206/2206 2868/2208/2208 633/1810/1810
f 1311/2206/2206 2324/1177/1177 632/1180/1180
f 1312/2209/2209 2869/2210/2210 257/2211/2211
f 1312/2209/2209 2813/2103/2103 256/2102/2102
f 1312/2209/2209 2708/1912/1912 255/1915/1915
f 1312/2209/2209 2870/2212/2212 216/1913/1913
f 1313/2213/2213 2814/2105/2105 687/1924/1924
f 1313/2213/2213 2869/2210/2210 256/2102/2102
f 1313/2213/2213 2871/2214/2214 257/2211/2211
f 1313/2213/2213 2713/1923/1923 649/1918/1918
f 1314/2215/2215 2872/2216/2216 65/2217/2217
f 1314/2215/2215 2873/2218/2218 64/2153/2153
f 1314/2215/2215 2874/2219/2219 66/2220/2220
f 1314/2215/2215 2875/2221/2221 73/1722/1722
f 1315/2222/2222 2876/2223/2223 503/2224/2224
f 1315/2222/2222 2877/2225/2225 501/2157/2157
f 1315/2222/2222 2878/2226/2226 502/2227/2227
f 1315/2222/2222 2879/2228/2228 510/1729/1729
f 1316/2229/2229 2880/2230/2230 191/1666/1666
f 1316/2229/2229 2594/1686/1686 190/1689/1689
f 1316/2229/2229 2781/2044/2044 193/1687/1687
f 1316/2229/2229 2584/1665/1665 198/1668/1668
f 1317/2231/2231 2597/1693/1693 626/1696/1696
f 1317/2231/2231 2881/2232/2232 623/1694/1694
f 1317/2231/2231 2586/1670/1670 624/1673/1673
f 1317/2231/2231 2786/2052/2052 631/1671/1671
f 1318/2233/2233 2617/1735/1735 92/1738/1738
f 1318/2233/2233 2882/2234/2234 60/1736/1736
f 1318/2233/2233 2883/2235/2235 91/2020/2020
f 1318/2233/2233 2737/1966/1966 319/1965/1965
f 1319/2236/2236 2884/2237/2237 95/2238/2238
f 1319/2236/2236 2794/2067/2067 89/2070/2070
f 1319/2236/2236 2885/2239/2239 94/2068/2068
f 1319/2236/2236 2886/2240/2240 96/2241/2241
f 1320/2242/2242 2887/2243/2243 528/2028/2028
f 1320/2242/2242 2622/1745/1745 497/1741/1741
f 1320/2242/2242 2739/1969/1969 529/1746/1746
f 1320/2242/2242 2888/2244/2244 740/1970/1970
f 1321/2245/2245 2796/2072/2072 531/2075/2075
f 1321/2245/2245 2889/2246/2246 526/2073/2073
f 1321/2245/2245 2890/2247/2247 532/2248/2248
f 1321/2245/2245 2891/2249/2249 533/2250/2250
f 1322/2251/2251 2545/1591/1591 206/1566/1566
f 1322/2251/2251 2753/1994/1994 183/1592/1592
f 1322/2251/2251 2892/2252/2252 203/1995/1995
f 1322/2251/2251 2734/1960/1960 204/1751/1751
f 1323/2253/2253 2756/2000/2000 636/2002/2002
f 1323/2253/2253 2547/1596/1596 616/1595/1595
f 1323/2253/2253 2735/1962/1962 639/1570/1570
f 1323/2253/2253 2893/2254/2254 637/1756/1756
f 1324/2255/2255 2386/1301/1301 153/1222/1222
f 1324/2255/2255 2351/1232/1232 152/1235/1235
f 1324/2255/2255 2894/2256/2256 151/1233/1233
f 1324/2255/2255 2895/2257/2257 111/2258/2258
f 1325/2259/2259 2354/1239/1239 584/1242/1242
f 1325/2259/2259 2389/1306/1306 585/1240/1240
f 1325/2259/2259 2896/2260/2260 586/1228/1228
f 1325/2259/2259 2897/2261/2261 547/2262/2262
f 1326/2263/2263 2898/2264/2264 65/2217/2217
f 1326/2263/2263 2899/2265/2265 148/2266/2266
f 1326/2263/2263 2900/2267/2267 77/1707/1707
f 1326/2263/2263 2872/2216/2216 64/2153/2153
f 1327/2268/2268 2901/2269/2269 514/1712/1712
f 1327/2268/2268 2902/2270/2270 581/2271/2271
f 1327/2268/2268 2877/2225/2225 502/2227/2227
f 1327/2268/2268 2903/2272/2272 501/2157/2157
f 1328/2273/2273 2021/589/589 36/584/584
f 1328/2273/2273 2805/2088/2088 260/590/590
f 1328/2273/2273 2808/2094/2094 261/2089/2089
f 1328/2273/2273 2024/596/596 690/598/598
f 1329/2274/2274 2904/2275/2275 87/1703/1703
f 1329/2274/2274 2905/2276/2276 86/2277/2277
f 1329/2274/2274 2906/2278/2278 84/2279/2279
f 1329/2274/2274 2907/2280/2280 85/2281/2281
f 1330/2282/2282 2908/2283/2283 521/2284/2284
f 1330/2282/2282 2909/2285/2285 523/2286/2286
f 1330/2282/2282 2910/2287/2287 524/1716/1716
f 1330/2282/2282 2911/2288/2288 522/2289/2289
f 1331/2290/2290 2912/2291/2291 35/768/768
f 1331/2290/2290 2862/2198/2198 8/2200/2200
f 1331/2290/2290 2759/2005/2005 7/2007/2007
f 1331/2290/2290 2112/767/767 6/770/770
f 1332/2292/2292 2864/2202/2202 451/2010/2010
f 1332/2292/2292 2912/2291/2291 8/2200/2200
f 1332/2292/2292 2115/773/773 35/768/768
f 1332/2292/2292 2761/2009/2009 450/774/774
f 1333/2293/2293 2829/2135/2135 317/2138/2138
f 1333/2293/2293 2913/2294/2294 69/2136/2136
f 1333/2293/2293 2873/2218/2218 66/2220/2220
f 1333/2293/2293 2836/2151/2151 64/2153/2153
f 1334/2295/2295 2914/2296/2296 397/2297/2297
f 1334/2295/2295 2915/2298/2298 177/2119/2119
f 1334/2295/2295 2637/1777/1777 178/1037/1037
f 1334/2295/2295 2916/2299/2299 176/1778/1778
f 1335/2300/2300 2917/2301/2301 503/2224/2224
f 1335/2300/2300 2834/2146/2146 506/2141/2141
f 1335/2300/2300 2839/2156/2156 738/2147/2147
f 1335/2300/2300 2876/2223/2223 501/2157/2157
f 1336/2302/2302 2918/2303/2303 611/1042/1042
f 1336/2302/2302 2919/2304/2304 610/2125/2125
f 1336/2302/2302 2920/2305/2305 811/2306/2306
f 1336/2302/2302 2639/1782/1782 609/1784/1784
f 1337/2307/2307 2913/2294/2294 66/2220/2220
f 1337/2307/2307 2921/2308/2308 69/2136/2136
f 1337/2307/2307 2615/1732/1732 90/1734/1734
f 1337/2307/2307 2922/2309/2309 93/1724/1724
f 1338/2310/2310 2923/2311/2311 527/1743/1743
f 1338/2310/2310 2917/2301/2301 506/2141/2141
f 1338/2310/2310 2924/2312/2312 503/2224/2224
f 1338/2310/2310 2620/1742/1742 530/1727/1727
f 1339/2313/2313 2925/2314/2314 196/2315/2315
f 1339/2313/2313 2635/1774/1774 197/1776/1776
f 1339/2313/2313 2849/2175/2175 188/1035/1035
f 1339/2313/2313 2926/2316/2316 195/2040/2040
f 1340/2317/2317 2638/1780/1780 621/1044/1044
f 1340/2317/2317 2927/2318/2318 630/1781/1781
f 1340/2317/2317 2928/2319/2319 629/2320/2320
f 1340/2317/2317 2850/2177/2177 628/2048/2048
f 1341/2321/2321 2819/2115/2115 215/1885/1885
f 1341/2321/2321 2929/2322/2322 175/2116/2116
f 1341/2321/2321 2930/2323/2323 174/2324/2324
f 1341/2321/2321 2787/2054/2054 214/2056/2056
f 1342/2325/2325 2931/2326/2326 607/2327/2327
f 1342/2325/2325 2822/2121/2121 608/2123/2123
f 1342/2325/2325 2789/2058/2058 648/1890/1890
f 1342/2325/2325 2932/2328/2328 647/2059/2059
f 1343/2329/2329 2933/2330/2330 71/2331/2331
f 1343/2329/2329 2934/2332/2332 72/2333/2333
f 1343/2329/2329 2935/2334/2334 264/2335/2335
f 1343/2329/2329 2936/2336/2336 217/1911/1911
f 1344/2337/2337 2937/2338/2338 693/2339/2339
f 1344/2337/2337 2938/2340/2340 509/2341/2341
f 1344/2337/2337 2939/2342/2342 508/2343/2343
f 1344/2337/2337 2940/2344/2344 650/1920/1920
f 1345/2345/2345 2941/2346/2346 269/2347/2347
f 1345/2345/2345 2942/2348/2348 105/2349/2349
f 1345/2345/2345 2943/2350/2350 107/2351/2351
f 1345/2345/2345 2944/2352/2352 267/2353/2353
f 1346/2354/2354 2945/2355/2355 543/2356/2356
f 1346/2354/2354 2946/2357/2357 541/2358/2358
f 1346/2354/2354 2947/2359/2359 698/2360/2360
f 1346/2354/2354 2948/2361/2361 696/2362/2362
f 1347/2363/2363 2601/1702/1702 76/1705/1705
f 1347/2363/2363 2949/2364/2364 87/1703/1703
f 1347/2363/2363 2950/2365/2365 313/2366/2366
f 1347/2363/2363 2838/2154/2154 314/2150/2150
f 1348/2367/2367 2951/2368/2368 734/2369/2369
f 1348/2367/2367 2606/1713/1713 524/1716/1716
f 1348/2367/2367 2841/2159/2159 513/1714/1714
f 1348/2367/2367 2952/2370/2370 735/2160/2160
f 1349/2371/2371 2953/2372/2372 61/2022/2022
f 1349/2371/2371 2954/2373/2373 60/1736/1736
f 1349/2371/2371 2955/2374/2374 67/2375/2375
f 1349/2371/2371 2852/2180/2180 63/2182/2182
f 1350/2376/2376 2956/2377/2377 504/2378/2378
f 1350/2376/2376 2957/2379/2379 497/1741/1741
f 1350/2376/2376 2857/2189/2189 498/2026/2026
f 1350/2376/2376 2958/2380/2380 500/2190/2190
f 1351/2381/2381 2828/2133/2133 69/2136/2136
f 1351/2381/2381 2959/2382/2382 68/2134/2134
f 1351/2381/2381 2960/2383/2383 67/2375/2375
f 1351/2381/2381 2921/2308/2308 90/1734/1734
f 1352/2384/2384 2961/2385/2385 504/2378/2378
f 1352/2384/2384 2831/2140/2140 505/2143/2143
f 1352/2384/2384 2923/2311/2311 506/2141/2141
f 1352/2384/2384 2962/2386/2386 527/1743/1743
f 1353/2387/2387 2935/2334/2334 217/1911/1911
f 1353/2387/2387 2963/2388/2388 264/2335/2335
f 1353/2387/2387 2964/2389/2389 265/2390/2390
f 1353/2387/2387 2707/1910/1910 216/1913/1913
f 1354/2391/2391 2965/2392/2392 694/2393/2393
f 1354/2391/2391 2940/2344/2344 693/2339/2339
f 1354/2391/2391 2710/1917/1917 650/1920/1920
f 1354/2391/2391 2966/2394/2394 649/1918/1918
f 1355/2395/2395 2379/1287/1287 75/1283/1283
f 1355/2395/2395 2967/2396/2396 81/1288/1288
f 1355/2395/2395 2968/2397/2397 82/2398/2398
f 1355/2395/2395 2969/2399/2399 74/2400/2400
f 1356/2401/2401 2970/2402/2402 519/2403/2403
f 1356/2401/2401 2382/1293/1293 518/1296/1296
f 1356/2401/2401 2971/2404/2404 512/1294/1294
f 1356/2401/2401 2972/2405/2405 511/2406/2406
f 1357/2407/2407 2585/1667/1667 199/1171/1171
f 1357/2407/2407 2715/1927/1927 198/1668/1668
f 1357/2407/2407 2801/2082/2082 162/1928/1928
f 1357/2407/2407 2866/2205/2205 200/1801/1801
f 1358/2408/2408 2719/1934/1934 595/1932/1932
f 1358/2408/2408 2588/1674/1674 631/1671/1671
f 1358/2408/2408 2868/2208/2208 632/1180/1180
f 1358/2408/2408 2803/2085/2085 633/1810/1810
f 1359/2409/2409 2973/2410/2410 263/1979/1979
f 1359/2409/2409 2974/2411/2411 47/1551/1551
f 1359/2409/2409 2975/2412/2412 48/2184/2184
f 1359/2409/2409 2976/2413/2413 71/2331/2331
f 1360/2414/2414 2977/2415/2415 485/2188/2188
f 1360/2414/2414 2978/2416/2416 484/1561/1561
f 1360/2414/2414 2979/2417/2417 692/1984/1984
f 1360/2414/2414 2980/2418/2418 508/2343/2343
f 1361/2419/2419 2721/1937/1937 334/1326/1326
f 1361/2419/2419 2522/1550/1550 46/1553/1553
f 1361/2419/2419 2973/2410/2410 47/1551/1551
f 1361/2419/2419 2743/1977/1977 263/1979/1979
f 1362/2420/2420 2527/1558/1558 484/1561/1561
f 1362/2420/2420 2723/1940/1940 483/1559/1559
f 1362/2420/2420 2747/1983/1983 751/1334/1334
f 1362/2420/2420 2978/2416/2416 692/1984/1984
f 1363/2421/2421 2981/2422/2422 194/2423/2423
f 1363/2421/2421 2596/1690/1690 189/1685/1685
f 1363/2421/2421 2982/2424/2424 192/1691/1691
f 1363/2421/2421 2983/2425/2425 171/2426/2426
f 1364/2427/2427 2599/1697/1697 625/1700/1700
f 1364/2427/2427 2984/2428/2428 622/1698/1698
f 1364/2427/2427 2985/2429/2429 627/2430/2430
f 1364/2427/2427 2986/2431/2431 604/2432/2432
f 1365/2433/2433 2987/2434/2434 100/2435/2435
f 1365/2433/2433 2988/2436/2436 99/2437/2437
f 1365/2433/2433 2793/2066/2066 94/2068/2068
f 1365/2433/2433 2989/2438/2438 101/1709/1709
f 1366/2439/2439 2990/2440/2440 531/2075/2075
f 1366/2439/2439 2991/2441/2441 536/2442/2442
f 1366/2439/2439 2992/2443/2443 537/2444/2444
f 1366/2439/2439 2797/2074/2074 538/1718/1718
f 1367/2445/2445 2408/1341/1341 45/1343/1343
f 1367/2445/2445 2633/1770/1770 29/1115/1115
f 1367/2445/2445 2276/1082/1082 335/1085/1085
f 1367/2445/2445 2524/1554/1554 50/1083/1083
f 1368/2446/2446 2634/1772/1772 752/1094/1094
f 1368/2446/2446 2412/1348/1348 470/1124/1124
f 1368/2446/2446 2529/1562/1562 482/1349/1349
f 1368/2446/2446 2281/1093/1093 487/1096/1096
f 1369/2447/2447 2730/1952/1952 57/1954/1954
f 1369/2447/2447 2810/2097/2097 56/1944/1944
f 1369/2447/2447 2883/2235/2235 319/1965/1965
f 1369/2447/2447 2766/2018/2018 91/2020/2020
f 1370/2448/2448 2811/2099/2099 740/1970/1970
f 1370/2448/2448 2732/1956/1956 493/1949/1949
f 1370/2448/2448 2771/2027/2027 494/1957/1957
f 1370/2448/2448 2888/2244/2244 528/2028/2028
f 1371/2449/2449 2830/2137/2137 316/2132/2132
f 1371/2449/2449 2835/2149/2149 317/2138/2138
f 1371/2449/2449 2993/2450/2450 314/2150/2150
f 1371/2449/2449 2994/2451/2451 315/2452/2452
f 1372/2453/2453 2840/2158/2158 735/2160/2160
f 1372/2453/2453 2833/2144/2144 738/2147/2147
f 1372/2453/2453 2995/2454/2454 737/2145/2145
f 1372/2453/2453 2996/2455/2455 736/2456/2456
f 1373/2457/2457 2997/2458/2458 144/2459/2459
f 1373/2457/2457 2998/2460/2460 107/2351/2351
f 1373/2457/2457 2350/1230/1230 151/1233/1233
f 1373/2457/2457 2999/2461/2461 124/1231/1231
f 1374/2462/2462 3000/2463/2463 584/1242/1242
f 1374/2462/2462 3001/2464/2464 543/2356/2356
f 1374/2462/2462 3002/2465/2465 577/2466/2466
f 1374/2462/2462 2355/1241/1241 559/1244/1244
f 1375/2467/2467 2744/1978/1978 218/1909/1909
f 1375/2467/2467 2976/2413/2413 263/1979/1979
f 1375/2467/2467 2936/2336/2336 71/2331/2331
f 1375/2467/2467 2706/1908/1908 217/1911/1911
f 1376/2468/2468 2979/2417/2417 508/2343/2343
f 1376/2468/2468 2746/1982/1982 692/1984/1984
f 1376/2468/2468 2711/1919/1919 651/1922/1922
f 1376/2468/2468 2939/2342/2342 650/1920/1920
f 1377/2469/2469 2967/2396/2396 82/2398/2398
f 1377/2469/2469 2844/2166/2166 81/1288/1288
f 1377/2469/2469 3003/2470/2470 79/2167/2167
f 1377/2469/2469 3004/2471/2471 147/2472/2472
f 1378/2473/2473 2846/2170/2170 516/2172/2172
f 1378/2473/2473 2970/2402/2402 518/1296/1296
f 1378/2473/2473 3005/2474/2474 519/2403/2403
f 1378/2473/2473 3006/2475/2475 580/2476/2476
f 1379/2477/2477 2854/2183/2183 49/1512/1512
f 1379/2477/2477 2974/2411/2411 48/2184/2184
f 1379/2477/2477 2525/1555/1555 47/1551/1551
f 1379/2477/2477 2502/1511/1511 50/1083/1083
f 1380/2478/2478 2977/2415/2415 484/1561/1561
f 1380/2478/2478 2859/2192/2192 485/2188/2188
f 1380/2478/2478 2505/1518/1518 486/1515/1515
f 1380/2478/2478 2528/1560/1560 487/1096/1096
f 1381/2479/2479 3007/2480/2480 194/2423/2423
f 1381/2479/2479 2926/2316/2316 196/2315/2315
f 1381/2479/2479 2777/2038/2038 195/2040/2040
f 1381/2479/2479 2981/2422/2422 189/1685/1685
f 1382/2481/2481 2928/2319/2319 628/2048/2048
f 1382/2481/2481 3008/2482/2482 629/2320/2320
f 1382/2481/2481 2984/2428/2428 627/2430/2430
f 1382/2481/2481 2783/2047/2047 622/1698/1698
f 1383/2483/2483 3009/2484/2484 429/2485/2485
f 1383/2483/2483 2963/2388/2388 265/2390/2390
f 1383/2483/2483 3010/2486/2486 264/2335/2335
f 1383/2483/2483 3011/2487/2487 431/2488/2488
f 1384/2489/2489 2965/2392/2392 693/2339/2339
f 1384/2489/2489 3012/2490/2490 694/2393/2393
f 1384/2489/2489 3013/2491/2491 839/2492/2492
f 1384/2489/2489 3014/2493/2493 841/2494/2494
f 1385/2495/2495 3015/2496/2496 267/2353/2353
f 1385/2495/2495 3016/2497/2497 246/2498/2498
f 1385/2495/2495 3017/2499/2499 270/2500/2500
f 1385/2495/2495 2944/2352/2352 269/2347/2347
f 1386/2501/2501 3018/2502/2502 699/2503/2503
f 1386/2501/2501 3019/2504/2504 678/2505/2505
f 1386/2501/2501 2947/2359/2359 696/2362/2362
f 1386/2501/2501 3020/2506/2506 698/2360/2360
f 1387/2507/2507 3021/2508/2508 214/2056/2056
f 1387/2507/2507 2750/1990/1990 254/1992/1992
f 1387/2507/2507 2544/1590/1590 183/1592/1592
f 1387/2507/2507 2788/2055/2055 186/1016/1016
f 1388/2509/2509 2755/1998/1998 616/1595/1595
f 1388/2509/2509 3022/2510/2510 686/1999/1999
f 1388/2509/2509 2790/2060/2060 647/2059/2059
f 1388/2509/2509 2546/1594/1594 619/1019/1019
f 1389/2511/2511 2929/2322/2322 174/2324/2324
f 1389/2511/2511 3023/2512/2512 175/2116/2116
f 1389/2511/2511 3024/2513/2513 172/2514/2514
f 1389/2511/2511 3025/2515/2515 398/2516/2516
f 1390/2517/2517 3026/2518/2518 605/2519/2519
f 1390/2517/2517 2931/2326/2326 608/2123/2123
f 1390/2517/2517 3027/2520/2520 607/2327/2327
f 1390/2517/2517 3028/2521/2521 812/2522/2522
f 1391/2523/2523 3029/2524/2524 273/1647/1647
f 1391/2523/2523 3030/2525/2525 141/2526/2526
f 1391/2523/2523 3031/2527/2527 126/2528/2528
f 1391/2523/2523 2574/1646/1646 124/1231/1231
f 1392/2529/2529 3032/2530/2530 561/2531/2531
f 1392/2529/2529 3029/2524/2524 141/2526/2526
f 1392/2529/2529 2578/1654/1654 273/1647/1647
f 1392/2529/2529 3033/2532/2532 559/1244/1244
f 1393/2533/2533 2636/1775/1775 176/1778/1778
f 1393/2533/2533 2925/2314/2314 197/1776/1776
f 1393/2533/2533 3034/2534/2534 196/2315/2315
f 1393/2533/2533 3035/2535/2535 173/2536/2536
f 1394/2537/2537 2927/2318/2318 629/2320/2320
f 1394/2537/2537 2640/1783/1783 630/1781/1781
f 1394/2537/2537 3036/2538/2538 609/1784/1784
f 1394/2537/2537 3037/2539/2539 606/2540/2540
f 1395/2541/2541 2884/2237/2237 89/2070/2070
f 1395/2541/2541 3038/2542/2542 95/2238/2238
f 1395/2541/2541 3039/2543/2543 103/2544/2544
f 1395/2541/2541 3040/2545/2545 437/2546/2546
f 1396/2547/2547 3041/2548/2548 103/2544/2544
f 1396/2547/2547 2889/2246/2246 532/2248/2248
f 1396/2547/2547 3042/2549/2549 526/2073/2073
f 1396/2547/2547 3039/2543/2543 437/2546/2546
f 1397/2550/2550 2516/1540/1540 38/1542/1542
f 1397/2550/2550 2683/1863/1863 51/1324/1324
f 1397/2550/2550 2433/1387/1387 11/1390/1390
f 1397/2550/2550 2860/2194/2194 10/1388/1388
f 1398/2551/2551 2685/1866/1866 454/1397/1397
f 1398/2551/2551 2520/1546/1546 488/1336/1336
f 1398/2551/2551 2861/2196/2196 475/1547/1547
f 1398/2551/2551 2438/1396/1396 453/1393/1393
f 1399/2552/2552 3043/2553/2553 416/2554/2554
f 1399/2552/2552 3044/2555/2555 411/2556/2556
f 1399/2552/2552 2827/2131/2131 68/2134/2134
f 1399/2552/2552 3045/2557/2557 316/2132/2132
f 1400/2558/2558 3046/2559/2559 505/2143/2143
f 1400/2558/2558 3047/2560/2560 824/2561/2561
f 1400/2558/2558 3048/2562/2562 828/2563/2563
f 1400/2558/2558 2832/2142/2142 737/2145/2145
f 1401/2564/2564 3003/2470/2470 147/2472/2472
f 1401/2564/2564 3049/2565/2565 79/2167/2167
f 1401/2564/2564 3050/2566/2566 80/2567/2567
f 1401/2564/2564 3051/2568/2568 110/2569/2569
f 1402/2570/2570 3052/2571/2571 517/2572/2572
f 1402/2570/2570 3006/2475/2475 516/2172/2172
f 1402/2570/2570 3053/2573/2573 580/2476/2476
f 1402/2570/2570 3054/2574/2574 546/2575/2575
f 1403/2576/2576 2993/2450/2450 315/2452/2452
f 1403/2576/2576 2950/2365/2365 314/2150/2150
f 1403/2576/2576 3055/2577/2577 313/2366/2366
f 1403/2576/2576 3056/2578/2578 329/2579/2579
f 1404/2580/2580 2952/2370/2370 734/2369/2369
f 1404/2580/2580 2996/2455/2455 735/2160/2160
f 1404/2580/2580 3057/2581/2581 736/2456/2456
f 1404/2580/2580 3058/2582/2582 750/2583/2583
f 1405/2584/2584 3010/2486/2486 431/2488/2488
f 1405/2584/2584 2934/2332/2332 264/2335/2335
f 1405/2584/2584 3059/2585/2585 72/2333/2333
f 1405/2584/2584 3060/2586/2586 432/2587/2587
f 1406/2588/2588 2937/2338/2338 509/2341/2341
f 1406/2588/2588 3014/2493/2493 693/2339/2339
f 1406/2588/2588 3061/2589/2589 841/2494/2494
f 1406/2588/2588 3062/2590/2590 842/2591/2591
f 1407/2592/2592 2623/1750/1750 205/1175/1175
f 1407/2592/2592 2892/2252/2252 204/1751/1751
f 1407/2592/2592 2752/1993/1993 203/1995/1995
f 1407/2592/2592 2323/1174/1174 182/1169/1169
f 1408/2593/2593 2916/2299/2299 397/2297/2297
f 1408/2593/2593 3035/2535/2535 176/1778/1778
f 1408/2593/2593 3063/2594/2594 173/2536/2536
f 1408/2593/2593 3064/2595/2595 396/2596/2596
f 1409/2597/2597 2893/2254/2254 636/2002/2002
f 1409/2597/2597 2625/1754/1754 637/1756/1756
f 1409/2597/2597 2326/1181/1181 638/1184/1184
f 1409/2597/2597 2757/2001/2001 615/1182/1182
f 1410/2598/2598 3036/2538/2538 606/2540/2540
f 1410/2598/2598 2920/2305/2305 609/1784/1784
f 1410/2598/2598 3065/2599/2599 811/2306/2306
f 1410/2598/2598 3066/2600/2600 810/2601/2601
f 1411/2602/2602 3067/2603/2603 134/2604/2604
f 1411/2602/2602 3068/2605/2605 133/2606/2606
f 1411/2602/2602 3069/2607/2607 120/2608/2608
f 1411/2602/2602 3070/2609/2609 123/2610/2610
f 1412/2611/2611 3071/2612/2612 555/2613/2613
f 1412/2611/2611 3072/2614/2614 567/2615/2615
f 1412/2611/2611 3073/2616/2616 568/2617/2617
f 1412/2611/2611 3074/2618/2618 558/2619/2619
f 1413/2620/2620 3075/2621/2621 150/2622/2622
f 1413/2620/2620 3076/2623/2623 143/2624/2624
f 1413/2620/2620 3068/2605/2605 120/2608/2608
f 1413/2620/2620 3077/2625/2625 133/2606/2606
f 1414/2626/2626 3078/2627/2627 555/2613/2613
f 1414/2626/2626 3079/2628/2628 576/2629/2629
f 1414/2626/2626 3080/2630/2630 583/2631/2631
f 1414/2626/2626 3071/2612/2612 567/2615/2615
f 1415/2632/2632 3081/2633/2633 431/2488/2488
f 1415/2632/2632 3082/2634/2634 406/2635/2635
f 1415/2632/2632 3083/2636/2636 404/2637/2637
f 1415/2632/2632 3011/2487/2487 429/2485/2485
f 1416/2638/2638 3084/2639/2639 817/2640/2640
f 1416/2638/2638 3085/2641/2641 819/2642/2642
f 1416/2638/2638 3013/2491/2491 841/2494/2494
f 1416/2638/2638 3086/2643/2643 839/2492/2492
f 1417/2644/2644 3045/2557/2557 416/2554/2554
f 1417/2644/2644 3087/2645/2645 316/2132/2132
f 1417/2644/2644 3088/2646/2646 413/2647/2647
f 1417/2644/2644 3089/2648/2648 418/2649/2649
f 1418/2650/2650 3090/2651/2651 825/2652/2652
f 1418/2650/2650 3048/2562/2562 737/2145/2145
f 1418/2650/2650 3091/2653/2653 828/2563/2563
f 1418/2650/2650 3092/2654/2654 830/2655/2655
f 1419/2656/2656 2982/2424/2424 171/2426/2426
f 1419/2656/2656 2662/1826/1826 192/1691/1691
f 1419/2656/2656 3093/2657/2657 181/1827/1827
f 1419/2656/2656 3094/2658/2658 398/2516/2516
f 1420/2659/2659 2664/1830/1830 614/1832/1832
f 1420/2659/2659 2986/2431/2431 625/1700/1700
f 1420/2659/2659 3095/2660/2660 604/2432/2432
f 1420/2659/2659 3096/2661/2661 812/2522/2522
f 1421/2662/2662 3097/2663/2663 125/2664/2664
f 1421/2662/2662 3098/2665/2665 142/2666/2666
f 1421/2662/2662 2999/2461/2461 144/2459/2459
f 1421/2662/2662 3099/2667/2667 124/1231/1231
f 1422/2668/2668 3100/2669/2669 143/2624/2624
f 1422/2668/2668 3101/2670/2670 118/2671/2671
f 1422/2668/2668 3102/2672/2672 119/2673/2673
f 1422/2668/2668 3076/2623/2623 120/2608/2608
f 1423/2674/2674 3103/2675/2675 577/2466/2466
f 1423/2674/2674 3104/2676/2676 575/2677/2677
f 1423/2674/2674 3105/2678/2678 560/2679/2679
f 1423/2674/2674 3002/2465/2465 559/1244/1244
f 1424/2680/2680 3106/2681/2681 554/2682/2682
f 1424/2680/2680 3107/2683/2683 553/2684/2684
f 1424/2680/2680 3078/2627/2627 576/2629/2629
f 1424/2680/2680 3108/2685/2685 555/2613/2613
f 1425/2686/2686 3109/2687/2687 137/2688/2688
f 1425/2686/2686 3016/2497/2497 270/2500/2500
f 1425/2686/2686 3110/2689/2689 246/2498/2498
f 1425/2686/2686 3111/2690/2690 135/2691/2691
f 1426/2692/2692 3018/2502/2502 678/2505/2505
f 1426/2692/2692 3112/2693/2693 699/2503/2503
f 1426/2692/2692 3113/2694/2694 571/2695/2695
f 1426/2692/2692 3114/2696/2696 569/2697/2697
f 1427/2698/2698 3082/2634/2634 404/2637/2637
f 1427/2698/2698 3115/2699/2699 406/2635/2635
f 1427/2698/2698 3116/2700/2700 405/2701/2701
f 1427/2698/2698 3117/2702/2702 403/2703/2703
f 1428/2704/2704 3118/2705/2705 818/2706/2706
f 1428/2704/2704 3084/2639/2639 819/2642/2642
f 1428/2704/2704 3119/2707/2707 817/2640/2640
f 1428/2704/2704 3120/2708/2708 816/2709/2709
f 1429/2710/2710 3121/2711/2711 89/2070/2070
f 1429/2710/2710 3122/2712/2712 88/2713/2713
f 1429/2710/2710 2904/2275/2275 86/2277/2277
f 1429/2710/2710 2795/2069/2069 87/1703/1703
f 1430/2714/2714 3123/2715/2715 523/2286/2286
f 1430/2714/2714 3124/2716/2716 525/2717/2717
f 1430/2714/2714 2798/2076/2076 526/2073/2073
f 1430/2714/2714 2909/2285/2285 524/1716/1716
f 1431/2718/2718 2870/2212/2212 257/2211/2211
f 1431/2718/2718 3125/2719/2719 216/1913/1913
f 1431/2718/2718 3126/2720/2720 266/2721/2721
f 1431/2718/2718 3127/2722/2722 412/2723/2723
f 1432/2724/2724 3128/2725/2725 695/2726/2726
f 1432/2724/2724 2871/2214/2214 649/1918/1918
f 1432/2724/2724 3127/2722/2722 257/2211/2211
f 1432/2724/2724 3129/2727/2727 412/2723/2723
f 1433/2728/2728 2825/2127/2127 223/1644/1644
f 1433/2728/2728 2799/2078/2078 226/1788/1788
f 1433/2728/2728 2335/1199/1199 225/1202/1202
f 1433/2728/2728 2815/2107/2107 213/1200/1200
f 1434/2729/2729 2800/2080/2080 658/1205/1205
f 1434/2729/2729 2826/2129/2129 659/1792/1792
f 1434/2729/2729 2816/2109/2109 656/1651/1651
f 1434/2729/2729 2337/1204/1204 646/1207/1207
f 1435/2730/2730 3130/2731/2731 179/2732/2732
f 1435/2730/2730 3131/2733/2733 180/2734/2734
f 1435/2730/2730 2751/1991/1991 182/1169/1169
f 1435/2730/2730 3132/2735/2735 254/1992/1992
f 1436/2736/2736 3133/2737/2737 615/1182/1182
f 1436/2736/2736 3134/2738/2738 613/2739/2739
f 1436/2736/2736 3135/2740/2740 612/2741/2741
f 1436/2736/2736 2754/1997/1997 686/1999/1999
f 1437/2742/2742 3136/2743/2743 271/2744/2744
f 1437/2742/2742 3121/2711/2711 88/2713/2713
f 1437/2742/2742 3040/2545/2545 89/2070/2070
f 1437/2742/2742 3137/2745/2745 437/2546/2546
f 1438/2746/2746 3124/2716/2716 526/2073/2073
f 1438/2746/2746 3138/2747/2747 525/2717/2717
f 1438/2746/2746 3137/2745/2745 271/2744/2744
f 1438/2746/2746 3042/2549/2549 437/2546/2546
f 1439/2748/2748 3139/2749/2749 70/2750/2750
f 1439/2748/2748 2853/2181/2181 48/2184/2184
f 1439/2748/2748 3140/2751/2751 63/2182/2182
f 1439/2748/2748 3141/2752/2752 410/2753/2753
f 1440/2754/2754 2856/2187/2187 500/2190/2190
f 1440/2754/2754 3142/2755/2755 485/2188/2188
f 1440/2754/2754 3143/2756/2756 507/2757/2757
f 1440/2754/2754 3144/2758/2758 823/2759/2759
f 1441/2760/2760 2177/893/893 78/896/896
f 1441/2760/2760 2703/1901/1901 156/894/894
f 1441/2760/2760 3145/2761/2761 112/1902/1902
f 1441/2760/2760 3146/2762/2762 80/2567/2567
f 1442/2763/2763 2704/1904/1904 548/1906/1906
f 1442/2763/2763 2182/903/903 589/899/899
f 1442/2763/2763 3147/2764/2764 515/904/904
f 1442/2763/2763 3148/2765/2765 517/2572/2572
f 1443/2766/2766 3149/2767/2767 149/2768/2768
f 1443/2766/2766 3150/2769/2769 144/2459/2459
f 1443/2766/2766 3075/2621/2621 143/2624/2624
f 1443/2766/2766 3151/2770/2770 150/2622/2622
f 1444/2771/2771 3152/2772/2772 576/2629/2629
f 1444/2771/2771 3153/2773/2773 577/2466/2466
f 1444/2771/2771 3154/2774/2774 582/2775/2775
f 1444/2771/2771 3079/2628/2628 583/2631/2631
f 1445/2776/2776 3155/2777/2777 418/2649/2649
f 1445/2776/2776 3156/2778/2778 417/2779/2779
f 1445/2776/2776 3157/2780/2780 415/2781/2781
f 1445/2776/2776 3089/2648/2648 416/2554/2554
f 1446/2782/2782 3158/2783/2783 827/2784/2784
f 1446/2782/2782 3159/2785/2785 829/2786/2786
f 1446/2782/2782 3091/2653/2653 830/2655/2655
f 1446/2782/2782 3160/2787/2787 828/2563/2563
f 1447/2788/2788 3064/2595/2595 397/2297/2297
f 1447/2788/2788 3161/2789/2789 396/2596/2596
f 1447/2788/2788 2821/2118/2118 175/2116/2116
f 1447/2788/2788 2914/2296/2296 177/2119/2119
f 1448/2790/2790 3162/2791/2791 608/2123/2123
f 1448/2790/2790 3065/2599/2599 810/2601/2601
f 1448/2790/2790 2919/2304/2304 811/2306/2306
f 1448/2790/2790 2823/2122/2122 610/2125/2125
f 1449/2792/2792 3163/2793/2793 406/2635/2635
f 1449/2792/2792 3164/2794/2794 408/2795/2795
f 1449/2792/2792 3165/2796/2796 407/2797/2797
f 1449/2792/2792 3115/2699/2699 405/2701/2701
f 1450/2798/2798 3166/2799/2799 820/2800/2800
f 1450/2798/2798 3167/2801/2801 821/2802/2802
f 1450/2798/2798 3118/2705/2705 819/2642/2642
f 1450/2798/2798 3168/2803/2803 818/2706/2706
f 1451/2804/2804 3088/2646/2646 418/2649/2649
f 1451/2804/2804 3169/2805/2805 413/2647/2647
f 1451/2804/2804 3170/2806/2806 430/2807/2807
f 1451/2804/2804 3171/2808/2808 420/2809/2809
f 1452/2810/2810 3172/2811/2811 840/2812/2812
f 1452/2810/2810 3092/2654/2654 825/2652/2652
f 1452/2810/2810 3173/2813/2813 830/2655/2655
f 1452/2810/2810 3174/2814/2814 832/2815/2815
f 1453/2816/2816 2906/2278/2278 85/2281/2281
f 1453/2816/2816 3175/2817/2817 84/2279/2279
f 1453/2816/2816 3176/2818/2818 83/2819/2819
f 1453/2816/2816 3177/2820/2820 414/2821/2821
f 1454/2822/2822 3178/2823/2823 520/2824/2824
f 1454/2822/2822 2911/2288/2288 521/2284/2284
f 1454/2822/2822 3179/2825/2825 522/2289/2289
f 1454/2822/2822 3180/2826/2826 826/2827/2827
f 1455/2828/2828 3181/2829/2829 171/2426/2426
f 1455/2828/2828 3182/2830/2830 172/2514/2514
f 1455/2828/2828 3183/2831/2831 173/2536/2536
f 1455/2828/2828 2983/2425/2425 194/2423/2423
f 1456/2832/2832 3184/2833/2833 606/2540/2540
f 1456/2832/2832 3185/2834/2834 605/2519/2519
f 1456/2832/2832 2985/2429/2429 604/2432/2432
f 1456/2832/2832 3186/2835/2835 627/2430/2430
f 1457/2836/2836 3187/2837/2837 413/2647/2647
f 1457/2836/2836 3056/2578/2578 315/2452/2452
f 1457/2836/2836 3188/2838/2838 329/2579/2579
f 1457/2836/2836 3169/2805/2805 430/2807/2807
f 1458/2839/2839 3057/2581/2581 750/2583/2583
f 1458/2839/2839 3189/2840/2840 736/2456/2456
f 1458/2839/2839 3172/2811/2811 825/2652/2652
f 1458/2839/2839 3190/2841/2841 840/2812/2812
f 1459/2842/2842 3191/2843/2843 331/2844/2844
f 1459/2842/2842 2905/2276/2276 84/2279/2279
f 1459/2842/2842 3192/2845/2845 86/2277/2277
f 1459/2842/2842 3193/2846/2846 332/2847/2847
f 1460/2848/2848 2908/2283/2283 523/2286/2286
f 1460/2848/2848 3194/2849/2849 521/2284/2284
f 1460/2848/2848 3193/2846/2846 331/2844/2844
f 1460/2848/2848 3195/2850/2850 332/2847/2847
f 1461/2851/2851 3196/2852/2852 109/2853/2853
f 1461/2851/2851 2702/1900/1900 112/1902/1902
f 1461/2851/2851 3197/2854/2854 106/1851/1851
f 1461/2851/2851 3198/2855/2855 104/2856/2856
f 1462/2857/2857 2705/1905/1905 542/1858/1858
f 1462/2857/2857 3199/2858/2858 548/1906/1906
f 1462/2857/2857 3200/2859/2859 545/2860/2860
f 1462/2857/2857 3201/2861/2861 540/2862/2862
f 1463/2863/2863 3025/2515/2515 174/2324/2324
f 1463/2863/2863 3202/2864/2864 398/2516/2516
f 1463/2863/2863 3130/2731/2731 180/2734/2734
f 1463/2863/2863 3203/2865/2865 179/2732/2732
f 1464/2866/2866 3204/2867/2867 613/2739/2739
f 1464/2866/2866 3027/2520/2520 812/2522/2522
f 1464/2866/2866 3205/2868/2868 607/2327/2327
f 1464/2866/2866 3134/2738/2738 612/2741/2741
f 1465/2869/2869 3206/2870/2870 432/2587/2587
f 1465/2869/2869 3163/2793/2793 408/2795/2795
f 1465/2869/2869 3081/2633/2633 406/2635/2635
f 1465/2869/2869 3060/2586/2586 431/2488/2488
f 1466/2871/2871 3167/2801/2801 819/2642/2642
f 1466/2871/2871 3207/2872/2872 821/2802/2802
f 1466/2871/2871 3061/2589/2589 842/2591/2591
f 1466/2871/2871 3085/2641/2641 841/2494/2494
f 1467/2873/2873 3208/2874/2874 330/2875/2875
f 1467/2873/2873 3175/2817/2817 83/2819/2819
f 1467/2873/2873 3191/2843/2843 84/2279/2279
f 1467/2873/2873 3209/2876/2876 331/2844/2844
f 1468/2877/2877 3178/2823/2823 521/2284/2284
f 1468/2877/2877 3210/2878/2878 520/2824/2824
f 1468/2877/2877 3209/2876/2876 330/2875/2875
f 1468/2877/2877 3194/2849/2849 331/2844/2844
f 1469/2879/2879 3211/2880/2880 420/2809/2809
f 1469/2879/2879 3212/2881/2881 419/2882/2882
f 1469/2879/2879 3155/2777/2777 417/2779/2779
f 1469/2879/2879 3171/2808/2808 418/2649/2649
f 1470/2883/2883 3213/2884/2884 829/2786/2786
f 1470/2883/2883 3214/2885/2885 831/2886/2886
f 1470/2883/2883 3173/2813/2813 832/2815/2815
f 1470/2883/2883 3159/2785/2785 830/2655/2655
f 1471/2887/2887 2930/2323/2323 214/2056/2056
f 1471/2887/2887 3203/2865/2865 174/2324/2324
f 1471/2887/2887 3132/2735/2735 179/2732/2732
f 1471/2887/2887 3021/2508/2508 254/1992/1992
f 1472/2888/2888 3205/2868/2868 612/2741/2741
f 1472/2888/2888 2932/2328/2328 607/2327/2327
f 1472/2888/2888 3022/2510/2510 647/2059/2059
f 1472/2888/2888 3135/2740/2740 686/1999/1999
f 1473/2889/2889 3017/2499/2499 269/2347/2347
f 1473/2889/2889 3215/2890/2890 270/2500/2500
f 1473/2889/2889 3216/2891/2891 268/2892/2892
f 1473/2889/2889 3217/2893/2893 104/2856/2856
f 1474/2894/2894 3218/2895/2895 697/2896/2896
f 1474/2894/2894 3020/2506/2506 699/2503/2503
f 1474/2894/2894 3219/2897/2897 698/2360/2360
f 1474/2894/2894 3220/2898/2898 540/2862/2862
f 1475/2899/2899 3221/2900/2900 136/2901/2901
f 1475/2899/2899 3222/2902/2902 135/2691/2691
f 1475/2899/2899 3067/2603/2603 133/2606/2606
f 1475/2899/2899 3223/2903/2903 134/2604/2604
f 1476/2904/2904 3224/2905/2905 567/2615/2615
f 1476/2904/2904 3225/2906/2906 569/2697/2697
f 1476/2904/2904 3226/2907/2907 570/2908/2908
f 1476/2904/2904 3072/2614/2614 568/2617/2617
f 1477/2909/2909 3227/2910/2910 127/2911/2911
f 1477/2909/2909 3100/2669/2669 118/2671/2671
f 1477/2909/2909 3228/2912/2912 143/2624/2624
f 1477/2909/2909 3229/2913/2913 142/2666/2666
f 1478/2914/2914 3107/2683/2683 576/2629/2629
f 1478/2914/2914 3230/2915/2915 553/2684/2684
f 1478/2914/2914 3231/2916/2916 562/2917/2917
f 1478/2914/2914 3232/2918/2918 575/2677/2677
f 1479/2919/2919 3083/2636/2636 429/2485/2485
f 1479/2919/2919 3233/2920/2920 404/2637/2637
f 1479/2919/2919 3234/2921/2921 401/2922/2922
f 1479/2919/2919 3235/2923/2923 428/2924/2924
f 1480/2925/2925 3236/2926/2926 815/2927/2927
f 1480/2925/2925 3086/2643/2643 817/2640/2640
f 1480/2925/2925 3237/2928/2928 839/2492/2492
f 1480/2925/2925 3238/2929/2929 838/2930/2930
f 1481/2931/2931 3197/2854/2854 104/2856/2856
f 1481/2931/2931 3239/2932/2932 106/1851/1851
f 1481/2931/2931 2941/2346/2346 105/2349/2349
f 1481/2931/2931 3217/2893/2893 269/2347/2347
f 1482/2933/2933 3240/2934/2934 541/2358/2358
f 1482/2933/2933 3201/2861/2861 542/1858/1858
f 1482/2933/2933 3219/2897/2897 540/2862/2862
f 1482/2933/2933 2946/2357/2357 698/2360/2360
f 1483/2935/2935 2609/1720/1720 73/1722/1722
f 1483/2935/2935 2969/2399/2399 75/1283/1283
f 1483/2935/2935 3241/2936/2936 74/2400/2400
f 1483/2935/2935 2875/2221/2221 65/2217/2217
f 1484/2937/2937 2971/2404/2404 511/2406/2406
f 1484/2937/2937 2613/1728/1728 512/1294/1294
f 1484/2937/2937 2878/2226/2226 510/1729/1729
f 1484/2937/2937 3242/2938/2938 502/2227/2227
f 1485/2939/2939 3243/2940/2940 132/2941/2941
f 1485/2939/2939 3244/2942/2942 272/2943/2943
f 1485/2939/2939 3038/2542/2542 103/2544/2544
f 1485/2939/2939 3245/2944/2944 95/2238/2238
f 1486/2945/2945 3244/2942/2942 103/2544/2544
f 1486/2945/2945 3246/2946/2946 272/2943/2943
f 1486/2945/2945 3247/2947/2947 566/2948/2948
f 1486/2945/2945 3041/2548/2548 532/2248/2248
f 1487/2949/2949 3235/2923/2923 429/2485/2485
f 1487/2949/2949 3248/2950/2950 428/2924/2924
f 1487/2949/2949 3249/2951/2951 266/2721/2721
f 1487/2949/2949 3009/2484/2484 265/2390/2390
f 1488/2952/2952 3250/2953/2953 695/2726/2726
f 1488/2952/2952 3237/2928/2928 838/2930/2930
f 1488/2952/2952 3012/2490/2490 839/2492/2492
f 1488/2952/2952 3251/2954/2954 694/2393/2393
f 1489/2955/2955 3252/2956/2956 408/2795/2795
f 1489/2955/2955 3253/2957/2957 410/2753/2753
f 1489/2955/2955 3254/2958/2958 409/2959/2959
f 1489/2955/2955 3164/2794/2794 407/2797/2797
f 1490/2960/2960 3255/2961/2961 822/2962/2962
f 1490/2960/2960 3256/2963/2963 823/2759/2759
f 1490/2960/2960 3166/2799/2799 821/2802/2802
f 1490/2960/2960 3257/2964/2964 820/2800/2800
f 1491/2965/2965 3233/2920/2920 401/2922/2922
f 1491/2965/2965 3117/2702/2702 404/2637/2637
f 1491/2965/2965 3258/2966/2966 403/2703/2703
f 1491/2965/2965 3259/2967/2967 400/2968/2968
f 1492/2969/2969 3119/2707/2707 816/2709/2709
f 1492/2969/2969 3236/2926/2926 817/2640/2640
f 1492/2969/2969 3260/2970/2970 815/2927/2927
f 1492/2969/2969 3261/2971/2971 814/2972/2972
f 1493/2973/2973 3126/2720/2720 412/2723/2723
f 1493/2973/2973 3248/2950/2950 266/2721/2721
f 1493/2973/2973 3262/2974/2974 428/2924/2924
f 1493/2973/2973 3263/2975/2975 444/2976/2976
f 1494/2977/2977 3250/2953/2953 838/2930/2930
f 1494/2977/2977 3129/2727/2727 695/2726/2726
f 1494/2977/2977 3263/2975/2975 412/2723/2723
f 1494/2977/2977 3264/2978/2978 444/2976/2976
f 1495/2979/2979 3245/2944/2944 132/2941/2941
f 1495/2979/2979 2886/2240/2240 95/2238/2238
f 1495/2979/2979 3265/2980/2980 96/2241/2241
f 1495/2979/2979 3266/2981/2981 122/2982/2982
f 1496/2983/2983 2890/2247/2247 533/2250/2250
f 1496/2983/2983 3247/2947/2947 532/2248/2248
f 1496/2983/2983 3267/2984/2984 566/2948/2948
f 1496/2983/2983 3268/2985/2985 557/2986/2986
f 1497/2987/2987 3063/2594/2594 396/2596/2596
f 1497/2987/2987 3182/2830/2830 173/2536/2536
f 1497/2987/2987 3023/2512/2512 172/2514/2514
f 1497/2987/2987 3161/2789/2789 175/2116/2116
f 1498/2988/2988 3184/2833/2833 605/2519/2519
f 1498/2988/2988 3066/2600/2600 606/2540/2540
f 1498/2988/2988 3162/2791/2791 810/2601/2601
f 1498/2988/2988 3026/2518/2518 608/2123/2123
f 1499/2989/2989 2677/1852/1852 108/1854/1854
f 1499/2989/2989 2895/2257/2257 153/1222/1222
f 1499/2989/2989 3269/2990/2990 111/2258/2258
f 1499/2989/2989 3270/2991/2991 107/2351/2351
f 1500/2992/2992 2896/2260/2260 547/2262/2262
f 1500/2992/2992 2681/1859/1859 586/1228/1228
f 1500/2992/2992 3271/2993/2993 544/1860/1860
f 1500/2992/2992 3272/2994/2994 543/2356/2356
f 1501/2995/2995 3273/2996/2996 72/2333/2333
f 1501/2995/2995 3141/2752/2752 70/2750/2750
f 1501/2995/2995 3274/2997/2997 410/2753/2753
f 1501/2995/2995 3059/2585/2585 432/2587/2587
f 1502/2998/2998 3143/2756/2756 823/2759/2759
f 1502/2998/2998 3275/2999/2999 507/2757/2757
f 1502/2998/2998 3062/2590/2590 509/2341/2341
f 1502/2998/2998 3276/3000/3000 842/2591/2591
f 1503/3001/3001 3277/3002/3002 138/3003/3003
f 1503/3001/3001 3111/2690/2690 137/2688/2688
f 1503/3001/3001 3221/2900/2900 135/2691/2691
f 1503/3001/3001 3278/3004/3004 136/2901/2901
f 1504/3005/3005 3113/2694/2694 569/2697/2697
f 1504/3005/3005 3279/3006/3006 571/2695/2695
f 1504/3005/3005 3280/3007/3007 572/3008/3008
f 1504/3005/3005 3225/2906/2906 570/2908/2908
f 1505/3009/3009 3055/2577/2577 329/2579/2579
f 1505/3009/3009 3281/3010/3010 313/2366/2366
f 1505/3009/3009 3177/2820/2820 85/2281/2281
f 1505/3009/3009 3282/3011/3011 414/2821/2821
f 1506/3012/3012 3283/3013/3013 522/2289/2289
f 1506/3012/3012 3058/2582/2582 734/2369/2369
f 1506/3012/3012 3284/3014/3014 750/2583/2583
f 1506/3012/3012 3179/2825/2825 826/2827/2827
f 1507/3015/3015 3285/3016/3016 139/3017/3017
f 1507/3015/3015 3215/2890/2890 268/2892/2892
f 1507/3015/3015 3109/2687/2687 270/2500/2500
f 1507/3015/3015 3286/3018/3018 137/2688/2688
f 1508/3019/3019 3218/2895/2895 699/2503/2503
f 1508/3019/3019 3287/3020/3020 697/2896/2896
f 1508/3019/3019 3288/3021/3021 573/3022/3022
f 1508/3019/3019 3112/2693/2693 571/2695/2695
f 1509/3023/3023 3289/3024/3024 102/3025/3025
f 1509/3023/3023 2989/2438/2438 100/2435/2435
f 1509/3023/3023 2603/1706/1706 101/1709/1709
f 1509/3023/3023 3290/3026/3026 77/1707/1707
f 1510/3027/3027 2992/2443/2443 538/1718/1718
f 1510/3027/3027 3291/3028/3028 537/2444/2444
f 1510/3027/3027 3292/3029/3029 539/3030/3030
f 1510/3027/3027 2608/1717/1717 514/1712/1712
f 1511/3031/3031 3222/2902/2902 133/2606/2606
f 1511/3031/3031 3110/2689/2689 135/2691/2691
f 1511/3031/3031 3293/3032/3032 246/2498/2498
f 1511/3031/3031 3077/2625/2625 150/2622/2622
f 1512/3033/3033 3114/2696/2696 678/2505/2505
f 1512/3033/3033 3224/2905/2905 569/2697/2697
f 1512/3033/3033 3080/2630/2630 567/2615/2615
f 1512/3033/3033 3294/3034/3034 583/2631/2631
f 1513/3035/3035 2997/2458/2458 107/2351/2351
f 1513/3035/3035 3149/2767/2767 144/2459/2459
f 1513/3035/3035 3295/3036/3036 149/2768/2768
f 1513/3035/3035 2943/2350/2350 267/2353/2353
f 1514/3037/3037 3153/2773/2773 582/2775/2775
f 1514/3037/3037 3001/2464/2464 577/2466/2466
f 1514/3037/3037 2948/2361/2361 543/2356/2356
f 1514/3037/3037 3296/3038/3038 696/2362/2362
f 1515/3039/3039 3004/2471/2471 82/2398/2398
f 1515/3039/3039 3297/3040/3040 147/2472/2472
f 1515/3039/3039 2898/2264/2264 148/2266/2266
f 1515/3039/3039 3298/3041/3041 65/2217/2217
f 1516/3042/3042 3299/3043/3043 581/2271/2271
f 1516/3042/3042 3005/2474/2474 580/2476/2476
f 1516/3042/3042 3300/3044/3044 519/2403/2403
f 1516/3042/3042 2902/2270/2270 502/2227/2227
f 1517/3045/3045 3295/3036/3036 267/2353/2353
f 1517/3045/3045 3151/2770/2770 149/2768/2768
f 1517/3045/3045 3293/3032/3032 150/2622/2622
f 1517/3045/3045 3015/2496/2496 246/2498/2498
f 1518/3046/3046 3154/2774/2774 583/2631/2631
f 1518/3046/3046 3296/3038/3038 582/2775/2775
f 1518/3046/3046 3019/2504/2504 696/2362/2362
f 1518/3046/3046 3294/3034/3034 678/2505/2505
f 1519/3047/3047 3176/2818/2818 414/2821/2821
f 1519/3047/3047 3301/3048/3048 83/2819/2819
f 1519/3047/3047 3302/3049/3049 426/3050/3050
f 1519/3047/3047 3303/3051/3051 427/3052/3052
f 1520/3053/3053 3304/3054/3054 836/3055/3055
f 1520/3053/3053 3180/2826/2826 520/2824/2824
f 1520/3053/3053 3305/3056/3056 826/2827/2827
f 1520/3053/3053 3306/3057/3057 837/3058/3058
f 1521/3059/3059 3307/3060/3060 399/3061/3061
f 1521/3059/3059 3140/2751/2751 410/2753/2753
f 1521/3059/3059 2955/2374/2374 63/2182/2182
f 1521/3059/3059 3308/3062/3062 67/2375/2375
f 1522/3063/3063 3144/2758/2758 500/2190/2190
f 1522/3063/3063 3309/3064/3064 823/2759/2759
f 1522/3063/3063 3310/3065/3065 813/3066/3066
f 1522/3063/3063 2958/2380/2380 504/2378/2378
f 1523/3067/3067 3311/3068/3068 130/3069/3069
f 1523/3067/3067 3312/3070/3070 131/3071/3071
f 1523/3067/3067 3313/3072/3072 129/3073/3073
f 1523/3067/3067 3314/3074/3074 440/3075/3075
f 1524/3076/3076 3315/3077/3077 564/3078/3078
f 1524/3076/3076 3316/3079/3079 565/3080/3080
f 1524/3076/3076 3314/3074/3074 130/3069/3069
f 1524/3076/3076 3317/3081/3081 440/3075/3075
f 1525/3082/3082 3273/2996/2996 70/2750/2750
f 1525/3082/3082 2933/2330/2330 72/2333/2333
f 1525/3082/3082 2975/2412/2412 71/2331/2331
f 1525/3082/3082 3139/2749/2749 48/2184/2184
f 1526/3083/3083 2938/2340/2340 508/2343/2343
f 1526/3083/3083 3275/2999/2999 509/2341/2341
f 1526/3083/3083 3142/2755/2755 507/2757/2757
f 1526/3083/3083 2980/2418/2418 485/2188/2188
f 1527/3084/3084 3318/3085/3085 132/2941/2941
f 1527/3084/3084 3311/3068/3068 131/3071/3071
f 1527/3084/3084 3319/3086/3086 130/3069/3069
f 1527/3084/3084 3243/2940/2940 272/2943/2943
f 1528/3087/3087 3316/3079/3079 130/3069/3069
f 1528/3087/3087 3320/3088/3088 565/3080/3080
f 1528/3087/3087 3246/2946/2946 566/2948/2948
f 1528/3087/3087 3319/3086/3086 272/2943/2943
f 1529/3089/3089 3321/3090/3090 128/3091/3091
f 1529/3089/3089 3030/2525/2525 126/2528/2528
f 1529/3089/3089 3322/3092/3092 141/2526/2526
f 1529/3089/3089 3323/3093/3093 438/3094/3094
f 1530/3095/3095 3032/2530/2530 141/2526/2526
f 1530/3095/3095 3324/3096/3096 561/2531/2531
f 1530/3095/3095 3325/3097/3097 563/3098/3098
f 1530/3095/3095 3322/3092/3092 438/3094/3094
f 1531/3099/3099 3188/2838/2838 430/2807/2807
f 1531/3099/3099 3282/3011/3011 329/2579/2579
f 1531/3099/3099 3303/3051/3051 414/2821/2821
f 1531/3099/3099 3326/3100/3100 427/3052/3052
f 1532/3101/3101 3284/3014/3014 826/2827/2827
f 1532/3101/3101 3190/2841/2841 750/2583/2583
f 1532/3101/3101 3327/3102/3102 840/2812/2812
f 1532/3101/3101 3305/3056/3056 837/3058/3058
f 1533/3103/3103 3234/2921/2921 428/2924/2924
f 1533/3103/3103 3328/3104/3104 401/2922/2922
f 1533/3103/3103 3329/3105/3105 402/3106/3106
f 1533/3103/3103 3262/2974/2974 444/2976/2976
f 1534/3107/3107 3330/3108/3108 402/3106/3106
f 1534/3107/3107 3238/2929/2929 815/2927/2927
f 1534/3107/3107 3264/2978/2978 838/2930/2930
f 1534/3107/3107 3329/3105/3105 444/2976/2976
f 1535/3109/3109 3192/2845/2845 332/2847/2847
f 1535/3109/3109 3122/2712/2712 86/2277/2277
f 1535/3109/3109 3136/2743/2743 88/2713/2713
f 1535/3109/3109 3331/3110/3110 271/2744/2744
f 1536/3111/3111 3123/2715/2715 525/2717/2717
f 1536/3111/3111 3195/2850/2850 523/2286/2286
f 1536/3111/3111 3331/3110/3110 332/2847/2847
f 1536/3111/3111 3138/2747/2747 271/2744/2744
f 1537/3112/3112 3043/2553/2553 411/2556/2556
f 1537/3112/3112 3157/2780/2780 416/2554/2554
f 1537/3112/3112 3332/3113/3113 415/2781/2781
f 1538/3114/3114 3333/3115/3115 824/2561/2561
f 1538/3114/3114 3160/2787/2787 827/2784/2784
f 1538/3114/3114 3047/2560/2560 828/2563/2563
f 1539/3116/3116 3170/2806/2806 420/2809/2809
f 1539/3116/3116 3326/3100/3100 430/2807/2807
f 1539/3116/3116 3334/3117/3117 427/3052/3052
f 1539/3116/3116 3335/3118/3118 422/3119/3119
f 1540/3120/3120 3327/3102/3102 837/3058/3058
f 1540/3120/3120 3174/2814/2814 840/2812/2812
f 1540/3120/3120 3336/3121/3121 832/2815/2815
f 1540/3120/3120 3337/3122/3122 834/3123/3123
f 1541/3124/3124 3338/3125/3125 114/3126/3126
f 1541/3124/3124 3339/3127/3127 110/2569/2569
f 1541/3124/3124 3340/3128/3128 145/3129/3129
f 1541/3124/3124 3341/3130/3130 146/3131/3131
f 1542/3132/3132 3342/3133/3133 113/3134/3134
f 1542/3132/3132 3198/2855/2855 109/2853/2853
f 1542/3132/3132 3216/2891/2891 104/2856/2856
f 1542/3132/3132 3343/3135/3135 268/2892/2892
f 1543/3136/3136 3344/3137/3137 578/3138/3138
f 1543/3136/3136 3345/3139/3139 546/2575/2575
f 1543/3136/3136 3346/3140/3140 550/3141/3141
f 1543/3136/3136 3347/3142/3142 579/3143/3143
f 1544/3144/3144 3200/2859/2859 540/2862/2862
f 1544/3144/3144 3348/3145/3145 545/2860/2860
f 1544/3144/3144 3349/3146/3146 549/3147/3147
f 1544/3144/3144 3220/2898/2898 697/2896/2896
f 1545/3148/3148 3350/3149/3149 129/3073/3073
f 1545/3148/3148 3351/3150/3150 117/3151/3151
f 1545/3148/3148 3352/3152/3152 388/3153/3153
f 1545/3148/3148 3313/3072/3072 440/3075/3075
f 1546/3154/3154 3353/3155/3155 388/3153/3153
f 1546/3154/3154 3354/3156/3156 552/3157/3157
f 1546/3154/3154 3317/3081/3081 564/3078/3078
f 1546/3154/3154 3352/3152/3152 440/3075/3075
f 1547/3158/3158 2885/2239/2239 96/2241/2241
f 1547/3158/3158 3355/3159/3159 94/2068/2068
f 1547/3158/3158 3356/3160/3160 97/3161/3161
f 1547/3158/3158 3357/3162/3162 134/2604/2604
f 1548/3163/3163 3358/3164/3164 534/3165/3165
f 1548/3163/3163 2891/2249/2249 531/2075/2075
f 1548/3163/3163 3359/3166/3166 533/2250/2250
f 1548/3163/3163 3360/3167/3167 568/2617/2617
f 1549/3168/3168 3361/3169/3169 121/3170/3170
f 1549/3168/3168 3102/2672/2672 120/2608/2608
f 1549/3168/3168 3362/3171/3171 119/2673/2673
f 1549/3168/3168 3363/3172/3172 129/3073/3073
f 1550/3173/3173 3108/2685/2685 554/2682/2682
f 1550/3173/3173 3364/3174/3174 555/2613/2613
f 1550/3173/3173 3365/3175/3175 556/3176/3176
f 1550/3173/3173 3366/3177/3177 564/3078/3078
f 1551/3178/3178 3367/3179/3179 122/2982/2982
f 1551/3178/3178 3368/3180/3180 121/3170/3170
f 1551/3178/3178 3318/3085/3085 131/3071/3071
f 1551/3178/3178 3266/2981/2981 132/2941/2941
f 1552/3181/3181 3369/3182/3182 565/3080/3080
f 1552/3181/3181 3370/3183/3183 556/3176/3176
f 1552/3181/3181 3267/2984/2984 557/2986/2986
f 1552/3181/3181 3320/3088/3088 566/2948/2948
f 1553/3184/3184 3371/3185/3185 145/3129/3129
f 1553/3184/3184 3343/3135/3135 113/3134/3134
f 1553/3184/3184 3285/3016/3016 268/2892/2892
f 1553/3184/3184 3372/3186/3186 139/3017/3017
f 1554/3187/3187 3349/3146/3146 697/2896/2896
f 1554/3187/3187 3373/3188/3188 549/3147/3147
f 1554/3187/3187 3374/3189/3189 578/3138/3138
f 1554/3187/3187 3287/3020/3020 573/3022/3022
f 1555/3190/3190 3328/3104/3104 402/3106/3106
f 1555/3190/3190 3259/2967/2967 401/2922/2922
f 1555/3190/3190 3375/3191/3191 400/2968/2968
f 1555/3190/3190 3376/3192/3192 443/3193/3193
f 1556/3194/3194 3260/2970/2970 814/2972/2972
f 1556/3194/3194 3330/3108/3108 815/2927/2927
f 1556/3194/3194 3376/3192/3192 402/3106/3106
f 1556/3194/3194 3377/3195/3195 443/3193/3193
f 1557/3196/3196 3361/3169/3169 120/2608/2608
f 1557/3196/3196 3367/3179/3179 121/3170/3170
f 1557/3196/3196 3378/3197/3197 122/2982/2982
f 1557/3196/3196 3069/2607/2607 123/2610/2610
f 1558/3198/3198 3370/3183/3183 557/2986/2986
f 1558/3198/3198 3364/3174/3174 556/3176/3176
f 1558/3198/3198 3074/2618/2618 555/2613/2613
f 1558/3198/3198 3379/3199/3199 558/2619/2619
f 1559/3200/3200 3380/3201/3201 419/2882/2882
f 1559/3200/3200 3381/3202/3202 422/3119/3119
f 1559/3200/3200 3382/3203/3203 421/3204/3204
f 1560/3205/3205 3383/3206/3206 831/2886/2886
f 1560/3205/3205 3384/3207/3207 833/3208/3208
f 1560/3205/3205 3385/3209/3209 834/3123/3123
f 1561/3210/3210 3342/3133/3133 109/2853/2853
f 1561/3210/3210 3386/3211/3211 113/3134/3134
f 1561/3210/3210 3145/2761/2761 80/2567/2567
f 1561/3210/3210 3196/2852/2852 112/1902/1902
f 1562/3212/3212 3387/3213/3213 517/2572/2572
f 1562/3212/3212 3348/3145/3145 549/3147/3147
f 1562/3212/3212 3199/2858/2858 545/2860/2860
f 1562/3212/3212 3148/2765/2765 548/1906/1906
f 1563/3214/3214 3388/3215/3215 425/3216/3216
f 1563/3214/3214 3389/3217/3217 424/3218/3218
f 1563/3214/3214 3390/3219/3219 421/3204/3204
f 1563/3214/3214 3391/3220/3220 423/3221/3221
f 1564/3222/3222 3392/3223/3223 833/3208/3208
f 1564/3222/3222 3388/3215/3215 424/3218/3218
f 1564/3222/3222 3393/3224/3224 425/3216/3216
f 1564/3222/3222 3394/3225/3225 835/3226/3226
f 1565/3227/3227 3395/3228/3228 128/3091/3091
f 1565/3227/3227 3396/3229/3229 127/2911/2911
f 1565/3227/3227 3397/3230/3230 125/2664/2664
f 1565/3227/3227 3321/3090/3090 126/2528/2528
f 1566/3231/3231 3398/3232/3232 560/2679/2679
f 1566/3231/3231 3399/3233/3233 562/2917/2917
f 1566/3231/3231 3324/3096/3096 563/3098/3098
f 1566/3231/3231 3400/3234/3234 561/2531/2531
f 1567/3235/3235 3401/3236/3236 148/2266/2266
f 1567/3235/3235 3402/3237/3237 114/3126/3126
f 1567/3235/3235 3290/3026/3026 102/3025/3025
f 1567/3235/3235 2899/2265/2265 77/1707/1707
f 1568/3238/3238 3403/3239/3239 539/3030/3030
f 1568/3238/3238 3404/3240/3240 550/3141/3141
f 1568/3238/3238 2901/2269/2269 581/2271/2271
f 1568/3238/3238 3292/3029/3029 514/1712/1712
f 1569/3241/3241 3301/3048/3048 426/3050/3050
f 1569/3241/3241 3208/2874/2874 83/2819/2819
f 1569/3241/3241 3405/3242/3242 330/2875/2875
f 1569/3241/3241 3406/3243/3243 433/3244/3244
f 1570/3245/3245 3210/2878/2878 330/2875/2875
f 1570/3245/3245 3304/3054/3054 520/2824/2824
f 1570/3245/3245 3407/3246/3246 836/3055/3055
f 1570/3245/3245 3405/3242/3242 433/3244/3244
f 1571/3247/3247 3386/3211/3211 80/2567/2567
f 1571/3247/3247 3371/3185/3185 113/3134/3134
f 1571/3247/3247 3339/3127/3127 145/3129/3129
f 1571/3247/3247 3050/2566/2566 110/2569/2569
f 1572/3248/3248 3373/3188/3188 578/3138/3138
f 1572/3248/3248 3387/3213/3213 549/3147/3147
f 1572/3248/3248 3054/2574/2574 517/2572/2572
f 1572/3248/3248 3344/3137/3137 546/2575/2575
f 1573/3249/3249 3101/2670/2670 119/2673/2673
f 1573/3249/3249 3408/3250/3250 118/2671/2671
f 1573/3249/3249 3409/3251/3251 116/3252/3252
f 1573/3249/3249 3410/3253/3253 117/3151/3151
f 1574/3254/3254 3411/3255/3255 551/3256/3256
f 1574/3254/3254 3106/2681/2681 553/2684/2684
f 1574/3254/3254 3412/3257/3257 554/2682/2682
f 1574/3254/3254 3413/3258/3258 552/3157/3157
f 1575/3259/3259 3414/3260/3260 140/3261/3261
f 1575/3259/3259 3286/3018/3018 139/3017/3017
f 1575/3259/3259 3277/3002/3002 137/2688/2688
f 1575/3259/3259 3415/3262/3262 138/3003/3003
f 1576/3263/3263 3288/3021/3021 571/2695/2695
f 1576/3263/3263 3416/3264/3264 573/3022/3022
f 1576/3263/3263 3417/3265/3265 574/3266/3266
f 1576/3263/3263 3279/3006/3006 572/3008/3008
f 1577/3267/3267 3408/3250/3250 116/3252/3252
f 1577/3267/3267 3227/2910/2910 118/2671/2671
f 1577/3267/3267 3395/3228/3228 127/2911/2911
f 1577/3267/3267 3418/3268/3268 128/3091/3091
f 1578/3269/3269 3230/2915/2915 562/2917/2917
f 1578/3269/3269 3411/3255/3255 553/2684/2684
f 1578/3269/3269 3419/3270/3270 551/3256/3256
f 1578/3269/3269 3399/3233/3233 563/3098/3098
f 1579/3271/3271 3420/3272/3272 115/3273/3273
f 1579/3271/3271 3418/3268/3268 116/3252/3252
f 1579/3271/3271 3323/3093/3093 128/3091/3091
f 1579/3271/3271 3421/3274/3274 438/3094/3094
f 1580/3275/3275 3419/3270/3270 563/3098/3098
f 1580/3275/3275 3422/3276/3276 551/3256/3256
f 1580/3275/3275 3421/3274/3274 115/3273/3273
f 1580/3275/3275 3325/3097/3097 438/3094/3094
f 1581/3277/3277 3051/2568/2568 147/2472/2472
f 1581/3277/3277 3338/3125/3125 110/2569/2569
f 1581/3277/3277 3401/3236/3236 114/3126/3126
f 1581/3277/3277 3297/3040/3040 148/2266/2266
f 1582/3278/3278 3345/3139/3139 550/3141/3141
f 1582/3278/3278 3053/2573/2573 546/2575/2575
f 1582/3278/3278 3299/3043/3043 580/2476/2476
f 1582/3278/3278 3404/3240/3240 581/2271/2271
f 1583/3279/3279 3341/3130/3130 114/3126/3126
f 1583/3279/3279 3423/3280/3280 146/3131/3131
f 1583/3279/3279 3289/3024/3024 100/2435/2435
f 1583/3279/3279 3402/3237/3237 102/3025/3025
f 1584/3281/3281 3424/3282/3282 537/2444/2444
f 1584/3281/3281 3346/3140/3140 579/3143/3143
f 1584/3281/3281 3403/3239/3239 550/3141/3141
f 1584/3281/3281 3291/3028/3028 539/3030/3030
f 1585/3283/3283 3340/3128/3128 146/3131/3131
f 1585/3283/3283 3372/3186/3186 145/3129/3129
f 1585/3283/3283 3414/3260/3260 139/3017/3017
f 1585/3283/3283 3425/3284/3284 140/3261/3261
f 1586/3285/3285 3374/3189/3189 573/3022/3022
f 1586/3285/3285 3347/3142/3142 578/3138/3138
f 1586/3285/3285 3426/3286/3286 579/3143/3143
f 1586/3285/3285 3416/3264/3264 574/3266/3266
f 1587/3287/3287 3308/3062/3062 399/3061/3061
f 1587/3287/3287 2959/2382/2382 67/2375/2375
f 1587/3287/3287 3044/2555/2555 68/2134/2134
f 1587/3287/3287 3427/3288/3288 411/2556/2556
f 1588/3289/3289 2961/2385/2385 505/2143/2143
f 1588/3289/3289 3310/3065/3065 504/2378/2378
f 1588/3289/3289 3428/3290/3290 813/3066/3066
f 1588/3289/3289 3046/2559/2559 824/2561/2561
f 1589/3291/3291 3334/3117/3117 422/3119/3119
f 1589/3291/3291 3302/3049/3049 427/3052/3052
f 1589/3291/3291 3429/3292/3292 426/3050/3050
f 1589/3291/3291 3430/3293/3293 423/3221/3221
f 1590/3294/3294 3306/3057/3057 836/3055/3055
f 1590/3294/3294 3337/3122/3122 837/3058/3058
f 1590/3294/3294 3431/3295/3295 834/3123/3123
f 1590/3294/3294 3432/3296/3296 835/3226/3226
f 1591/3297/3297 3357/3162/3162 96/2241/2241
f 1591/3297/3297 3070/2609/2609 134/2604/2604
f 1591/3297/3297 3378/3197/3197 123/2610/2610
f 1591/3297/3297 3265/2980/2980 122/2982/2982
f 1592/3298/3298 3073/2616/2616 558/2619/2619
f 1592/3298/3298 3359/3166/3166 568/2617/2617
f 1592/3298/3298 3268/2985/2985 533/2250/2250
f 1592/3298/3298 3379/3199/3199 557/2986/2986
f 1593/3299/3299 3409/3251/3251 117/3151/3151
f 1593/3299/3299 3420/3272/3272 116/3252/3252
f 1593/3299/3299 3433/3300/3300 115/3273/3273
f 1593/3299/3299 3351/3150/3150 388/3153/3153
f 1594/3301/3301 3422/3276/3276 115/3273/3273
f 1594/3301/3301 3413/3258/3258 551/3256/3256
f 1594/3301/3301 3353/3155/3155 552/3157/3157
f 1594/3301/3301 3433/3300/3300 388/3153/3153
f 1595/3302/3302 3270/2991/2991 108/1854/1854
f 1595/3302/3302 2942/2348/2348 107/2351/2351
f 1595/3302/3302 3239/2932/2932 105/2349/2349
f 1595/3302/3302 2678/1853/1853 106/1851/1851
f 1596/3303/3303 2945/2355/2355 541/2358/2358
f 1596/3303/3303 3271/2993/2993 543/2356/2356
f 1596/3303/3303 2680/1857/1857 544/1860/1860
f 1596/3303/3303 3240/2934/2934 542/1858/1858
f 1597/3304/3304 3202/2864/2864 180/2734/2734
f 1597/3304/3304 3093/2657/2657 398/2516/2516
f 1597/3304/3304 2661/1825/1825 181/1827/1827
f 1597/3304/3304 3131/2733/2733 182/1169/1169
f 1598/3305/3305 3096/2661/2661 614/1832/1832
f 1598/3305/3305 3204/2867/2867 812/2522/2522
f 1598/3305/3305 3133/2737/2737 613/2739/2739
f 1598/3305/3305 2665/1831/1831 615/1182/1182
f 1599/3306/3306 3434/3307/3307 140/3261/3261
f 1599/3306/3306 2987/2434/2434 99/2437/2437
f 1599/3306/3306 3423/3280/3280 100/2435/2435
f 1599/3306/3306 3425/3284/3284 146/3131/3131
f 1600/3308/3308 2991/2441/2441 537/2444/2444
f 1600/3308/3308 3435/3309/3309 536/2442/2442
f 1600/3308/3308 3426/3286/3286 574/3266/3266
f 1600/3308/3308 3424/3282/3282 579/3143/3143
f 1601/3310/3310 3429/3292/3292 423/3221/3221
f 1601/3310/3310 3406/3243/3243 426/3050/3050
f 1601/3310/3310 3436/3311/3311 433/3244/3244
f 1601/3310/3310 3391/3220/3220 425/3216/3216
f 1602/3312/3312 3407/3246/3246 433/3244/3244
f 1602/3312/3312 3432/3296/3296 836/3055/3055
f 1602/3312/3312 3393/3224/3224 835/3226/3226
f 1602/3312/3312 3436/3311/3311 425/3216/3216
f 1603/3313/3313 3437/3314/3314 98/3315/3315
f 1603/3313/3313 2988/2436/2436 94/2068/2068
f 1603/3313/3313 3438/3316/3316 99/2437/2437
f 1603/3313/3313 3439/3317/3317 138/3003/3003
f 1604/3318/3318 2990/2440/2440 536/2442/2442
f 1604/3318/3318 3440/3319/3319 531/2075/2075
f 1604/3318/3318 3441/3320/3320 535/3321/3321
f 1604/3318/3318 3442/3322/3322 572/3008/3008
f 1605/3323/3323 3355/3159/3159 97/3161/3161
f 1605/3323/3323 3437/3314/3314 94/2068/2068
f 1605/3323/3323 3443/3324/3324 98/3315/3315
f 1605/3323/3323 3444/3325/3325 136/2901/2901
f 1606/3326/3326 3440/3319/3319 535/3321/3321
f 1606/3326/3326 3358/3164/3164 531/2075/2075
f 1606/3326/3326 3445/3327/3327 534/3165/3165
f 1606/3326/3326 3446/3328/3328 570/2908/2908
f 1607/3329/3329 3447/3330/3330 399/3061/3061
f 1607/3329/3329 3253/2957/2957 409/2959/2959
f 1607/3329/3329 3307/3060/3060 410/2753/2753
f 1608/3331/3331 3309/3064/3064 813/3066/3066
f 1608/3331/3331 3255/2961/2961 823/2759/2759
f 1608/3331/3331 3448/3332/3332 822/2962/2962
f 1609/3333/3333 2431/1385/1385 4/1056/1056
f 1609/3333/3333 2758/2004/2004 6/770/770
f 1609/3333/3333 2261/1055/1055 5/1058/1058
f 1610/3334/3334 2188/916/916 17/918/918
f 1610/3334/3334 2172/883/883 19/371/371
f 1610/3334/3334 2232/998/998 16/884/884
f 1611/3335/3335 2537/1578/1578 31/1025/1025
f 1611/3335/3335 2415/1354/1354 30/1352/1352
f 1611/3335/3335 2479/1471/1471 15/567/567
f 1612/3336/3336 2720/1936/1936 46/1553/1553
f 1612/3336/3336 2409/1342/1342 52/1340/1340
f 1612/3336/3336 2523/1552/1552 45/1343/1343
f 1613/3337/3337 2855/2185/2185 61/2022/2022
f 1613/3337/3337 2501/1509/1509 49/1512/1512
f 1613/3337/3337 2768/2021/2021 62/1510/1510
f 1614/3338/3338 2900/2267/2267 64/2153/2153
f 1614/3338/3338 2602/1704/1704 77/1707/1707
f 1614/3338/3338 2837/2152/2152 76/1705/1705
f 1615/3339/3339 3146/2762/2762 78/896/896
f 1615/3339/3339 3049/2565/2565 80/2567/2567
f 1615/3339/3339 2845/2168/2168 79/2167/2167
f 1616/3340/3340 3031/2527/2527 124/1231/1231
f 1616/3340/3340 3397/3230/3230 126/2528/2528
f 1616/3340/3340 3099/2667/2667 125/2664/2664
f 1617/3341/3341 3362/3171/3171 129/3073/3073
f 1617/3341/3341 3410/3253/3253 119/2673/2673
f 1617/3341/3341 3350/3149/3149 117/3151/3151
f 1618/3342/3342 3396/3229/3229 125/2664/2664
f 1618/3342/3342 3229/2913/2913 127/2911/2911
f 1618/3342/3342 3097/2663/2663 142/2666/2666
f 1619/3343/3343 2328/1186/1186 164/170/170
f 1619/3343/3343 1942/437/437 165/439/439
f 1619/3343/3343 1805/169/169 239/123/123
f 1620/3344/3344 3298/3041/3041 82/2398/2398
f 1620/3344/3344 3241/2936/2936 65/2217/2217
f 1620/3344/3344 2968/2397/2397 74/2400/2400
f 1621/3345/3345 2779/2041/2041 189/1685/1685
f 1621/3345/3345 2780/2043/2043 235/725/725
f 1621/3345/3345 2593/1684/1684 193/1687/1687
f 1622/3346/3346 3183/2831/2831 194/2423/2423
f 1622/3346/3346 3034/2534/2534 173/2536/2536
f 1622/3346/3346 3007/2480/2480 196/2315/2315
f 1623/3347/3347 3125/2719/2719 266/2721/2721
f 1623/3347/3347 2964/2389/2389 216/1913/1913
f 1623/3347/3347 3249/2951/2951 265/2390/2390
f 1624/3348/3348 2998/2460/2460 151/1233/1233
f 1624/3348/3348 3269/2990/2990 107/2351/2351
f 1624/3348/3348 2894/2256/2256 111/2258/2258
f 1625/3349/3349 3368/3180/3180 131/3071/3071
f 1625/3349/3349 3363/3172/3172 121/3170/3170
f 1625/3349/3349 3312/3070/3070 129/3073/3073
f 1626/3350/3350 3438/3316/3316 138/3003/3003
f 1626/3350/3350 3434/3307/3307 99/2437/2437
f 1626/3350/3350 3415/3262/3262 140/3261/3261
f 1627/3351/3351 2314/1156/1156 219/633/633
f 1627/3351/3351 2103/750/750 275/529/529
f 1627/3351/3351 2042/632/632 274/635/635
f 1628/3352/3352 2391/1309/1309 154/1300/1300
f 1628/3352/3352 2865/2204/2204 202/1173/1173
f 1628/3352/3352 2442/1405/1405 283/1400/1400
f 1629/3353/3353 1839/233/233 288/236/236
f 1629/3353/3353 1992/530/530 280/234/234
f 1629/3353/3353 2140/821/821 287/531/531
f 1630/3354/3354 2158/855/855 294/424/424
f 1630/3354/3354 2220/976/976 160/856/856
f 1630/3354/3354 2121/785/785 291/606/606
f 1631/3355/3355 2058/664/664 305/666/666
f 1631/3355/3355 1936/423/423 306/426/426
f 1631/3355/3355 2120/784/784 294/424/424
f 1632/3356/3356 1761/76/76 312/79/79
f 1632/3356/3356 1870/297/297 279/77/77
f 1632/3356/3356 1817/193/193 281/25/25
f 1633/3357/3357 2907/2280/2280 87/1703/1703
f 1633/3357/3357 3281/3010/3010 85/2281/2281
f 1633/3357/3357 2949/2364/2364 313/2366/2366
f 1634/3358/3358 2769/2023/2023 57/1954/1954
f 1634/3358/3358 2500/1508/1508 62/1510/1510
f 1634/3358/3358 2731/1953/1953 321/1089/1089
f 1635/3359/3359 2562/1624/1624 323/741/741
f 1635/3359/3359 2726/1945/1945 322/1625/1625
f 1635/3359/3359 2097/740/740 324/341/341
f 1636/3360/3360 2922/2309/2309 66/2220/2220
f 1636/3360/3360 2610/1721/1721 93/1724/1724
f 1636/3360/3360 2874/2219/2219 73/1722/1722
f 1637/3361/3361 2698/1892/1892 253/1285/1285
f 1637/3361/3361 2561/1622/1622 251/1621/1621
f 1637/3361/3361 2377/1284/1284 249/891/891
f 1638/3362/3362 2882/2234/2234 91/2020/2020
f 1638/3362/3362 2953/2372/2372 60/1736/1736
f 1638/3362/3362 2767/2019/2019 61/2022/2022
f 1639/3363/3363 2563/1626/1626 325/757/757
f 1639/3363/3363 2099/743/743 323/741/741
f 1639/3363/3363 2106/756/756 338/61/61
f 1640/3364/3364 1790/140/140 342/39/39
f 1640/3364/3364 1915/386/386 344/141/141
f 1640/3364/3364 1747/50/50 343/52/52
f 1641/3365/3365 1818/194/194 343/52/52
f 1641/3365/3365 1734/22/22 281/25/25
f 1641/3365/3365 1748/51/51 348/23/23
f 1642/3366/3366 2341/1212/1212 326/1211/1211
f 1642/3366/3366 2485/1483/1483 59/1074/1074
f 1642/3366/3366 2748/1986/1986 328/1376/1376
f 1643/3367/3367 2552/1605/1605 234/1607/1607
f 1643/3367/3367 2492/1493/1493 377/1492/1492
f 1643/3367/3367 2668/1837/1837 236/719/719
f 1644/3368/3368 2461/1439/1439 308/668/668
f 1644/3368/3368 2331/1192/1192 385/1191/1191
f 1644/3368/3368 2060/667/667 307/497/497
f 1645/3369/3369 1865/287/287 309/263/263
f 1645/3369/3369 2459/1437/1437 382/288/288
f 1645/3369/3369 2065/677/677 308/668/668
f 1646/3370/3370 1884/322/322 352/249/249
f 1646/3370/3370 1978/505/505 353/323/323
f 1646/3370/3370 1899/352/352 351/354/354
f 1647/3371/3371 2084/711/711 390/206/206
f 1647/3371/3371 2204/948/948 392/712/712
f 1647/3371/3371 1979/506/506 391/508/508
f 1648/3372/3372 3181/2829/2829 172/2514/2514
f 1648/3372/3372 3094/2658/2658 171/2426/2426
f 1648/3372/3372 3024/2513/2513 398/2516/2516
f 1649/3373/3373 3087/2645/2645 413/2647/2647
f 1649/3373/3373 2994/2451/2451 316/2132/2132
f 1649/3373/3373 3187/2837/2837 315/2452/2452
f 1650/3374/3374 3381/3202/3202 421/3204/3204
f 1650/3374/3374 3430/3293/3293 422/3119/3119
f 1650/3374/3374 3390/3219/3219 423/3221/3221
f 1651/3375/3375 2369/1267/1267 159/973/973
f 1651/3375/3375 2700/1896/1896 170/1268/1268
f 1651/3375/3375 2473/1461/1461 375/1463/1463
f 1652/3376/3376 2682/1862/1862 11/1390/1390
f 1652/3376/3376 2113/769/769 37/586/586
f 1652/3376/3376 2434/1389/1389 6/770/770
f 1653/3377/3377 2954/2373/2373 67/2375/2375
f 1653/3377/3377 2616/1733/1733 60/1736/1736
f 1653/3377/3377 2960/2383/2383 90/1734/1734
f 1654/3378/3378 3150/2769/2769 143/2624/2624
f 1654/3378/3378 3098/2665/2665 144/2459/2459
f 1654/3378/3378 3228/2912/2912 142/2666/2666
f 1655/3379/3379 2880/2230/2230 190/1689/1689
f 1655/3379/3379 2583/1664/1664 191/1666/1666
f 1655/3379/3379 2660/1824/1824 182/1169/1169
f 1656/3380/3380 2915/2298/2298 178/1037/1037
f 1656/3380/3380 2820/2117/2117 177/2119/2119
f 1656/3380/3380 2451/1422/1422 201/1424/1424
f 1657/3381/3381 2317/1161/1161 221/807/807
f 1657/3381/3381 2364/1259/1259 209/1162/1162
f 1657/3381/3381 2132/806/806 208/809/809
f 1658/3382/3382 2848/2174/2174 195/2040/2040
f 1658/3382/3382 2791/2062/2062 231/1870/1870
f 1658/3382/3382 2778/2039/2039 233/1836/1836
f 1659/3383/3383 3223/2903/2903 136/2901/2901
f 1659/3383/3383 3356/3160/3160 134/2604/2604
f 1659/3383/3383 3444/3325/3325 97/3161/3161
f 1660/3384/3384 3439/3317/3317 98/3315/3315
f 1660/3384/3384 3278/3004/3004 138/3003/3003
f 1660/3384/3384 3443/3324/3324 136/2901/2901
f 1661/3385/3385 1776/110/110 42/112/112
f 1661/3385/3385 1869/296/296 282/27/27
f 1661/3385/3385 1838/232/232 280/234/234
f 1662/3386/3386 1881/316/316 341/64/64
f 1662/3386/3386 2272/1075/1075 355/109/109
f 1662/3386/3386 2107/758/758 58/755/755
f 1663/3387/3387 1753/60/60 347/3/3
f 1663/3387/3387 2098/742/742 338/61/61
f 1663/3387/3387 1847/250/250 340/252/252
f 1664/3388/3388 2117/777/777 43/626/626
f 1664/3388/3388 2486/1484/1484 252/778/778
f 1664/3388/3388 2270/1072/1072 59/1074/1074
f 1665/3389/3389 3211/2880/2880 419/2882/2882
f 1665/3389/3389 3335/3118/3118 420/2809/2809
f 1665/3389/3389 3380/3201/3201 422/3119/3119
f 1666/3390/3390 3206/2870/2870 408/2795/2795
f 1666/3390/3390 3274/2997/2997 432/2587/2587
f 1666/3390/3390 3252/2956/2956 410/2753/2753
f 1667/3391/3391 2263/1060/1060 448/1063/1063
f 1667/3391/3391 2762/2011/2011 449/1061/1061
f 1667/3391/3391 2436/1394/1394 450/774/774
f 1668/3392/3392 2237/1007/1007 460/925/925
f 1668/3392/3392 2173/886/886 459/888/888
f 1668/3392/3392 2192/924/924 462/380/380
f 1669/3393/3393 2480/1473/1473 472/1030/1030
f 1669/3393/3393 2417/1357/1357 458/573/573
f 1669/3393/3393 2539/1581/1581 471/1358/1358
f 1670/3394/3394 2526/1557/1557 483/1559/1559
f 1670/3394/3394 2411/1346/1346 482/1349/1349
f 1670/3394/3394 2722/1939/1939 489/1347/1347
f 1671/3395/3395 2773/2030/2030 498/2026/2026
f 1671/3395/3395 2503/1514/1514 499/1517/1517
f 1671/3395/3395 2858/2191/2191 486/1515/1515
f 1672/3396/3396 2842/2161/2161 501/2157/2157
f 1672/3396/3396 2605/1711/1711 513/1714/1714
f 1672/3396/3396 2903/2272/2272 514/1712/1712
f 1673/3397/3397 2847/2171/2171 515/904/904
f 1673/3397/3397 3052/2571/2571 516/2172/2172
f 1673/3397/3397 3147/2764/2764 517/2572/2572
f 1674/3398/3398 3105/2678/2678 559/1244/1244
f 1674/3398/3398 3400/3234/3234 560/2679/2679
f 1674/3398/3398 3033/2532/2532 561/2531/2531
f 1675/3399/3399 3354/3156/3156 564/3078/3078
f 1675/3399/3399 3412/3257/3257 552/3157/3157
f 1675/3399/3399 3366/3177/3177 554/2682/2682
f 1676/3400/3400 3104/2676/2676 560/2679/2679
f 1676/3400/3400 3231/2916/2916 575/2677/2677
f 1676/3400/3400 3398/3232/3232 562/2917/2917
f 1677/3401/3401 1807/174/174 597/176/176
f 1677/3401/3401 1945/443/443 672/132/132
f 1677/3401/3401 2329/1188/1188 598/444/444
f 1678/3402/3402 2972/2405/2405 519/2403/2403
f 1678/3402/3402 3242/2938/2938 511/2406/2406
f 1678/3402/3402 3300/3044/3044 502/2227/2227
f 1679/3403/3403 2598/1695/1695 622/1698/1698
f 1679/3403/3403 2785/2051/2051 626/1696/1696
f 1679/3403/3403 2784/2049/2049 668/734/734
f 1680/3404/3404 3008/2482/2482 627/2430/2430
f 1680/3404/3404 3037/2539/2539 629/2320/2320
f 1680/3404/3404 3186/2835/2835 606/2540/2540
f 1681/3405/3405 3251/2954/2954 695/2726/2726
f 1681/3405/3405 2966/2394/2394 694/2393/2393
f 1681/3405/3405 3128/2725/2725 649/1918/1918
f 1682/3406/3406 2897/2261/2261 584/1242/1242
f 1682/3406/3406 3272/2994/2994 547/2262/2262
f 1682/3406/3406 3000/2463/2463 543/2356/2356
f 1683/3407/3407 3315/3077/3077 565/3080/3080
f 1683/3407/3407 3365/3175/3175 564/3078/3078
f 1683/3407/3407 3369/3182/3182 556/3176/3176
f 1684/3408/3408 3417/3265/3265 572/3008/3008
f 1684/3408/3408 3435/3309/3309 574/3266/3266
f 1684/3408/3408 3442/3322/3322 536/2442/2442
f 1685/3409/3409 2047/641/641 652/644/644
f 1685/3409/3409 2104/752/752 700/642/642
f 1685/3409/3409 2315/1158/1158 701/534/534
f 1686/3410/3410 2445/1411/1411 587/1305/1305
f 1686/3410/3410 2867/2207/2207 709/1412/1412
f 1686/3410/3410 2393/1312/1312 635/1178/1178
f 1687/3411/3411 2143/826/826 714/244/244
f 1687/3411/3411 1994/535/535 713/537/537
f 1687/3411/3411 1844/243/243 706/239/239
f 1688/3412/3412 2122/787/787 719/429/429
f 1688/3412/3412 2225/984/984 716/611/611
f 1688/3412/3412 2159/858/858 593/860/860
f 1689/3413/3413 2123/788/788 726/671/671
f 1689/3413/3413 1941/434/434 719/429/429
f 1689/3413/3413 2061/670/670 727/435/435
f 1690/3414/3414 1822/200/200 733/88/88
f 1690/3414/3414 1874/302/302 707/30/30
f 1690/3414/3414 1766/87/87 705/82/82
f 1691/3415/3415 2951/2368/2368 524/1716/1716
f 1691/3415/3415 3283/3013/3013 734/2369/2369
f 1691/3415/3415 2910/2287/2287 522/2289/2289
f 1692/3416/3416 2733/1958/1958 494/1957/1957
f 1692/3416/3416 2504/1516/1516 742/1098/1098
f 1692/3416/3416 2772/2029/2029 499/1517/1517
f 1693/3417/3417 2100/745/745 744/747/747
f 1693/3417/3417 2729/1950/1950 745/350/350
f 1693/3417/3417 2569/1636/1636 743/1638/1638
f 1694/3418/3418 2879/2228/2228 503/2224/2224
f 1694/3418/3418 2612/1726/1726 510/1729/1729
f 1694/3418/3418 2924/2312/2312 530/1727/1727
f 1695/3419/3419 2380/1290/1290 685/1292/1292
f 1695/3419/3419 2567/1632/1632 681/902/902
f 1695/3419/3419 2699/1894/1894 683/1633/1633
f 1696/3420/3420 2770/2025/2025 528/2028/2028
f 1696/3420/3420 2957/2379/2379 498/2026/2026
f 1696/3420/3420 2887/2243/2243 497/1741/1741
f 1697/3421/3421 2108/760/760 746/762/762
f 1697/3421/3421 2101/746/746 755/68/68
f 1697/3421/3421 2568/1635/1635 744/747/747
f 1698/3422/3422 1750/55/55 759/46/46
f 1698/3422/3422 1917/389/389 760/56/56
f 1698/3422/3422 1793/146/146 761/148/148
f 1699/3423/3423 1752/58/58 760/56/56
f 1699/3423/3423 1737/29/29 765/32/32
f 1699/3423/3423 1821/199/199 707/30/30
f 1700/3424/3424 2749/1988/1988 747/1216/1216
f 1700/3424/3424 2489/1488/1488 749/1381/1381
f 1700/3424/3424 2343/1215/1215 496/1079/1079
f 1701/3425/3425 2670/1841/1841 667/1616/1616
f 1701/3425/3425 2494/1496/1496 669/732/732
f 1701/3425/3425 2557/1615/1615 794/1497/1497
f 1702/3426/3426 2062/672/672 729/674/674
f 1702/3426/3426 2332/1194/1194 728/503/503
f 1702/3426/3426 2462/1441/1441 800/1195/1195
f 1703/3427/3427 2067/680/680 730/276/276
f 1703/3427/3427 2464/1443/1443 729/674/674
f 1703/3427/3427 1868/294/294 797/291/291
f 1704/3428/3428 1902/357/357 769/256/256
f 1704/3428/3428 1981/510/510 768/358/358
f 1704/3428/3428 1886/326/326 770/328/328
f 1705/3429/3429 1983/512/512 804/209/209
f 1705/3429/3429 2209/956/956 805/513/513
f 1705/3429/3429 2085/714/714 806/716/716
f 1706/3430/3430 3028/2521/2521 605/2519/2519
f 1706/3430/3430 3095/2660/2660 812/2522/2522
f 1706/3430/3430 3185/2834/2834 604/2432/2432
f 1707/3431/3431 3189/2840/2840 825/2652/2652
f 1707/3431/3431 2995/2454/2454 736/2456/2456
f 1707/3431/3431 3090/2651/2651 737/2145/2145
f 1708/3432/3432 3394/3225/3225 833/3208/3208
f 1708/3432/3432 3431/3295/3295 835/3226/3226
f 1708/3432/3432 3384/3207/3207 834/3123/3123
f 1709/3433/3433 2477/1467/1467 592/983/983
f 1709/3433/3433 2701/1898/1898 792/1468/1468
f 1709/3433/3433 2370/1270/1270 603/1272/1272
f 1710/3434/3434 2437/1395/1395 454/1397/1397
f 1710/3434/3434 2114/772/772 450/774/774
f 1710/3434/3434 2684/1865/1865 474/595/595
f 1711/3435/3435 2962/2386/2386 504/2378/2378
f 1711/3435/3435 2619/1740/1740 527/1743/1743
f 1711/3435/3435 2956/2377/2377 497/1741/1741
f 1712/3436/3436 3232/2918/2918 576/2629/2629
f 1712/3436/3436 3103/2675/2675 575/2677/2677
f 1712/3436/3436 3152/2772/2772 577/2466/2466
f 1713/3437/3437 2663/1829/1829 623/1694/1694
f 1713/3437/3437 2587/1672/1672 615/1182/1182
f 1713/3437/3437 2881/2232/2232 624/1673/1673
f 1714/3438/3438 2456/1430/1430 611/1042/1042
f 1714/3438/3438 2824/2124/2124 634/1431/1431
f 1714/3438/3438 2918/2303/2303 610/2125/2125
f 1715/3439/3439 2136/813/813 654/816/816
f 1715/3439/3439 2367/1264/1264 641/814/814
f 1715/3439/3439 2319/1166/1166 642/1165/1165
f 1716/3440/3440 2782/2046/2046 628/2048/2048
f 1716/3440/3440 2792/2064/2064 666/1840/1840
f 1716/3440/3440 2851/2178/2178 664/1874/1874
f 1717/3441/3441 3445/3327/3327 570/2908/2908
f 1717/3441/3441 3360/3167/3167 534/3165/3165
f 1717/3441/3441 3226/2907/2907 568/2617/2617
f 1718/3442/3442 3446/3328/3328 535/3321/3321
f 1718/3442/3442 3280/3007/3007 570/2908/2908
f 1718/3442/3442 3441/3320/3320 572/3008/3008
f 1719/3443/3443 1841/238/238 479/118/118
f 1719/3443/3443 1872/300/300 706/239/239
f 1719/3443/3443 1780/117/117 708/36/36
f 1720/3444/3444 2110/763/763 758/70/70
f 1720/3444/3444 2275/1080/1080 495/764/764
f 1720/3444/3444 1882/318/318 772/116/116
f 1721/3445/3445 1852/259/259 764/16/16
f 1721/3445/3445 2102/748/748 757/260/260
f 1721/3445/3445 1756/66/66 755/68/68
f 1722/3446/3446 2274/1078/1078 480/629/629
f 1722/3446/3446 2488/1487/1487 496/1079/1079
f 1722/3446/3446 2118/780/780 684/782/782
f 1723/3447/3447 3385/3209/3209 831/2886/2886
f 1723/3447/3447 3336/3121/3121 834/3123/3123
f 1723/3447/3447 3214/2885/2885 832/2815/2815
f 1724/3448/3448 3256/2963/2963 821/2802/2802
f 1724/3448/3448 3276/3000/3000 823/2759/2759
f 1724/3448/3448 3207/2872/2872 842/2591/2591
f 846/1/1 345/5/5 1725/2/2
f 900/351/351 347/3/3 1725/2/2
f 846/1/1 346/7/7 1726/4/4
f 850/37/37 345/5/5 1726/4/4
f 846/1/1 349/9/9 1727/6/6
f 884/279/279 346/7/7 1727/6/6
f 846/1/1 347/3/3 1728/8/8
f 854/59/59 349/9/9 1728/8/8
f 847/10/10 762/14/14 1729/11/11
f 851/43/43 763/12/12 1729/11/11
f 847/10/10 764/16/16 1730/13/13
f 901/355/355 762/14/14 1730/13/13
f 847/10/10 766/18/18 1731/15/15
f 855/65/65 764/16/16 1731/15/15
f 847/10/10 763/12/12 1732/17/17
f 885/281/281 766/18/18 1732/17/17
f 848/19/19 348/23/23 1733/20/20
f 884/279/279 354/21/21 1733/20/20
f 848/19/19 281/25/25 1734/22/22
f 1641/3365/3365 348/23/23 1734/22/22
f 848/19/19 282/27/27 1735/24/24
f 888/295/295 281/25/25 1735/24/24
f 848/19/19 354/21/21 1736/26/26
f 860/107/107 282/27/27 1736/26/26
f 849/28/28 765/32/32 1737/29/29
f 1699/3423/3423 707/30/30 1737/29/29
f 849/28/28 771/34/34 1738/31/31
f 885/281/281 765/32/32 1738/31/31
f 849/28/28 708/36/36 1739/33/33
f 861/113/113 771/34/34 1739/33/33
f 849/28/28 707/30/30 1740/35/35
f 889/299/299 708/36/36 1740/35/35
f 850/37/37 346/7/7 1741/38/38
f 852/49/49 342/39/39 1741/38/38
f 850/37/37 350/42/42 1742/40/40
f 948/574/574 345/5/5 1742/40/40
f 850/37/37 342/39/39 1743/41/41
f 896/331/331 350/42/42 1743/41/41
f 851/43/43 759/46/46 1744/44/44
f 853/54/54 763/12/12 1744/44/44
f 851/43/43 767/48/48 1745/45/45
f 897/335/335 759/46/46 1745/45/45
f 851/43/43 762/14/14 1746/47/47
f 949/578/578 767/48/48 1746/47/47
f 852/49/49 343/52/52 1747/50/50
f 1640/3364/3364 342/39/39 1747/50/50
f 852/49/49 348/23/23 1748/51/51
f 1641/3365/3365 343/52/52 1748/51/51
f 852/49/49 346/7/7 1749/53/53
f 884/279/279 348/23/23 1749/53/53
f 853/54/54 759/46/46 1750/55/55
f 1698/3422/3422 760/56/56 1750/55/55
f 853/54/54 765/32/32 1751/57/57
f 885/281/281 763/12/12 1751/57/57
f 853/54/54 760/56/56 1752/58/58
f 1699/3423/3423 765/32/32 1752/58/58
f 854/59/59 347/3/3 1753/60/60
f 1663/3387/3387 338/61/61 1753/60/60
f 854/59/59 341/64/64 1754/62/62
f 892/315/315 349/9/9 1754/62/62
f 854/59/59 338/61/61 1755/63/63
f 986/753/753 341/64/64 1755/63/63
f 855/65/65 755/68/68 1756/66/66
f 1721/3445/3445 764/16/16 1756/66/66
f 855/65/65 758/70/70 1757/67/67
f 987/759/759 755/68/68 1757/67/67
f 855/65/65 766/18/18 1758/69/69
f 893/317/317 758/70/70 1758/69/69
f 856/71/71 278/75/75 1759/72/72
f 924/460/460 311/73/73 1759/72/72
f 856/71/71 279/77/77 1760/74/74
f 984/749/749 278/75/75 1760/74/74
f 856/71/71 312/79/79 1761/76/76
f 1632/3356/3356 279/77/77 1761/76/76
f 856/71/71 311/73/73 1762/78/78
f 908/391/391 312/79/79 1762/78/78
f 857/80/80 704/84/84 1763/81/81
f 985/751/751 705/82/82 1763/81/81
f 857/80/80 732/86/86 1764/83/83
f 925/465/465 704/84/84 1764/83/83
f 857/80/80 733/88/88 1765/85/85
f 909/393/393 732/86/86 1765/85/85
f 857/80/80 705/82/82 1766/87/87
f 1690/3414/3414 733/88/88 1766/87/87
f 858/89/89 394/93/93 1767/90/90
f 858/89/89 2/95/95 1768/92/92
f 874/201/201 394/93/93 1768/92/92
f 858/89/89 3/97/97 1769/94/94
f 910/395/395 2/95/95 1769/94/94
f 858/89/89 12/91/91 1770/96/96
f 946/562/562 3/97/97 1770/96/96
f 859/98/98 808/102/102 1771/99/99
f 875/207/207 446/100/100 1771/99/99
f 859/98/98 455/104/104 1772/101/101
f 859/98/98 447/106/106 1773/103/103
f 947/568/568 455/104/104 1773/103/103
f 859/98/98 446/100/100 1774/105/105
f 911/400/400 447/106/106 1774/105/105
f 860/107/107 354/21/21 1775/108/108
f 892/315/315 355/109/109 1775/108/108
f 860/107/107 42/112/112 1776/110/110
f 1661/3385/3385 282/27/27 1776/110/110
f 860/107/107 355/109/109 1777/111/111
f 958/623/623 42/112/112 1777/111/111
f 861/113/113 772/116/116 1778/114/114
f 893/317/317 771/34/34 1778/114/114
f 861/113/113 479/118/118 1779/115/115
f 959/627/627 772/116/116 1779/115/115
f 861/113/113 708/36/36 1780/117/117
f 1719/3443/3443 479/118/118 1780/117/117
f 862/119/119 239/123/123 1781/120/120
f 866/153/153 301/121/121 1781/120/120
f 862/119/119 237/125/125 1782/122/122
f 918/436/436 239/123/123 1782/122/122
f 862/119/119 302/127/127 1783/124/124
f 902/359/359 237/125/125 1783/124/124
f 862/119/119 301/121/121 1784/126/126
f 870/177/177 302/127/127 1784/126/126
f 863/128/128 672/132/132 1785/129/129
f 919/442/442 670/130/130 1785/129/129
f 863/128/128 722/134/134 1786/131/131
f 867/159/159 672/132/132 1786/131/131
f 863/128/128 723/136/136 1787/133/133
f 871/183/183 722/134/134 1787/133/133
f 863/128/128 670/130/130 1788/135/135
f 903/363/363 723/136/136 1788/135/135
f 864/137/137 344/141/141 1789/138/138
f 996/797/797 361/139/139 1789/138/138
f 864/137/137 342/39/39 1790/140/140
f 1640/3364/3364 344/141/141 1790/140/140
f 864/137/137 363/144/144 1791/142/142
f 896/331/331 342/39/39 1791/142/142
f 864/137/137 361/139/139 1792/143/143
f 1148/1525/1525 363/144/144 1792/143/143
f 865/145/145 761/148/148 1793/146/146
f 1698/3422/3422 759/46/46 1793/146/146
f 865/145/145 778/150/150 1794/147/147
f 997/801/801 761/148/148 1794/147/147
f 865/145/145 780/152/152 1795/149/149
f 1149/1529/1529 778/150/150 1795/149/149
f 865/145/145 759/46/46 1796/151/151
f 897/335/335 780/152/152 1796/151/151
f 866/153/153 241/157/157 1797/154/154
f 912/405/405 300/155/155 1797/154/154
f 866/153/153 239/123/123 1798/156/156
f 868/165/165 241/157/157 1798/156/156
f 866/153/153 300/155/155 1799/158/158
f 980/735/735 301/121/121 1799/158/158
f 867/159/159 674/162/162 1800/160/160
f 869/171/171 672/132/132 1800/160/160
f 867/159/159 721/164/164 1801/161/161
f 913/411/411 674/162/162 1801/161/161
f 867/159/159 722/134/134 1802/163/163
f 981/737/737 721/164/164 1802/163/163
f 868/165/165 240/168/168 1803/166/166
f 920/448/448 241/157/157 1803/166/166
f 868/165/165 164/170/170 1804/167/167
f 994/789/789 240/168/168 1804/167/167
f 868/165/165 239/123/123 1805/169/169
f 1619/3343/3343 164/170/170 1805/169/169
f 869/171/171 674/162/162 1806/172/172
f 921/452/452 673/173/173 1806/172/172
f 869/171/171 597/176/176 1807/174/174
f 1677/3401/3401 672/132/132 1807/174/174
f 869/171/171 673/173/173 1808/175/175
f 995/793/793 597/176/176 1808/175/175
f 870/177/177 41/181/181 1809/178/178
f 1058/1125/1125 40/179/179 1809/178/178
f 870/177/177 301/121/121 1810/180/180
f 980/735/735 41/181/181 1810/180/180
f 870/177/177 40/179/179 1811/182/182
f 890/303/303 302/127/127 1811/182/182
f 871/183/183 478/186/186 1812/184/184
f 981/737/737 722/134/134 1812/184/184
f 871/183/183 477/188/188 1813/185/185
f 1059/1129/1129 478/186/186 1813/185/185
f 871/183/183 723/136/136 1814/187/187
f 891/309/309 477/188/188 1814/187/187
f 872/189/189 356/192/192 1815/190/190
f 906/385/385 343/52/52 1815/190/190
f 872/189/189 312/79/79 1816/191/191
f 908/391/391 356/192/192 1816/191/191
f 872/189/189 281/25/25 1817/193/193
f 1632/3356/3356 312/79/79 1817/193/193
f 872/189/189 343/52/52 1818/194/194
f 1641/3365/3365 281/25/25 1818/194/194
f 873/195/195 773/198/198 1819/196/196
f 909/393/393 733/88/88 1819/196/196
f 873/195/195 760/56/56 1820/197/197
f 907/388/388 773/198/198 1820/197/197
f 873/195/195 707/30/30 1821/199/199
f 1699/3423/3423 760/56/56 1821/199/199
f 873/195/195 733/88/88 1822/200/200
f 1690/3414/3414 707/30/30 1822/200/200
f 874/201/201 393/204/204 1823/202/202
f 874/201/201 390/206/206 1824/203/203
f 976/709/709 393/204/204 1824/203/203
f 874/201/201 2/95/95 1825/205/205
f 914/414/414 390/206/206 1825/205/205
f 875/207/207 807/211/211 1826/208/208
f 977/713/713 804/209/209 1826/208/208
f 875/207/207 808/102/102 1827/210/210
f 875/207/207 804/209/209 1828/212/212
f 915/416/416 446/100/100 1828/212/212
f 876/213/213 358/216/216 1829/214/214
f 906/385/385 356/192/192 1829/214/214
f 876/213/213 357/218/218 1830/215/215
f 1182/1675/1675 358/216/216 1830/215/215
f 876/213/213 384/220/220 1831/217/217
f 942/550/550 357/218/218 1831/217/217
f 876/213/213 356/192/192 1832/219/219
f 908/391/391 384/220/220 1832/219/219
f 877/221/221 775/225/225 1833/222/222
f 1183/1679/1679 774/223/223 1833/222/222
f 877/221/221 773/198/198 1834/224/224
f 907/388/388 775/225/225 1834/224/224
f 877/221/221 799/228/228 1835/226/226
f 909/393/393 773/198/198 1835/226/226
f 877/221/221 774/223/223 1836/227/227
f 943/554/554 799/228/228 1836/227/227
f 878/229/229 42/112/112 1837/230/230
f 958/623/623 44/231/231 1837/230/230
f 878/229/229 280/234/234 1838/232/232
f 1661/3385/3385 42/112/112 1838/232/232
f 878/229/229 288/236/236 1839/233/233
f 1629/3353/3353 280/234/234 1839/233/233
f 878/229/229 44/231/231 1840/235/235
f 940/538/538 288/236/236 1840/235/235
f 879/237/237 479/118/118 1841/238/238
f 1719/3443/3443 706/239/239 1841/238/238
f 879/237/237 481/242/242 1842/240/240
f 959/627/627 479/118/118 1842/240/240
f 879/237/237 714/244/244 1843/241/241
f 941/544/544 481/242/242 1843/241/241
f 879/237/237 706/239/239 1844/243/243
f 1687/3411/3411 714/244/244 1844/243/243
f 880/245/245 352/249/249 1845/246/246
f 894/319/319 339/247/247 1845/246/246
f 880/245/245 347/3/3 1846/248/248
f 900/351/351 352/249/249 1846/248/248
f 880/245/245 340/252/252 1847/250/250
f 1663/3387/3387 347/3/3 1847/250/250
f 880/245/245 339/247/247 1848/251/251
f 898/339/339 340/252/252 1848/251/251
f 881/253/253 769/256/256 1849/254/254
f 901/355/355 764/16/16 1849/254/254
f 881/253/253 756/258/258 1850/255/255
f 895/325/325 769/256/256 1850/255/255
f 881/253/253 757/260/260 1851/257/257
f 899/345/345 756/258/258 1851/257/257
f 881/253/253 764/16/16 1852/259/259
f 1721/3445/3445 757/260/260 1852/259/259
f 882/261/261 310/265/265 1853/262/262
f 930/484/484 309/263/263 1853/262/262
f 882/261/261 373/267/267 1854/264/264
f 926/470/470 310/265/265 1854/264/264
f 882/261/261 381/269/269 1855/266/266
f 1064/1151/1151 373/267/267 1855/266/266
f 882/261/261 309/263/263 1856/268/268
f 886/283/283 381/269/269 1856/268/268
f 883/270/270 731/274/274 1857/271/271
f 927/472/472 790/272/272 1857/271/271
f 883/270/270 730/276/276 1858/273/273
f 931/488/488 731/274/274 1858/273/273
f 883/270/270 796/278/278 1859/275/275
f 887/289/289 730/276/276 1859/275/275
f 883/270/270 790/272/272 1860/277/277
f 1065/1153/1153 796/278/278 1860/277/277
f 884/279/279 349/9/9 1861/280/280
f 892/315/315 354/21/21 1861/280/280
f 885/281/281 771/34/34 1862/282/282
f 893/317/317 766/18/18 1862/282/282
f 886/283/283 383/286/286 1863/284/284
f 886/283/283 382/288/288 1864/285/285
f 886/283/283 309/263/263 1865/287/287
f 1645/3369/3369 382/288/288 1865/287/287
f 887/289/289 798/293/293 1866/290/290
f 887/289/289 796/278/278 1867/292/292
f 887/289/289 797/291/291 1868/294/294
f 1703/3427/3427 730/276/276 1868/294/294
f 888/295/295 282/27/27 1869/296/296
f 1661/3385/3385 280/234/234 1869/296/296
f 888/295/295 279/77/77 1870/297/297
f 1632/3356/3356 281/25/25 1870/297/297
f 888/295/295 280/234/234 1871/298/298
f 938/526/526 279/77/77 1871/298/298
f 889/299/299 706/239/239 1872/300/300
f 1719/3443/3443 708/36/36 1872/300/300
f 889/299/299 705/82/82 1873/301/301
f 939/532/532 706/239/239 1873/301/301
f 889/299/299 707/30/30 1874/302/302
f 1690/3414/3414 705/82/82 1874/302/302
f 890/303/303 40/179/179 1875/304/304
f 1106/1360/1360 367/305/305 1875/304/304
f 890/303/303 303/308/308 1876/306/306
f 902/359/359 302/127/127 1876/306/306
f 890/303/303 367/305/305 1877/307/307
f 944/558/558 303/308/308 1877/307/307
f 891/309/309 784/312/312 1878/310/310
f 1107/1364/1364 477/188/188 1878/310/310
f 891/309/309 724/314/314 1879/311/311
f 945/560/560 784/312/312 1879/311/311
f 891/309/309 723/136/136 1880/313/313
f 903/363/363 724/314/314 1880/313/313
f 892/315/315 341/64/64 1881/316/316
f 1662/3386/3386 355/109/109 1881/316/316
f 893/317/317 772/116/116 1882/318/318
f 1720/3444/3444 758/70/70 1882/318/318
f 894/319/319 353/323/323 1883/320/320
f 914/414/414 1/321/321 1883/320/320
f 894/319/319 352/249/249 1884/322/322
f 1646/3370/3370 353/323/323 1884/322/322
f 894/319/319 1/321/321 1885/324/324
f 952/599/599 339/247/247 1885/324/324
f 895/325/325 770/328/328 1886/326/326
f 1704/3428/3428 769/256/256 1886/326/326
f 895/325/325 445/330/330 1887/327/327
f 915/416/416 770/328/328 1887/327/327
f 895/325/325 756/258/258 1888/329/329
f 953/601/601 445/330/330 1888/329/329
f 896/331/331 362/334/334 1889/332/332
f 1144/1519/1519 350/42/42 1889/332/332
f 896/331/331 363/144/144 1890/333/333
f 974/697/697 362/334/334 1890/333/333
f 897/335/335 767/48/48 1891/336/336
f 1145/1520/1520 779/337/337 1891/336/336
f 897/335/335 779/337/337 1892/338/338
f 975/703/703 780/152/152 1892/338/338
f 898/339/339 336/343/343 1893/340/340
f 1024/935/935 324/341/341 1893/340/340
f 898/339/339 339/247/247 1894/342/342
f 952/599/599 336/343/343 1894/342/342
f 898/339/339 324/341/341 1895/344/344
f 982/739/739 340/252/252 1895/344/344
f 899/345/345 753/348/348 1896/346/346
f 953/601/601 756/258/258 1896/346/346
f 899/345/345 745/350/350 1897/347/347
f 1025/941/941 753/348/348 1897/347/347
f 899/345/345 757/260/260 1898/349/349
f 983/744/744 745/350/350 1898/349/349
f 900/351/351 351/354/354 1899/352/352
f 1646/3370/3370 352/249/249 1899/352/352
f 900/351/351 345/5/5 1900/353/353
f 948/574/574 351/354/354 1900/353/353
f 901/355/355 768/358/358 1901/356/356
f 949/578/578 762/14/14 1901/356/356
f 901/355/355 769/256/256 1902/357/357
f 1704/3428/3428 768/358/358 1902/357/357
f 902/359/359 238/362/362 1903/360/360
f 956/615/615 237/125/125 1903/360/360
f 902/359/359 303/308/308 1904/361/361
f 922/454/454 238/362/362 1904/361/361
f 903/363/363 670/130/130 1905/364/364
f 957/619/619 671/365/365 1905/364/364
f 903/363/363 671/365/365 1906/366/366
f 923/457/457 724/314/314 1906/366/366
f 904/367/367 19/371/371 1907/368/368
f 1014/881/881 22/369/369 1907/368/368
f 904/367/367 21/373/373 1908/370/370
f 1020/915/915 19/371/371 1908/370/370
f 904/367/367 26/375/375 1909/372/372
f 1010/861/861 21/373/373 1909/372/372
f 904/367/367 22/369/369 1910/374/374
f 905/376/376 462/380/380 1911/377/377
f 1021/921/921 464/378/378 1911/377/377
f 905/376/376 465/382/382 1912/379/379
f 1015/885/885 462/380/380 1912/379/379
f 905/376/376 467/384/384 1913/381/381
f 905/376/376 464/378/378 1914/383/383
f 1011/867/867 467/384/384 1914/383/383
f 906/385/385 344/141/141 1915/386/386
f 1640/3364/3364 343/52/52 1915/386/386
f 906/385/385 358/216/216 1916/387/387
f 996/797/797 344/141/141 1916/387/387
f 907/388/388 760/56/56 1917/389/389
f 1698/3422/3422 761/148/148 1917/389/389
f 907/388/388 761/148/148 1918/390/390
f 997/801/801 775/225/225 1918/390/390
f 908/391/391 311/73/73 1919/392/392
f 926/470/470 384/220/220 1919/392/392
f 909/393/393 799/228/228 1920/394/394
f 927/472/472 732/86/86 1920/394/394
f 910/395/395 1/321/321 1921/396/396
f 914/414/414 2/95/95 1921/396/396
f 910/395/395 337/399/399 1922/397/397
f 952/599/599 1/321/321 1922/397/397
f 910/395/395 3/97/97 1923/398/398
f 1130/1470/1470 337/399/399 1923/398/398
f 911/400/400 446/100/100 1924/401/401
f 915/416/416 445/330/330 1924/401/401
f 911/400/400 754/404/404 1925/402/402
f 1131/1472/1472 447/106/106 1925/402/402
f 911/400/400 445/330/330 1926/403/403
f 953/601/601 754/404/404 1926/403/403
f 912/405/405 298/409/409 1927/406/406
f 913/411/411 299/407/407 1927/406/406
f 912/405/405 241/157/157 1928/408/408
f 920/448/448 298/409/409 1928/408/408
f 912/405/405 299/407/407 1929/410/410
f 928/474/474 300/155/155 1929/410/410
f 913/411/411 298/409/409 1930/412/412
f 921/452/452 674/162/162 1930/412/412
f 913/411/411 721/164/164 1931/413/413
f 929/480/480 299/407/407 1931/413/413
f 914/414/414 353/323/323 1932/415/415
f 934/504/504 390/206/206 1932/415/415
f 915/416/416 804/209/209 1933/417/417
f 935/509/509 770/328/328 1933/417/417
f 916/418/418 295/422/422 1934/419/419
f 922/454/454 304/420/420 1934/419/419
f 916/418/418 294/424/424 1935/421/421
f 1008/853/853 295/422/422 1935/421/421
f 916/418/418 306/426/426 1936/423/423
f 1631/3355/3355 294/424/424 1936/423/423
f 916/418/418 304/420/420 1937/425/425
f 932/492/492 306/426/426 1937/425/425
f 917/427/427 720/431/431 1938/428/428
f 1009/857/857 719/429/429 1938/428/428
f 917/427/427 725/433/433 1939/430/430
f 923/457/457 720/431/431 1939/430/430
f 917/427/427 727/435/435 1940/432/432
f 933/498/498 725/433/433 1940/432/432
f 917/427/427 719/429/429 1941/434/434
f 1689/3413/3413 727/435/435 1941/434/434
f 918/436/436 165/439/439 1942/437/437
f 1619/3343/3343 239/123/123 1942/437/437
f 918/436/436 166/441/441 1943/438/438
f 1060/1133/1133 165/439/439 1943/438/438
f 918/436/436 237/125/125 1944/440/440
f 956/615/615 166/441/441 1944/440/440
f 919/442/442 672/132/132 1945/443/443
f 1677/3401/3401 598/444/444 1945/443/443
f 919/442/442 599/447/447 1946/445/445
f 957/619/619 670/130/130 1946/445/445
f 919/442/442 598/444/444 1947/446/446
f 1061/1139/1139 599/447/447 1947/446/446
f 920/448/448 441/451/451 1948/449/449
f 921/452/452 298/409/409 1948/449/449
f 920/448/448 240/168/168 1949/450/450
f 970/681/681 441/451/451 1949/450/450
f 921/452/452 441/451/451 1950/453/453
f 971/687/687 673/173/173 1950/453/453
f 922/454/454 295/422/422 1951/455/455
f 1002/827/827 238/362/362 1951/455/455
f 922/454/454 303/308/308 1952/456/456
f 944/558/558 304/420/420 1952/456/456
f 923/457/457 671/365/365 1953/458/458
f 1003/831/831 720/431/431 1953/458/458
f 923/457/457 725/433/433 1954/459/459
f 945/560/560 724/314/314 1954/459/459
f 924/460/460 277/463/463 1955/461/461
f 930/484/484 310/265/265 1955/461/461
f 924/460/460 278/75/75 1956/462/462
f 964/659/659 277/463/463 1956/462/462
f 924/460/460 310/265/265 1957/464/464
f 926/470/470 311/73/73 1957/464/464
f 925/465/465 703/468/468 1958/466/466
f 965/661/661 704/84/84 1958/466/466
f 925/465/465 731/274/274 1959/467/467
f 931/488/488 703/468/468 1959/467/467
f 925/465/465 732/86/86 1960/469/469
f 927/472/472 731/274/274 1960/469/469
f 926/470/470 373/267/267 1961/471/471
f 942/550/550 384/220/220 1961/471/471
f 927/472/472 799/228/228 1962/473/473
f 943/554/554 790/272/272 1962/473/473
f 928/474/474 387/477/477 1963/475/475
f 980/735/735 300/155/155 1963/475/475
f 928/474/474 442/479/479 1964/476/476
f 928/474/474 299/407/407 1965/478/478
f 929/480/480 442/479/479 1965/478/478
f 929/480/480 721/164/164 1966/481/481
f 981/737/737 802/482/482 1966/481/481
f 929/480/480 802/482/482 1967/483/483
f 930/484/484 292/487/487 1968/485/485
f 968/675/675 309/263/263 1968/485/485
f 930/484/484 277/463/463 1969/486/486
f 954/603/603 292/487/487 1969/486/486
f 931/488/488 717/491/491 1970/489/489
f 955/609/609 703/468/468 1970/489/489
f 931/488/488 730/276/276 1971/490/490
f 969/678/678 717/491/491 1971/490/490
f 932/492/492 304/420/420 1972/493/493
f 944/558/558 368/494/494 1972/493/493
f 932/492/492 307/497/497 1973/495/495
f 966/663/663 306/426/426 1973/495/495
f 932/492/492 368/494/494 1974/496/496
f 936/514/514 307/497/497 1974/496/496
f 933/498/498 785/501/501 1975/499/499
f 945/560/560 725/433/433 1975/499/499
f 933/498/498 728/503/503 1976/500/500
f 937/520/520 785/501/501 1976/500/500
f 933/498/498 727/435/435 1977/502/502
f 967/669/669 728/503/503 1977/502/502
f 934/504/504 353/323/323 1978/505/505
f 1646/3370/3370 351/354/354 1978/505/505
f 934/504/504 391/508/508 1979/506/506
f 1647/3371/3371 390/206/206 1979/506/506
f 934/504/504 351/354/354 1980/507/507
f 1044/1049/1049 391/508/508 1980/507/507
f 935/509/509 768/358/358 1981/510/510
f 1704/3428/3428 770/328/328 1981/510/510
f 935/509/509 805/513/513 1982/511/511
f 1045/1051/1051 768/358/358 1982/511/511
f 935/509/509 804/209/209 1983/512/512
f 1705/3429/3429 805/513/513 1983/512/512
f 936/514/514 370/517/517 1984/515/515
f 1074/1189/1189 307/497/497 1984/515/515
f 936/514/514 369/519/519 1985/516/516
f 1178/1655/1655 370/517/517 1985/516/516
f 936/514/514 368/494/494 1986/518/518
f 1006/845/845 369/519/519 1986/518/518
f 937/520/520 787/524/524 1987/521/521
f 1179/1659/1659 786/522/522 1987/521/521
f 937/520/520 728/503/503 1988/523/523
f 1075/1193/1193 787/524/524 1988/523/523
f 937/520/520 786/522/522 1989/525/525
f 1007/849/849 785/501/501 1989/525/525
f 938/526/526 275/529/529 1990/527/527
f 984/749/749 279/77/77 1990/527/527
f 938/526/526 287/531/531 1991/528/528
f 1066/1155/1155 275/529/529 1991/528/528
f 938/526/526 280/234/234 1992/530/530
f 1629/3353/3353 287/531/531 1992/530/530
f 939/532/532 705/82/82 1993/533/533
f 985/751/751 701/534/534 1993/533/533
f 939/532/532 713/537/537 1994/535/535
f 1687/3411/3411 706/239/239 1994/535/535
f 939/532/532 701/534/534 1995/536/536
f 1067/1157/1157 713/537/537 1995/536/536
f 940/538/538 250/542/542 1996/539/539
f 962/647/647 222/540/540 1996/539/539
f 940/538/538 44/231/231 1997/541/541
f 990/775/775 250/542/542 1997/541/541
f 940/538/538 222/540/540 1998/543/543
f 998/805/805 288/236/236 1998/543/543
f 941/544/544 682/547/547 1999/545/545
f 991/779/779 481/242/242 1999/545/545
f 941/544/544 655/549/549 2000/546/546
f 963/653/653 682/547/547 2000/546/546
f 941/544/544 714/244/244 2001/548/548
f 999/811/811 655/549/549 2001/548/548
f 942/550/550 374/553/553 2002/551/551
f 942/550/550 373/267/267 2003/552/552
f 1064/1151/1151 374/553/553 2003/552/552
f 943/554/554 791/557/557 2004/555/555
f 1065/1153/1153 790/272/272 2004/555/555
f 943/554/554 774/223/223 2005/556/556
f 944/558/558 367/305/305 2006/559/559
f 1006/845/845 368/494/494 2006/559/559
f 945/560/560 785/501/501 2007/561/561
f 1007/849/849 784/312/312 2007/561/561
f 946/562/562 12/91/91 2008/563/563
f 972/691/691 13/564/564 2008/563/563
f 946/562/562 15/567/567 2009/565/565
f 1130/1470/1470 3/97/97 2009/565/565
f 946/562/562 13/564/564 2010/566/566
f 1192/1747/1747 15/567/567 2010/566/566
f 947/568/568 456/571/571 2011/569/569
f 973/694/694 455/104/104 2011/569/569
f 947/568/568 458/573/573 2012/570/570
f 1193/1748/1748 456/571/571 2012/570/570
f 947/568/568 447/106/106 2013/572/572
f 1131/1472/1472 458/573/573 2013/572/572
f 948/574/574 395/577/577 2014/575/575
f 1044/1049/1049 351/354/354 2014/575/575
f 948/574/574 350/42/42 2015/576/576
f 1144/1519/1519 395/577/577 2015/576/576
f 949/578/578 809/581/581 2016/579/579
f 1145/1520/1520 767/48/48 2016/579/579
f 949/578/578 768/358/358 2017/580/580
f 1045/1051/1051 809/581/581 2017/580/580
f 950/582/582 37/586/586 2018/583/583
f 988/765/765 36/584/584 2018/583/583
f 950/582/582 258/588/588 2019/585/585
f 1222/1861/1861 37/586/586 2019/585/585
f 950/582/582 260/590/590 2020/587/587
f 1210/1811/1811 258/588/588 2020/587/587
f 950/582/582 36/584/584 2021/589/589
f 1328/2273/2273 260/590/590 2021/589/589
f 951/591/591 474/595/595 2022/592/592
f 1223/1864/1864 688/593/593 2022/592/592
f 951/591/591 36/584/584 2023/594/594
f 989/771/771 474/595/595 2023/594/594
f 951/591/591 690/598/598 2024/596/596
f 1328/2273/2273 36/584/584 2024/596/596
f 951/591/591 688/593/593 2025/597/597
f 1211/1815/1815 690/598/598 2025/597/597
f 952/599/599 337/399/399 2026/600/600
f 1040/1023/1023 336/343/343 2026/600/600
f 953/601/601 753/348/348 2027/602/602
f 1041/1027/1027 754/404/404 2027/602/602
f 954/603/603 291/606/606 2028/604/604
f 992/783/783 292/487/487 2028/604/604
f 954/603/603 276/608/608 2029/605/605
f 1116/1414/1414 291/606/606 2029/605/605
f 954/603/603 277/463/463 2030/607/607
f 964/659/659 276/608/608 2030/607/607
f 955/609/609 717/491/491 2031/610/610
f 993/786/786 716/611/611 2031/610/610
f 955/609/609 702/614/614 2032/612/612
f 965/661/661 703/468/468 2032/612/612
f 955/609/609 716/611/611 2033/613/613
f 1117/1416/1416 702/614/614 2033/613/613
f 956/615/615 167/618/618 2034/616/616
f 1084/1247/1247 166/441/441 2034/616/616
f 956/615/615 238/362/362 2035/617/617
f 1002/827/827 167/618/618 2035/617/617
f 957/619/619 600/622/622 2036/620/620
f 1003/831/831 671/365/365 2036/620/620
f 957/619/619 599/447/447 2037/621/621
f 1085/1251/1251 600/622/622 2037/621/621
f 958/623/623 43/626/626 2038/624/624
f 990/775/775 44/231/231 2038/624/624
f 958/623/623 355/109/109 2039/625/625
f 1050/1071/1071 43/626/626 2039/625/625
f 959/627/627 481/242/242 2040/628/628
f 991/779/779 480/629/629 2040/628/628
f 959/627/627 480/629/629 2041/630/630
f 1051/1076/1076 772/116/116 2041/630/630
f 960/631/631 274/635/635 2042/632/632
f 1627/3351/3351 219/633/633 2042/632/632
f 960/631/631 276/608/608 2043/634/634
f 964/659/659 274/635/635 2043/634/634
f 960/631/631 224/638/638 2044/636/636
f 1116/1414/1414 276/608/608 2044/636/636
f 960/631/631 219/633/633 2045/637/637
f 1174/1641/1641 224/638/638 2045/637/637
f 961/639/639 700/642/642 2046/640/640
f 965/661/661 702/614/614 2046/640/640
f 961/639/639 652/644/644 2047/641/641
f 1685/3409/3409 700/642/642 2047/641/641
f 961/639/639 657/646/646 2048/643/643
f 1176/1649/1649 652/644/644 2048/643/643
f 961/639/639 702/614/614 2049/645/645
f 1117/1416/1416 657/646/646 2049/645/645
f 962/647/647 286/650/650 2050/648/648
f 1012/873/873 222/540/540 2050/648/648
f 962/647/647 248/652/652 2051/649/649
f 1028/957/957 286/650/650 2051/649/649
f 962/647/647 250/542/542 2052/651/651
f 1170/1619/1619 248/652/652 2052/651/651
f 963/653/653 655/549/549 2053/654/654
f 1013/877/877 712/655/655 2053/654/654
f 963/653/653 680/658/658 2054/656/656
f 1172/1630/1630 682/547/547 2054/656/656
f 963/653/653 712/655/655 2055/657/657
f 1029/961/961 680/658/658 2055/657/657
f 964/659/659 278/75/75 2056/660/660
f 984/749/749 274/635/635 2056/660/660
f 965/661/661 700/642/642 2057/662/662
f 985/751/751 704/84/84 2057/662/662
f 966/663/663 305/666/666 2058/664/664
f 1631/3355/3355 306/426/426 2058/664/664
f 966/663/663 308/668/668 2059/665/665
f 968/675/675 305/666/666 2059/665/665
f 966/663/663 307/497/497 2060/667/667
f 1644/3368/3368 308/668/668 2060/667/667
f 967/669/669 727/435/435 2061/670/670
f 1689/3413/3413 726/671/671 2061/670/670
f 967/669/669 729/674/674 2062/672/672
f 1702/3426/3426 728/503/503 2062/672/672
f 967/669/669 726/671/671 2063/673/673
f 969/678/678 729/674/674 2063/673/673
f 968/675/675 292/487/487 2064/676/676
f 992/783/783 305/666/666 2064/676/676
f 968/675/675 308/668/668 2065/677/677
f 1645/3369/3369 309/263/263 2065/677/677
f 969/678/678 726/671/671 2066/679/679
f 993/786/786 717/491/491 2066/679/679
f 969/678/678 730/276/276 2067/680/680
f 1703/3427/3427 729/674/674 2067/680/680
f 970/681/681 163/685/685 2068/682/682
f 1004/835/835 297/683/683 2068/682/682
f 970/681/681 240/168/168 2069/684/684
f 994/789/789 163/685/685 2069/684/684
f 970/681/681 297/683/683 2070/686/686
f 971/687/687 441/451/451 2070/686/686
f 971/687/687 596/690/690 2071/688/688
f 995/793/793 673/173/173 2071/688/688
f 971/687/687 297/683/683 2072/689/689
f 1005/841/841 596/690/690 2072/689/689
f 972/691/691 12/91/91 2073/692/692
f 972/691/691 22/369/369 2074/693/693
f 1014/881/881 13/564/564 2074/693/693
f 973/694/694 456/571/571 2075/695/695
f 1015/885/885 465/382/382 2075/695/695
f 973/694/694 465/382/382 2076/696/696
f 974/697/697 364/701/701 2077/698/698
f 974/697/697 363/144/144 2078/700/700
f 1288/2110/2110 364/701/701 2078/700/700
f 974/697/697 365/699/699 2079/702/702
f 1144/1519/1519 362/334/334 2079/702/702
f 975/703/703 781/706/706 2080/704/704
f 1289/2112/2112 780/152/152 2080/704/704
f 975/703/703 782/708/708 2081/705/705
f 975/703/703 779/337/337 2082/707/707
f 1145/1520/1520 782/708/708 2082/707/707
f 976/709/709 392/712/712 2083/710/710
f 976/709/709 390/206/206 2084/711/711
f 1647/3371/3371 392/712/712 2084/711/711
f 977/713/713 806/716/716 2085/714/714
f 1705/3429/3429 804/209/209 2085/714/714
f 977/713/713 807/211/211 2086/715/715
f 978/717/717 242/721/721 2087/718/718
f 1062/1145/1145 236/719/719 2087/718/718
f 978/717/717 161/723/723 2088/720/720
f 1124/1444/1444 242/721/721 2088/720/720
f 978/717/717 235/725/725 2089/722/722
f 1267/2042/2042 161/723/723 2089/722/722
f 978/717/717 236/719/719 2090/724/724
f 1216/1833/1833 235/725/725 2090/724/724
f 979/726/726 675/730/730 2091/727/727
f 1125/1446/1446 594/728/728 2091/727/727
f 979/726/726 669/732/732 2092/729/729
f 1063/1148/1148 675/730/730 2092/729/729
f 979/726/726 668/734/734 2093/731/731
f 1217/1838/1838 669/732/732 2093/731/731
f 979/726/726 594/728/728 2094/733/733
f 1269/2050/2050 668/734/734 2094/733/733
f 980/735/735 387/477/477 2095/736/736
f 981/737/737 478/186/186 2096/738/738
f 982/739/739 324/341/341 2097/740/740
f 1635/3359/3359 323/741/741 2097/740/740
f 982/739/739 338/61/61 2098/742/742
f 1663/3387/3387 340/252/252 2098/742/742
f 982/739/739 323/741/741 2099/743/743
f 1639/3363/3363 338/61/61 2099/743/743
f 983/744/744 744/747/747 2100/745/745
f 1693/3417/3417 745/350/350 2100/745/745
f 983/744/744 755/68/68 2101/746/746
f 1697/3421/3421 744/747/747 2101/746/746
f 983/744/744 757/260/260 2102/748/748
f 1721/3445/3445 755/68/68 2102/748/748
f 984/749/749 275/529/529 2103/750/750
f 1627/3351/3351 274/635/635 2103/750/750
f 985/751/751 700/642/642 2104/752/752
f 1685/3409/3409 701/534/534 2104/752/752
f 986/753/753 325/757/757 2105/754/754
f 1078/1209/1209 58/755/755 2105/754/754
f 986/753/753 338/61/61 2106/756/756
f 1639/3363/3363 325/757/757 2106/756/756
f 986/753/753 58/755/755 2107/758/758
f 1662/3386/3386 341/64/64 2107/758/758
f 987/759/759 746/762/762 2108/760/760
f 1697/3421/3421 755/68/68 2108/760/760
f 987/759/759 495/764/764 2109/761/761
f 1079/1213/1213 746/762/762 2109/761/761
f 987/759/759 758/70/70 2110/763/763
f 1720/3444/3444 495/764/764 2110/763/763
f 988/765/765 35/768/768 2111/766/766
f 989/771/771 36/584/584 2111/766/766
f 988/765/765 6/770/770 2112/767/767
f 1331/2290/2290 35/768/768 2112/767/767
f 988/765/765 37/586/586 2113/769/769
f 1652/3376/3376 6/770/770 2113/769/769
f 989/771/771 450/774/774 2114/772/772
f 1710/3434/3434 474/595/595 2114/772/772
f 989/771/771 35/768/768 2115/773/773
f 1332/2292/2292 450/774/774 2115/773/773
f 990/775/775 252/778/778 2116/776/776
f 1230/1891/1891 250/542/542 2116/776/776
f 990/775/775 43/626/626 2117/777/777
f 1664/3388/3388 252/778/778 2117/777/777
f 991/779/779 684/782/782 2118/780/780
f 1722/3446/3446 480/629/629 2118/780/780
f 991/779/779 682/547/547 2119/781/781
f 1231/1893/1893 684/782/782 2119/781/781
f 992/783/783 294/424/424 2120/784/784
f 1631/3355/3355 305/666/666 2120/784/784
f 992/783/783 291/606/606 2121/785/785
f 1630/3354/3354 294/424/424 2121/785/785
f 993/786/786 719/429/429 2122/787/787
f 1688/3412/3412 716/611/611 2122/787/787
f 993/786/786 726/671/671 2123/788/788
f 1689/3413/3413 719/429/429 2123/788/788
f 994/789/789 436/792/792 2124/790/790
f 1030/965/965 163/685/685 2124/790/790
f 994/789/789 164/170/170 2125/791/791
f 1072/1185/1185 436/792/792 2125/791/791
f 995/793/793 845/796/796 2126/794/794
f 1073/1187/1187 597/176/176 2126/794/794
f 995/793/793 596/690/690 2127/795/795
f 1031/968/968 845/796/796 2127/795/795
f 996/797/797 358/216/216 2128/798/798
f 1182/1675/1675 360/799/799 2128/798/798
f 996/797/797 360/799/799 2129/800/800
f 997/801/801 777/804/804 2130/802/802
f 1183/1679/1679 775/225/225 2130/802/802
f 997/801/801 778/150/150 2131/803/803
f 998/805/805 208/809/809 2132/806/806
f 1657/3381/3381 221/807/807 2132/806/806
f 998/805/805 222/540/540 2133/808/808
f 1012/873/873 208/809/809 2133/808/808
f 998/805/805 221/807/807 2134/810/810
f 1000/817/817 288/236/236 2134/810/810
f 999/811/811 641/814/814 2135/812/812
f 1013/877/877 655/549/549 2135/812/812
f 999/811/811 654/816/816 2136/813/813
f 1715/3439/3439 641/814/814 2136/813/813
f 999/811/811 714/244/244 2137/815/815
f 1001/822/822 654/816/816 2137/815/815
f 1000/817/817 220/820/820 2138/818/818
f 1066/1155/1155 287/531/531 2138/818/818
f 1000/817/817 221/807/807 2139/819/819
f 1068/1159/1159 220/820/820 2139/819/819
f 1000/817/817 287/531/531 2140/821/821
f 1629/3353/3353 288/236/236 2140/821/821
f 1001/822/822 653/825/825 2141/823/823
f 1069/1163/1163 654/816/816 2141/823/823
f 1001/822/822 713/537/537 2142/824/824
f 1067/1157/1157 653/825/825 2142/824/824
f 1001/822/822 714/244/244 2143/826/826
f 1687/3411/3411 713/537/537 2143/826/826
f 1002/827/827 169/830/830 2144/828/828
f 1120/1432/1432 167/618/618 2144/828/828
f 1002/827/827 295/422/422 2145/829/829
f 1008/853/853 169/830/830 2145/829/829
f 1003/831/831 602/834/834 2146/832/832
f 1009/857/857 720/431/431 2146/832/832
f 1003/831/831 600/622/622 2147/833/833
f 1121/1434/1434 602/834/834 2147/833/833
f 1004/835/835 158/839/839 2148/836/836
f 1018/905/905 296/837/837 2148/836/836
f 1004/835/835 163/685/685 2149/838/838
f 1030/965/965 158/839/839 2149/838/838
f 1004/835/835 296/837/837 2150/840/840
f 1005/841/841 297/683/683 2150/840/840
f 1005/841/841 591/844/844 2151/842/842
f 1031/968/968 596/690/690 2151/842/842
f 1005/841/841 296/837/837 2152/843/843
f 1019/911/911 591/844/844 2152/843/843
f 1006/845/845 371/848/848 2153/846/846
f 1212/1819/1819 369/519/519 2153/846/846
f 1006/845/845 367/305/305 2154/847/847
f 1108/1368/1368 371/848/848 2154/847/847
f 1007/849/849 786/522/522 2155/850/850
f 1213/1821/1821 788/851/851 2155/850/850
f 1007/849/849 788/851/851 2156/852/852
f 1109/1370/1370 784/312/312 2156/852/852
f 1008/853/853 160/856/856 2157/854/854
f 1088/1265/1265 169/830/830 2157/854/854
f 1008/853/853 294/424/424 2158/855/855
f 1630/3354/3354 160/856/856 2158/855/855
f 1009/857/857 593/860/860 2159/858/858
f 1688/3412/3412 719/429/429 2159/858/858
f 1009/857/857 602/834/834 2160/859/859
f 1089/1269/1269 593/860/860 2160/859/859
f 1010/861/861 23/865/865 2161/862/862
f 1158/1571/1571 27/863/863 2161/862/862
f 1010/861/861 26/375/375 2162/864/864
f 1010/861/861 27/863/863 2163/866/866
f 1022/927/927 21/373/373 2163/866/866
f 1011/867/867 466/870/870 2164/868/868
f 1011/867/867 468/872/872 2165/869/869
f 1159/1575/1575 466/870/870 2165/869/869
f 1011/867/867 464/378/378 2166/871/871
f 1023/931/931 468/872/872 2166/871/871
f 1012/873/873 207/876/876 2167/874/874
f 1038/1011/1011 208/809/809 2167/874/874
f 1012/873/873 286/650/650 2168/875/875
f 1156/1563/1563 207/876/876 2168/875/875
f 1013/877/877 640/880/880 2169/878/878
f 1157/1567/1567 712/655/655 2169/878/878
f 1013/877/877 641/814/814 2170/879/879
f 1039/1017/1017 640/880/880 2170/879/879
f 1014/881/881 16/884/884 2171/882/882
f 1192/1747/1747 13/564/564 2171/882/882
f 1014/881/881 19/371/371 2172/883/883
f 1610/3334/3334 16/884/884 2172/883/883
f 1015/885/885 459/888/888 2173/886/886
f 1668/3392/3392 462/380/380 2173/886/886
f 1015/885/885 456/571/571 2174/887/887
f 1193/1748/1748 459/888/888 2174/887/887
f 1016/889/889 248/652/652 2175/890/890
f 1170/1619/1619 249/891/891 2175/890/890
f 1016/889/889 156/894/894 2176/892/892
f 1028/957/957 248/652/652 2176/892/892
f 1016/889/889 78/896/896 2177/893/893
f 1441/2760/2760 156/894/894 2177/893/893
f 1016/889/889 249/891/891 2178/895/895
f 1300/2165/2165 78/896/896 2178/895/895
f 1017/897/897 680/658/658 2179/898/898
f 1029/961/961 589/899/899 2179/898/898
f 1017/897/897 681/902/902 2180/900/900
f 1172/1630/1630 680/658/658 2180/900/900
f 1017/897/897 515/904/904 2181/901/901
f 1301/2169/2169 681/902/902 2181/901/901
f 1017/897/897 589/899/899 2182/903/903
f 1442/2763/2763 515/904/904 2182/903/903
f 1018/905/905 157/909/909 2183/906/906
f 1298/2162/2162 243/907/907 2183/906/906
f 1018/905/905 158/839/839 2184/908/908
f 1124/1444/1444 157/909/909 2184/908/908
f 1018/905/905 243/907/907 2185/910/910
f 1019/911/911 296/837/837 2185/910/910
f 1019/911/911 590/914/914 2186/912/912
f 1125/1446/1446 591/844/844 2186/912/912
f 1019/911/911 243/907/907 2187/913/913
f 1299/2164/2164 590/914/914 2187/913/913
f 1020/915/915 17/918/918 2188/916/916
f 1610/3334/3334 19/371/371 2188/916/916
f 1020/915/915 20/920/920 2189/917/917
f 1046/1053/1053 17/918/918 2189/917/917
f 1020/915/915 21/373/373 2190/919/919
f 1022/927/927 20/920/920 2190/919/919
f 1021/921/921 460/925/925 2191/922/922
f 1047/1059/1059 463/923/923 2191/922/922
f 1021/921/921 462/380/380 2192/924/924
f 1668/3392/3392 460/925/925 2192/924/924
f 1021/921/921 463/923/923 2193/926/926
f 1023/931/931 464/378/378 2193/926/926
f 1022/927/927 32/930/930 2194/928/928
f 1090/1273/1273 20/920/920 2194/928/928
f 1022/927/927 27/863/863 2195/929/929
f 1098/1313/1313 32/930/930 2195/929/929
f 1023/931/931 463/923/923 2196/932/932
f 1091/1277/1277 473/933/933 2196/932/932
f 1023/931/931 473/933/933 2197/934/934
f 1099/1319/1319 468/872/872 2197/934/934
f 1024/935/935 54/938/938 2198/936/936
f 1242/1941/1941 324/341/341 2198/936/936
f 1024/935/935 53/940/940 2199/937/937
f 1150/1533/1533 54/938/938 2199/937/937
f 1024/935/935 336/343/343 2200/939/939
f 1040/1023/1023 53/940/940 2200/939/939
f 1025/941/941 491/945/945 2201/942/942
f 1151/1536/1536 490/943/943 2201/942/942
f 1025/941/941 745/350/350 2202/944/944
f 1243/1946/1946 491/945/945 2202/944/944
f 1025/941/941 490/943/943 2203/946/946
f 1041/1027/1027 753/348/348 2203/946/946
f 1026/947/947 392/712/712 2204/948/948
f 1647/3371/3371 391/508/508 2204/948/948
f 1026/947/947 389/951/951 2205/949/949
f 1026/947/947 391/508/508 2206/950/950
f 1044/1049/1049 389/951/951 2206/950/950
f 1027/952/952 803/955/955 2207/953/953
f 1045/1051/1051 805/513/513 2207/953/953
f 1027/952/952 806/716/716 2208/954/954
f 1027/952/952 805/513/513 2209/956/956
f 1705/3429/3429 806/716/716 2209/956/956
f 1028/957/957 285/960/960 2210/958/958
f 1156/1563/1563 286/650/650 2210/958/958
f 1028/957/957 156/894/894 2211/959/959
f 1034/985/985 285/960/960 2211/959/959
f 1029/961/961 712/655/655 2212/962/962
f 1157/1567/1567 711/963/963 2212/962/962
f 1029/961/961 711/963/963 2213/964/964
f 1035/991/991 589/899/899 2213/964/964
f 1030/965/965 242/721/721 2214/966/966
f 1124/1444/1444 158/839/839 2214/966/966
f 1030/965/965 436/792/792 2215/967/967
f 1062/1145/1145 242/721/721 2215/967/967
f 1031/968/968 675/730/730 2216/969/969
f 1063/1148/1148 845/796/796 2216/969/969
f 1031/968/968 591/844/844 2217/970/970
f 1125/1446/1446 675/730/730 2217/970/970
f 1032/971/971 293/975/975 2218/972/972
f 1204/1785/1785 159/973/973 2218/972/972
f 1032/971/971 291/606/606 2219/974/974
f 1116/1414/1414 293/975/975 2219/974/974
f 1032/971/971 160/856/856 2220/976/976
f 1630/3354/3354 291/606/606 2220/976/976
f 1032/971/971 159/973/973 2221/977/977
f 1088/1265/1265 160/856/856 2221/977/977
f 1033/978/978 718/981/981 2222/979/979
f 1117/1416/1416 716/611/611 2222/979/979
f 1033/978/978 592/983/983 2223/980/980
f 1205/1789/1789 718/981/981 2223/980/980
f 1033/978/978 593/860/860 2224/982/982
f 1089/1269/1269 592/983/983 2224/982/982
f 1033/978/978 716/611/611 2225/984/984
f 1688/3412/3412 593/860/860 2225/984/984
f 1034/985/985 284/988/988 2226/986/986
f 1246/1959/1959 285/960/960 2226/986/986
f 1034/985/985 247/990/990 2227/987/987
f 1080/1217/1217 284/988/988 2227/987/987
f 1034/985/985 156/894/894 2228/989/989
f 1234/1899/1899 247/990/990 2228/989/989
f 1035/991/991 711/963/963 2229/992/992
f 1247/1961/1961 710/993/993 2229/992/992
f 1035/991/991 679/996/996 2230/994/994
f 1235/1903/1903 589/899/899 2230/994/994
f 1035/991/991 710/993/993 2231/995/995
f 1081/1223/1223 679/996/996 2231/995/995
f 1036/997/997 16/884/884 2232/998/998
f 1610/3334/3334 17/918/918 2232/998/998
f 1036/997/997 14/1001/1001 2233/999/999
f 1192/1747/1747 16/884/884 2233/999/999
f 1036/997/997 18/1003/1003 2234/1000/1000
f 1056/1113/1113 14/1001/1001 2234/1000/1000
f 1036/997/997 17/918/918 2235/1002/1002
f 1146/1521/1521 18/1003/1003 2235/1002/1002
f 1037/1004/1004 459/888/888 2236/1005/1005
f 1193/1748/1748 457/1006/1006 2236/1005/1005
f 1037/1004/1004 460/925/925 2237/1007/1007
f 1668/3392/3392 459/888/888 2237/1007/1007
f 1037/1004/1004 461/1010/1010 2238/1008/1008
f 1147/1523/1523 460/925/925 2238/1008/1008
f 1037/1004/1004 457/1006/1006 2239/1009/1009
f 1057/1119/1119 461/1010/1010 2239/1009/1009
f 1038/1011/1011 187/1014/1014 2240/1012/1012
f 1086/1255/1255 208/809/809 2240/1012/1012
f 1038/1011/1011 186/1016/1016 2241/1013/1013
f 1270/2053/2053 187/1014/1014 2241/1013/1013
f 1038/1011/1011 207/876/876 2242/1015/1015
f 1164/1589/1589 186/1016/1016 2242/1015/1015
f 1039/1017/1017 620/1021/1021 2243/1018/1018
f 1271/2057/2057 619/1019/1019 2243/1018/1018
f 1039/1017/1017 641/814/814 2244/1020/1020
f 1087/1260/1260 620/1021/1021 2244/1020/1020
f 1039/1017/1017 619/1019/1019 2245/1022/1022
f 1165/1593/1593 640/880/880 2245/1022/1022
f 1040/1023/1023 337/399/399 2246/1024/1024
f 1130/1470/1470 31/1025/1025 2246/1024/1024
f 1040/1023/1023 31/1025/1025 2247/1026/1026
f 1160/1577/1577 53/940/940 2247/1026/1026
f 1041/1027/1027 472/1030/1030 2248/1028/1028
f 1131/1472/1472 754/404/404 2248/1028/1028
f 1041/1027/1027 490/943/943 2249/1029/1029
f 1161/1580/1580 472/1030/1030 2249/1029/1029
f 1042/1031/1031 188/1035/1035 2250/1032/1032
f 1302/2173/2173 229/1033/1033 2250/1032/1032
f 1042/1031/1031 178/1037/1037 2251/1034/1034
f 1202/1773/1773 188/1035/1035 2251/1034/1034
f 1042/1031/1031 227/1039/1039 2252/1036/1036
f 1076/1197/1197 178/1037/1037 2252/1036/1036
f 1042/1031/1031 229/1033/1033 2253/1038/1038
f 1126/1448/1448 227/1039/1039 2253/1038/1038
f 1043/1040/1040 621/1044/1044 2254/1041/1041
f 1203/1779/1779 611/1042/1042 2254/1041/1041
f 1043/1040/1040 662/1046/1046 2255/1043/1043
f 1303/2176/2176 621/1044/1044 2255/1043/1043
f 1043/1040/1040 660/1048/1048 2256/1045/1045
f 1127/1454/1454 662/1046/1046 2256/1045/1045
f 1043/1040/1040 611/1042/1042 2257/1047/1047
f 1077/1203/1203 660/1048/1048 2257/1047/1047
f 1044/1049/1049 395/577/577 2258/1050/1050
f 1048/1065/1065 389/951/951 2258/1050/1050
f 1045/1051/1051 803/955/955 2259/1052/1052
f 1049/1068/1068 809/581/581 2259/1052/1052
f 1046/1053/1053 4/1056/1056 2260/1054/1054
f 1146/1521/1521 17/918/918 2260/1054/1054
f 1046/1053/1053 5/1058/1058 2261/1055/1055
f 1609/3333/3333 4/1056/1056 2261/1055/1055
f 1046/1053/1053 20/920/920 2262/1057/1057
f 1090/1273/1273 5/1058/1058 2262/1057/1057
f 1047/1059/1059 448/1063/1063 2263/1060/1060
f 1667/3391/3391 449/1061/1061 2263/1060/1060
f 1047/1059/1059 460/925/925 2264/1062/1062
f 1147/1523/1523 448/1063/1063 2264/1062/1062
f 1047/1059/1059 449/1061/1061 2265/1064/1064
f 1091/1277/1277 463/923/923 2265/1064/1064
f 1048/1065/1065 365/699/699 2266/1066/1066
f 1048/1065/1065 395/577/577 2267/1067/1067
f 1144/1519/1519 365/699/699 2267/1067/1067
f 1049/1068/1068 782/708/708 2268/1069/1069
f 1145/1520/1520 809/581/581 2268/1069/1069
f 1049/1068/1068 803/955/955 2269/1070/1070
f 1050/1071/1071 59/1074/1074 2270/1072/1072
f 1664/3388/3388 43/626/626 2270/1072/1072
f 1050/1071/1071 58/755/755 2271/1073/1073
f 1078/1209/1209 59/1074/1074 2271/1073/1073
f 1050/1071/1071 355/109/109 2272/1075/1075
f 1662/3386/3386 58/755/755 2272/1075/1075
f 1051/1076/1076 496/1079/1079 2273/1077/1077
f 1079/1213/1213 495/764/764 2273/1077/1077
f 1051/1076/1076 480/629/629 2274/1078/1078
f 1722/3446/3446 496/1079/1079 2274/1078/1078
f 1051/1076/1076 495/764/764 2275/1080/1080
f 1720/3444/3444 772/116/116 2275/1080/1080
f 1052/1081/1081 335/1085/1085 2276/1082/1082
f 1367/2445/2445 50/1083/1083 2276/1082/1082
f 1052/1081/1081 55/1087/1087 2277/1084/1084
f 1200/1769/1769 335/1085/1085 2277/1084/1084
f 1052/1081/1081 321/1089/1089 2278/1086/1086
f 1150/1533/1533 55/1087/1087 2278/1086/1086
f 1052/1081/1081 50/1083/1083 2279/1088/1088
f 1142/1507/1507 321/1089/1089 2279/1088/1088
f 1053/1090/1090 752/1094/1094 2280/1091/1091
f 1201/1771/1771 492/1092/1092 2280/1091/1091
f 1053/1090/1090 487/1096/1096 2281/1093/1093
f 1368/2446/2446 752/1094/1094 2281/1093/1093
f 1053/1090/1090 742/1098/1098 2282/1095/1095
f 1143/1513/1513 487/1096/1096 2282/1095/1095
f 1053/1090/1090 492/1092/1092 2283/1097/1097
f 1151/1536/1536 742/1098/1098 2283/1097/1097
f 1054/1099/1099 212/1102/1102 2284/1100/1100
f 1174/1641/1641 219/633/633 2284/1100/1100
f 1054/1099/1099 210/1104/1104 2285/1101/1101
f 1250/1971/1971 212/1102/1102 2285/1101/1101
f 1054/1099/1099 220/820/820 2286/1103/1103
f 1068/1159/1159 210/1104/1104 2286/1103/1103
f 1054/1099/1099 219/633/633 2287/1105/1105
f 1066/1155/1155 220/820/820 2287/1105/1105
f 1055/1106/1106 645/1110/1110 2288/1107/1107
f 1251/1973/1973 643/1108/1108 2288/1107/1107
f 1055/1106/1106 652/644/644 2289/1109/1109
f 1176/1649/1649 645/1110/1110 2289/1109/1109
f 1055/1106/1106 653/825/825 2290/1111/1111
f 1067/1157/1157 652/644/644 2290/1111/1111
f 1055/1106/1106 643/1108/1108 2291/1112/1112
f 1069/1163/1163 653/825/825 2291/1112/1112
f 1056/1113/1113 28/1117/1117 2292/1114/1114
f 1102/1338/1338 29/1115/1115 2292/1114/1114
f 1056/1113/1113 18/1003/1003 2293/1116/1116
f 1306/2193/2193 28/1117/1117 2293/1116/1116
f 1056/1113/1113 29/1115/1115 2294/1118/1118
f 1104/1350/1350 14/1001/1001 2294/1118/1118
f 1057/1119/1119 469/1122/1122 2295/1120/1120
f 1307/2195/2195 461/1010/1010 2295/1120/1120
f 1057/1119/1119 470/1124/1124 2296/1121/1121
f 1103/1344/1344 469/1122/1122 2296/1121/1121
f 1057/1119/1119 457/1006/1006 2297/1123/1123
f 1105/1355/1355 470/1124/1124 2297/1123/1123
f 1058/1125/1125 41/181/181 2298/1126/1126
f 1058/1125/1125 39/1127/1127 2299/1128/1128
f 1106/1360/1360 40/179/179 2299/1128/1128
f 1059/1129/1129 477/188/188 2300/1130/1130
f 1107/1364/1364 476/1131/1131 2300/1130/1130
f 1059/1129/1129 476/1131/1131 2301/1132/1132
f 1060/1133/1133 166/441/441 2302/1134/1134
f 1084/1247/1247 434/1135/1135 2302/1134/1134
f 1060/1133/1133 435/1138/1138 2303/1136/1136
f 1072/1185/1185 165/439/439 2303/1136/1136
f 1060/1133/1133 434/1135/1135 2304/1137/1137
f 1138/1490/1490 435/1138/1138 2304/1137/1137
f 1061/1139/1139 843/1142/1142 2305/1140/1140
f 1085/1251/1251 599/447/447 2305/1140/1140
f 1061/1139/1139 844/1144/1144 2306/1141/1141
f 1139/1494/1494 843/1142/1142 2306/1141/1141
f 1061/1139/1139 598/444/444 2307/1143/1143
f 1073/1187/1187 844/1144/1144 2307/1143/1143
f 1062/1145/1145 435/1138/1138 2308/1146/1146
f 1138/1490/1490 236/719/719 2308/1146/1146
f 1062/1145/1145 436/792/792 2309/1147/1147
f 1072/1185/1185 435/1138/1138 2309/1147/1147
f 1063/1148/1148 844/1144/1144 2310/1149/1149
f 1073/1187/1187 845/796/796 2310/1149/1149
f 1063/1148/1148 669/732/732 2311/1150/1150
f 1139/1494/1494 844/1144/1144 2311/1150/1150
f 1064/1151/1151 381/269/269 2312/1152/1152
f 1065/1153/1153 791/557/557 2313/1154/1154
f 1066/1155/1155 219/633/633 2314/1156/1156
f 1627/3351/3351 275/529/529 2314/1156/1156
f 1067/1157/1157 701/534/534 2315/1158/1158
f 1685/3409/3409 652/644/644 2315/1158/1158
f 1068/1159/1159 209/1162/1162 2316/1160/1160
f 1132/1474/1474 210/1104/1104 2316/1160/1160
f 1068/1159/1159 221/807/807 2317/1161/1161
f 1657/3381/3381 209/1162/1162 2317/1161/1161
f 1069/1163/1163 643/1108/1108 2318/1164/1164
f 1133/1476/1476 642/1165/1165 2318/1164/1164
f 1069/1163/1163 642/1165/1165 2319/1166/1166
f 1715/3439/3439 654/816/816 2319/1166/1166
f 1070/1167/1167 199/1171/1171 2320/1168/1168
f 1180/1663/1663 182/1169/1169 2320/1168/1168
f 1070/1167/1167 202/1173/1173 2321/1170/1170
f 1310/2203/2203 199/1171/1171 2321/1170/1170
f 1070/1167/1167 205/1175/1175 2322/1172/1172
f 1096/1307/1307 202/1173/1173 2322/1172/1172
f 1070/1167/1167 182/1169/1169 2323/1174/1174
f 1407/2592/2592 205/1175/1175 2323/1174/1174
f 1071/1176/1176 632/1180/1180 2324/1177/1177
f 1311/2206/2206 635/1178/1178 2324/1177/1177
f 1071/1176/1176 615/1182/1182 2325/1179/1179
f 1181/1669/1669 632/1180/1180 2325/1179/1179
f 1071/1176/1176 638/1184/1184 2326/1181/1181
f 1409/2597/2597 615/1182/1182 2326/1181/1181
f 1071/1176/1176 635/1178/1178 2327/1183/1183
f 1097/1310/1310 638/1184/1184 2327/1183/1183
f 1072/1185/1185 164/170/170 2328/1186/1186
f 1619/3343/3343 165/439/439 2328/1186/1186
f 1073/1187/1187 598/444/444 2329/1188/1188
f 1677/3401/3401 597/176/176 2329/1188/1188
f 1074/1189/1189 370/517/517 2330/1190/1190
f 1074/1189/1189 385/1191/1191 2331/1192/1192
f 1644/3368/3368 307/497/497 2331/1192/1192
f 1075/1193/1193 728/503/503 2332/1194/1194
f 1702/3426/3426 800/1195/1195 2332/1194/1194
f 1075/1193/1193 800/1195/1195 2333/1196/1196
f 1076/1197/1197 213/1200/1200 2334/1198/1198
f 1226/1875/1875 178/1037/1037 2334/1198/1198
f 1076/1197/1197 225/1202/1202 2335/1199/1199
f 1433/2728/2728 213/1200/1200 2335/1199/1199
f 1076/1197/1197 227/1039/1039 2336/1201/1201
f 1276/2077/2077 225/1202/1202 2336/1201/1201
f 1077/1203/1203 646/1207/1207 2337/1204/1204
f 1434/2729/2729 658/1205/1205 2337/1204/1204
f 1077/1203/1203 611/1042/1042 2338/1206/1206
f 1227/1879/1879 646/1207/1207 2338/1206/1206
f 1077/1203/1203 658/1205/1205 2339/1208/1208
f 1277/2079/2079 660/1048/1048 2339/1208/1208
f 1078/1209/1209 325/757/757 2340/1210/1210
f 1198/1761/1761 326/1211/1211 2340/1210/1210
f 1078/1209/1209 326/1211/1211 2341/1212/1212
f 1642/3366/3366 59/1074/1074 2341/1212/1212
f 1079/1213/1213 747/1216/1216 2342/1214/1214
f 1199/1765/1765 746/762/762 2342/1214/1214
f 1079/1213/1213 496/1079/1079 2343/1215/1215
f 1700/3424/3424 747/1216/1216 2343/1215/1215
f 1080/1217/1217 155/1220/1220 2344/1218/1218
f 1194/1749/1749 284/988/988 2344/1218/1218
f 1080/1217/1217 153/1222/1222 2345/1219/1219
f 1094/1297/1297 155/1220/1220 2345/1219/1219
f 1080/1217/1217 247/990/990 2346/1221/1221
f 1220/1849/1849 153/1222/1222 2346/1221/1221
f 1081/1223/1223 710/993/993 2347/1224/1224
f 1195/1753/1753 588/1225/1225 2347/1224/1224
f 1081/1223/1223 586/1228/1228 2348/1226/1226
f 1221/1855/1855 679/996/996 2348/1226/1226
f 1081/1223/1223 588/1225/1225 2349/1227/1227
f 1095/1302/1302 586/1228/1228 2349/1227/1227
f 1082/1229/1229 151/1233/1233 2350/1230/1230
f 1373/2457/2457 124/1231/1231 2350/1230/1230
f 1082/1229/1229 152/1235/1235 2351/1232/1232
f 1324/2255/2255 151/1233/1233 2351/1232/1232
f 1082/1229/1229 378/1237/1237 2352/1234/1234
f 1134/1478/1478 152/1235/1235 2352/1234/1234
f 1082/1229/1229 124/1231/1231 2353/1236/1236
f 1175/1645/1645 378/1237/1237 2353/1236/1236
f 1083/1238/1238 584/1242/1242 2354/1239/1239
f 1325/2259/2259 585/1240/1240 2354/1239/1239
f 1083/1238/1238 559/1244/1244 2355/1241/1241
f 1374/2462/2462 584/1242/1242 2355/1241/1241
f 1083/1238/1238 795/1246/1246 2356/1243/1243
f 1177/1653/1653 559/1244/1244 2356/1243/1243
f 1083/1238/1238 585/1240/1240 2357/1245/1245
f 1135/1480/1480 795/1246/1246 2357/1245/1245
f 1084/1247/1247 167/618/618 2358/1248/1248
f 1120/1432/1432 168/1249/1249 2358/1248/1248
f 1084/1247/1247 168/1249/1249 2359/1250/1250
f 1196/1757/1757 434/1135/1135 2359/1250/1250
f 1085/1251/1251 601/1254/1254 2360/1252/1252
f 1121/1434/1434 600/622/622 2360/1252/1252
f 1085/1251/1251 843/1142/1142 2361/1253/1253
f 1197/1759/1759 601/1254/1254 2361/1253/1253
f 1086/1255/1255 184/1258/1258 2362/1256/1256
f 1132/1474/1474 209/1162/1162 2362/1256/1256
f 1086/1255/1255 187/1014/1014 2363/1257/1257
f 1228/1883/1883 184/1258/1258 2363/1257/1257
f 1086/1255/1255 209/1162/1162 2364/1259/1259
f 1657/3381/3381 208/809/809 2364/1259/1259
f 1087/1260/1260 617/1263/1263 2365/1261/1261
f 1229/1887/1887 620/1021/1021 2365/1261/1261
f 1087/1260/1260 642/1165/1165 2366/1262/1262
f 1133/1476/1476 617/1263/1263 2366/1262/1262
f 1087/1260/1260 641/814/814 2367/1264/1264
f 1715/3439/3439 642/1165/1165 2367/1264/1264
f 1088/1265/1265 170/1268/1268 2368/1266/1266
f 1120/1432/1432 169/830/830 2368/1266/1266
f 1088/1265/1265 159/973/973 2369/1267/1267
f 1651/3375/3375 170/1268/1268 2369/1267/1267
f 1089/1269/1269 603/1272/1272 2370/1270/1270
f 1709/3433/3433 592/983/983 2370/1270/1270
f 1089/1269/1269 602/834/834 2371/1271/1271
f 1121/1434/1434 603/1272/1272 2371/1271/1271
f 1090/1273/1273 9/1276/1276 2372/1274/1274
f 1258/2003/2003 5/1058/1058 2372/1274/1274
f 1090/1273/1273 32/930/930 2373/1275/1275
f 1206/1793/1793 9/1276/1276 2373/1275/1275
f 1091/1277/1277 449/1061/1061 2374/1278/1278
f 1259/2008/2008 452/1279/1279 2374/1278/1278
f 1091/1277/1277 452/1279/1279 2375/1280/1280
f 1207/1797/1797 473/933/933 2375/1280/1280
f 1092/1281/1281 253/1285/1285 2376/1282/1282
f 1110/1372/1372 75/1283/1283 2376/1282/1282
f 1092/1281/1281 249/891/891 2377/1284/1284
f 1637/3361/3361 253/1285/1285 2377/1284/1284
f 1092/1281/1281 81/1288/1288 2378/1286/1286
f 1300/2165/2165 249/891/891 2378/1286/1286
f 1092/1281/1281 75/1283/1283 2379/1287/1287
f 1355/2395/2395 81/1288/1288 2379/1287/1287
f 1093/1289/1289 685/1292/1292 2380/1290/1290
f 1695/3419/3419 681/902/902 2380/1290/1290
f 1093/1289/1289 512/1294/1294 2381/1291/1291
f 1111/1378/1378 685/1292/1292 2381/1291/1291
f 1093/1289/1289 518/1296/1296 2382/1293/1293
f 1356/2401/2401 512/1294/1294 2382/1293/1293
f 1093/1289/1289 681/902/902 2383/1295/1295
f 1301/2169/2169 518/1296/1296 2383/1295/1295
f 1094/1297/1297 154/1300/1300 2384/1298/1298
f 1096/1307/1307 155/1220/1220 2384/1298/1298
f 1094/1297/1297 152/1235/1235 2385/1299/1299
f 1134/1478/1478 154/1300/1300 2385/1299/1299
f 1094/1297/1297 153/1222/1222 2386/1301/1301
f 1324/2255/2255 152/1235/1235 2386/1301/1301
f 1095/1302/1302 587/1305/1305 2387/1303/1303
f 1135/1480/1480 585/1240/1240 2387/1303/1303
f 1095/1302/1302 588/1225/1225 2388/1304/1304
f 1097/1310/1310 587/1305/1305 2388/1304/1304
f 1095/1302/1302 585/1240/1240 2389/1306/1306
f 1325/2259/2259 586/1228/1228 2389/1306/1306
f 1096/1307/1307 205/1175/1175 2390/1308/1308
f 1194/1749/1749 155/1220/1220 2390/1308/1308
f 1096/1307/1307 154/1300/1300 2391/1309/1309
f 1628/3352/3352 202/1173/1173 2391/1309/1309
f 1097/1310/1310 588/1225/1225 2392/1311/1311
f 1195/1753/1753 638/1184/1184 2392/1311/1311
f 1097/1310/1310 635/1178/1178 2393/1312/1312
f 1686/3410/3410 587/1305/1305 2393/1312/1312
f 1098/1313/1313 25/1317/1317 2394/1314/1314
f 1099/1319/1319 33/1315/1315 2394/1314/1314
f 1098/1313/1313 27/863/863 2395/1316/1316
f 1158/1571/1571 25/1317/1317 2395/1316/1316
f 1098/1313/1313 33/1315/1315 2396/1318/1318
f 1206/1793/1793 32/930/930 2396/1318/1318
f 1099/1319/1319 25/1317/1317 2397/1320/1320
f 1159/1575/1575 468/872/872 2397/1320/1320
f 1099/1319/1319 473/933/933 2398/1321/1321
f 1207/1797/1797 33/1315/1315 2398/1321/1321
f 1100/1322/1322 334/1326/1326 2399/1323/1323
f 1240/1935/1935 51/1324/1324 2399/1323/1323
f 1100/1322/1322 262/1328/1328 2400/1325/1325
f 1252/1975/1975 334/1326/1326 2400/1325/1325
f 1100/1322/1322 258/588/588 2401/1327/1327
f 1210/1811/1811 262/1328/1328 2401/1327/1327
f 1100/1322/1322 51/1324/1324 2402/1329/1329
f 1222/1861/1861 258/588/588 2402/1329/1329
f 1101/1330/1330 751/1334/1334 2403/1331/1331
f 1253/1980/1980 691/1332/1332 2403/1331/1331
f 1101/1330/1330 488/1336/1336 2404/1333/1333
f 1241/1938/1938 751/1334/1334 2404/1333/1333
f 1101/1330/1330 688/593/593 2405/1335/1335
f 1223/1864/1864 488/1336/1336 2405/1335/1335
f 1101/1330/1330 691/1332/1332 2406/1337/1337
f 1211/1815/1815 688/593/593 2406/1337/1337
f 1102/1338/1338 28/1117/1117 2407/1339/1339
f 1152/1539/1539 52/1340/1340 2407/1339/1339
f 1102/1338/1338 45/1343/1343 2408/1341/1341
f 1367/2445/2445 29/1115/1115 2408/1341/1341
f 1102/1338/1338 52/1340/1340 2409/1342/1342
f 1612/3336/3336 45/1343/1343 2409/1342/1342
f 1103/1344/1344 489/1347/1347 2410/1345/1345
f 1153/1544/1544 469/1122/1122 2410/1345/1345
f 1103/1344/1344 482/1349/1349 2411/1346/1346
f 1670/3394/3394 489/1347/1347 2411/1346/1346
f 1103/1344/1344 470/1124/1124 2412/1348/1348
f 1368/2446/2446 482/1349/1349 2412/1348/1348
f 1104/1350/1350 29/1115/1115 2413/1351/1351
f 1200/1769/1769 30/1352/1352 2413/1351/1351
f 1104/1350/1350 15/567/567 2414/1353/1353
f 1192/1747/1747 14/1001/1001 2414/1353/1353
f 1104/1350/1350 30/1352/1352 2415/1354/1354
f 1611/3335/3335 15/567/567 2415/1354/1354
f 1105/1355/1355 471/1358/1358 2416/1356/1356
f 1201/1771/1771 470/1124/1124 2416/1356/1356
f 1105/1355/1355 458/573/573 2417/1357/1357
f 1669/3393/3393 471/1358/1358 2417/1357/1357
f 1105/1355/1355 457/1006/1006 2418/1359/1359
f 1193/1748/1748 458/573/573 2418/1359/1359
f 1106/1360/1360 39/1127/1127 2419/1361/1361
f 1106/1360/1360 372/1362/1362 2420/1363/1363
f 1108/1368/1368 367/305/305 2420/1363/1363
f 1107/1364/1364 789/1367/1367 2421/1365/1365
f 1107/1364/1364 784/312/312 2422/1366/1366
f 1109/1370/1370 789/1367/1367 2422/1366/1366
f 1108/1368/1368 372/1362/1362 2423/1369/1369
f 1109/1370/1370 788/851/851 2424/1371/1371
f 1110/1372/1372 328/1376/1376 2425/1373/1373
f 1254/1985/1985 318/1374/1374 2425/1373/1373
f 1110/1372/1372 253/1285/1285 2426/1375/1375
f 1136/1482/1482 328/1376/1376 2426/1375/1375
f 1110/1372/1372 318/1374/1374 2427/1377/1377
f 1188/1719/1719 75/1283/1283 2427/1377/1377
f 1111/1378/1378 749/1381/1381 2428/1379/1379
f 1137/1486/1486 685/1292/1292 2428/1379/1379
f 1111/1378/1378 739/1383/1383 2429/1380/1380
f 1255/1987/1987 749/1381/1381 2429/1380/1380
f 1111/1378/1378 512/1294/1294 2430/1382/1382
f 1189/1725/1725 739/1383/1383 2430/1382/1382
f 1112/1384/1384 4/1056/1056 2431/1385/1385
f 1609/3333/3333 6/770/770 2431/1385/1385
f 1112/1384/1384 10/1388/1388 2432/1386/1386
f 1146/1521/1521 4/1056/1056 2432/1386/1386
f 1112/1384/1384 11/1390/1390 2433/1387/1387
f 1397/2550/2550 10/1388/1388 2433/1387/1387
f 1112/1384/1384 6/770/770 2434/1389/1389
f 1652/3376/3376 11/1390/1390 2434/1389/1389
f 1113/1391/1391 448/1063/1063 2435/1392/1392
f 1147/1523/1523 453/1393/1393 2435/1392/1392
f 1113/1391/1391 450/774/774 2436/1394/1394
f 1667/3391/3391 448/1063/1063 2436/1394/1394
f 1113/1391/1391 454/1397/1397 2437/1395/1395
f 1710/3434/3434 450/774/774 2437/1395/1395
f 1113/1391/1391 453/1393/1393 2438/1396/1396
f 1398/2551/2551 454/1397/1397 2438/1396/1396
f 1114/1398/1398 289/1402/1402 2439/1399/1399
f 1208/1799/1799 283/1400/1400 2439/1399/1399
f 1114/1398/1398 245/1404/1404 2440/1401/1401
f 1162/1583/1583 289/1402/1402 2440/1401/1401
f 1114/1398/1398 154/1300/1300 2441/1403/1403
f 1134/1478/1478 245/1404/1404 2441/1403/1403
f 1114/1398/1398 283/1400/1400 2442/1405/1405
f 1628/3352/3352 154/1300/1300 2442/1405/1405
f 1115/1406/1406 715/1410/1410 2443/1407/1407
f 1163/1587/1587 677/1408/1408 2443/1407/1407
f 1115/1406/1406 709/1412/1412 2444/1409/1409
f 1209/1805/1805 715/1410/1410 2444/1409/1409
f 1115/1406/1406 587/1305/1305 2445/1411/1411
f 1686/3410/3410 709/1412/1412 2445/1411/1411
f 1115/1406/1406 677/1408/1408 2446/1413/1413
f 1135/1480/1480 587/1305/1305 2446/1413/1413
f 1116/1414/1414 224/638/638 2447/1415/1415
f 1292/2126/2126 293/975/975 2447/1415/1415
f 1117/1416/1416 718/981/981 2448/1417/1417
f 1293/2128/2128 657/646/646 2448/1417/1417
f 1118/1418/1418 185/1421/1421 2449/1419/1419
f 1132/1474/1474 184/1258/1258 2449/1419/1419
f 1118/1418/1418 178/1037/1037 2450/1420/1420
f 1226/1875/1875 185/1421/1421 2450/1420/1420
f 1118/1418/1418 201/1424/1424 2451/1422/1422
f 1656/3380/3380 178/1037/1037 2451/1422/1422
f 1118/1418/1418 184/1258/1258 2452/1423/1423
f 1228/1883/1883 201/1424/1424 2452/1423/1423
f 1119/1425/1425 618/1428/1428 2453/1426/1426
f 1227/1879/1879 611/1042/1042 2453/1426/1426
f 1119/1425/1425 617/1263/1263 2454/1427/1427
f 1133/1476/1476 618/1428/1428 2454/1427/1427
f 1119/1425/1425 634/1431/1431 2455/1429/1429
f 1229/1887/1887 617/1263/1263 2455/1429/1429
f 1119/1425/1425 611/1042/1042 2456/1430/1430
f 1714/3438/3438 634/1431/1431 2456/1430/1430
f 1120/1432/1432 170/1268/1268 2457/1433/1433
f 1232/1895/1895 168/1249/1249 2457/1433/1433
f 1121/1434/1434 601/1254/1254 2458/1435/1435
f 1233/1897/1897 603/1272/1272 2458/1435/1435
f 1122/1436/1436 382/288/288 2459/1437/1437
f 1645/3369/3369 308/668/668 2459/1437/1437
f 1122/1436/1436 385/1191/1191 2460/1438/1438
f 1122/1436/1436 308/668/668 2461/1439/1439
f 1644/3368/3368 385/1191/1191 2461/1439/1439
f 1123/1440/1440 800/1195/1195 2462/1441/1441
f 1702/3426/3426 729/674/674 2462/1441/1441
f 1123/1440/1440 797/291/291 2463/1442/1442
f 1123/1440/1440 729/674/674 2464/1443/1443
f 1703/3427/3427 797/291/291 2464/1443/1443
f 1124/1444/1444 161/723/723 2465/1445/1445
f 1238/1925/1925 157/909/909 2465/1445/1445
f 1125/1446/1446 590/914/914 2466/1447/1447
f 1239/1930/1930 594/728/728 2466/1447/1447
f 1126/1448/1448 230/1452/1452 2467/1449/1449
f 1128/1460/1460 228/1450/1450 2467/1449/1449
f 1126/1448/1448 229/1033/1033 2468/1451/1451
f 1224/1867/1867 230/1452/1452 2468/1451/1451
f 1126/1448/1448 228/1450/1450 2469/1453/1453
f 1276/2077/2077 227/1039/1039 2469/1453/1453
f 1127/1454/1454 663/1457/1457 2470/1455/1455
f 1225/1871/1871 662/1046/1046 2470/1455/1455
f 1127/1454/1454 661/1459/1459 2471/1456/1456
f 1129/1465/1465 663/1457/1457 2471/1456/1456
f 1127/1454/1454 660/1048/1048 2472/1458/1458
f 1277/2079/2079 661/1459/1459 2472/1458/1458
f 1128/1460/1460 375/1463/1463 2473/1461/1461
f 1651/3375/3375 159/973/973 2473/1461/1461
f 1128/1460/1460 230/1452/1452 2474/1462/1462
f 1166/1597/1597 375/1463/1463 2474/1462/1462
f 1128/1460/1460 159/973/973 2475/1464/1464
f 1204/1785/1785 228/1450/1450 2475/1464/1464
f 1129/1465/1465 792/1468/1468 2476/1466/1466
f 1168/1608/1608 663/1457/1457 2476/1466/1466
f 1129/1465/1465 592/983/983 2477/1467/1467
f 1709/3433/3433 792/1468/1468 2477/1467/1467
f 1129/1465/1465 661/1459/1459 2478/1469/1469
f 1205/1789/1789 592/983/983 2478/1469/1469
f 1130/1470/1470 15/567/567 2479/1471/1471
f 1611/3335/3335 31/1025/1025 2479/1471/1471
f 1131/1472/1472 472/1030/1030 2480/1473/1473
f 1669/3393/3393 458/573/573 2480/1473/1473
f 1132/1474/1474 185/1421/1421 2481/1475/1475
f 1250/1971/1971 210/1104/1104 2481/1475/1475
f 1133/1476/1476 643/1108/1108 2482/1477/1477
f 1251/1973/1973 618/1428/1428 2482/1477/1477
f 1134/1478/1478 378/1237/1237 2483/1479/1479
f 1140/1498/1498 245/1404/1404 2483/1479/1479
f 1135/1480/1480 677/1408/1408 2484/1481/1481
f 1141/1504/1504 795/1246/1246 2484/1481/1481
f 1136/1482/1482 59/1074/1074 2485/1483/1483
f 1642/3366/3366 328/1376/1376 2485/1483/1483
f 1136/1482/1482 252/778/778 2486/1484/1484
f 1664/3388/3388 59/1074/1074 2486/1484/1484
f 1136/1482/1482 253/1285/1285 2487/1485/1485
f 1230/1891/1891 252/778/778 2487/1485/1485
f 1137/1486/1486 496/1079/1079 2488/1487/1487
f 1722/3446/3446 684/782/782 2488/1487/1487
f 1137/1486/1486 749/1381/1381 2489/1488/1488
f 1700/3424/3424 496/1079/1079 2489/1488/1488
f 1137/1486/1486 684/782/782 2490/1489/1489
f 1231/1893/1893 685/1292/1292 2490/1489/1489
f 1138/1490/1490 434/1135/1135 2491/1491/1491
f 1196/1757/1757 377/1492/1492 2491/1491/1491
f 1138/1490/1490 377/1492/1492 2492/1493/1493
f 1643/3367/3367 236/719/719 2492/1493/1493
f 1139/1494/1494 794/1497/1497 2493/1495/1495
f 1197/1759/1759 843/1142/1142 2493/1495/1495
f 1139/1494/1494 669/732/732 2494/1496/1496
f 1701/3425/3425 794/1497/1497 2494/1496/1496
f 1140/1498/1498 379/1502/1502 2495/1499/1499
f 1141/1504/1504 380/1500/1500 2495/1499/1499
f 1140/1498/1498 378/1237/1237 2496/1501/1501
f 1175/1645/1645 379/1502/1502 2496/1501/1501
f 1140/1498/1498 380/1500/1500 2497/1503/1503
f 1162/1583/1583 245/1404/1404 2497/1503/1503
f 1141/1504/1504 379/1502/1502 2498/1505/1505
f 1177/1653/1653 795/1246/1246 2498/1505/1505
f 1141/1504/1504 677/1408/1408 2499/1506/1506
f 1163/1587/1587 380/1500/1500 2499/1506/1506
f 1142/1507/1507 62/1510/1510 2500/1508/1508
f 1634/3358/3358 321/1089/1089 2500/1508/1508
f 1142/1507/1507 49/1512/1512 2501/1509/1509
f 1613/3337/3337 62/1510/1510 2501/1509/1509
f 1142/1507/1507 50/1083/1083 2502/1511/1511
f 1379/2477/2477 49/1512/1512 2502/1511/1511
f 1143/1513/1513 499/1517/1517 2503/1514/1514
f 1671/3395/3395 486/1515/1515 2503/1514/1514
f 1143/1513/1513 742/1098/1098 2504/1516/1516
f 1692/3416/3416 499/1517/1517 2504/1516/1516
f 1143/1513/1513 486/1515/1515 2505/1518/1518
f 1380/2478/2478 487/1096/1096 2505/1518/1518
f 1146/1521/1521 10/1388/1388 2506/1522/1522
f 1306/2193/2193 18/1003/1003 2506/1522/1522
f 1147/1523/1523 461/1010/1010 2507/1524/1524
f 1307/2195/2195 453/1393/1393 2507/1524/1524
f 1148/1525/1525 366/1528/1528 2508/1526/1526
f 1288/2110/2110 363/144/144 2508/1526/1526
f 1148/1525/1525 361/139/139 2509/1527/1527
f 1149/1529/1529 783/1532/1532 2510/1530/1530
f 1149/1529/1529 780/152/152 2511/1531/1531
f 1289/2112/2112 783/1532/1532 2511/1531/1531
f 1150/1533/1533 53/940/940 2512/1534/1534
f 1160/1577/1577 55/1087/1087 2512/1534/1534
f 1150/1533/1533 321/1089/1089 2513/1535/1535
f 1244/1951/1951 54/938/938 2513/1535/1535
f 1151/1536/1536 492/1092/1092 2514/1537/1537
f 1161/1580/1580 490/943/943 2514/1537/1537
f 1151/1536/1536 491/945/945 2515/1538/1538
f 1245/1955/1955 742/1098/1098 2515/1538/1538
f 1152/1539/1539 38/1542/1542 2516/1540/1540
f 1397/2550/2550 51/1324/1324 2516/1540/1540
f 1152/1539/1539 28/1117/1117 2517/1541/1541
f 1306/2193/2193 38/1542/1542 2517/1541/1541
f 1152/1539/1539 51/1324/1324 2518/1543/1543
f 1240/1935/1935 52/1340/1340 2518/1543/1543
f 1153/1544/1544 475/1547/1547 2519/1545/1545
f 1307/2195/2195 469/1122/1122 2519/1545/1545
f 1153/1544/1544 488/1336/1336 2520/1546/1546
f 1398/2551/2551 475/1547/1547 2520/1546/1546
f 1153/1544/1544 489/1347/1347 2521/1548/1548
f 1241/1938/1938 488/1336/1336 2521/1548/1548
f 1154/1549/1549 46/1553/1553 2522/1550/1550
f 1361/2419/2419 47/1551/1551 2522/1550/1550
f 1154/1549/1549 45/1343/1343 2523/1552/1552
f 1612/3336/3336 46/1553/1553 2523/1552/1552
f 1154/1549/1549 50/1083/1083 2524/1554/1554
f 1367/2445/2445 45/1343/1343 2524/1554/1554
f 1154/1549/1549 47/1551/1551 2525/1555/1555
f 1379/2477/2477 50/1083/1083 2525/1555/1555
f 1155/1556/1556 483/1559/1559 2526/1557/1557
f 1670/3394/3394 482/1349/1349 2526/1557/1557
f 1155/1556/1556 484/1561/1561 2527/1558/1558
f 1362/2420/2420 483/1559/1559 2527/1558/1558
f 1155/1556/1556 487/1096/1096 2528/1560/1560
f 1380/2478/2478 484/1561/1561 2528/1560/1560
f 1155/1556/1556 482/1349/1349 2529/1562/1562
f 1368/2446/2446 487/1096/1096 2529/1562/1562
f 1156/1563/1563 206/1566/1566 2530/1564/1564
f 1164/1589/1589 207/876/876 2530/1564/1564
f 1156/1563/1563 285/960/960 2531/1565/1565
f 1246/1959/1959 206/1566/1566 2531/1565/1565
f 1157/1567/1567 639/1570/1570 2532/1568/1568
f 1247/1961/1961 711/963/963 2532/1568/1568
f 1157/1567/1567 640/880/880 2533/1569/1569
f 1165/1593/1593 639/1570/1570 2533/1569/1569
f 1158/1571/1571 24/1574/1574 2534/1572/1572
f 1159/1575/1575 25/1317/1317 2534/1572/1572
f 1158/1571/1571 23/865/865 2535/1573/1573
f 1159/1575/1575 24/1574/1574 2536/1576/1576
f 1160/1577/1577 31/1025/1025 2537/1578/1578
f 1611/3335/3335 30/1352/1352 2537/1578/1578
f 1160/1577/1577 30/1352/1352 2538/1579/1579
f 1200/1769/1769 55/1087/1087 2538/1579/1579
f 1161/1580/1580 471/1358/1358 2539/1581/1581
f 1669/3393/3393 472/1030/1030 2539/1581/1581
f 1161/1580/1580 492/1092/1092 2540/1582/1582
f 1201/1771/1771 471/1358/1358 2540/1582/1582
f 1162/1583/1583 290/1586/1586 2541/1584/1584
f 1264/2031/2031 289/1402/1402 2541/1584/1584
f 1162/1583/1583 380/1500/1500 2542/1585/1585
f 1163/1587/1587 290/1586/1586 2542/1585/1585
f 1163/1587/1587 715/1410/1410 2543/1588/1588
f 1265/2035/2035 290/1586/1586 2543/1588/1588
f 1164/1589/1589 183/1592/1592 2544/1590/1590
f 1387/2507/2507 186/1016/1016 2544/1590/1590
f 1164/1589/1589 206/1566/1566 2545/1591/1591
f 1322/2251/2251 183/1592/1592 2545/1591/1591
f 1165/1593/1593 619/1019/1019 2546/1594/1594
f 1388/2509/2509 616/1595/1595 2546/1594/1594
f 1165/1593/1593 616/1595/1595 2547/1596/1596
f 1323/2253/2253 639/1570/1570 2547/1596/1596
f 1166/1597/1597 376/1600/1600 2548/1598/1598
f 1232/1895/1895 375/1463/1463 2548/1598/1598
f 1166/1597/1597 232/1602/1602 2549/1599/1599
f 1167/1603/1603 376/1600/1600 2549/1599/1599
f 1166/1597/1597 230/1452/1452 2550/1601/1601
f 1224/1867/1867 232/1602/1602 2550/1601/1601
f 1167/1603/1603 377/1492/1492 2551/1604/1604
f 1196/1757/1757 376/1600/1600 2551/1604/1604
f 1167/1603/1603 234/1607/1607 2552/1605/1605
f 1643/3367/3367 377/1492/1492 2552/1605/1605
f 1167/1603/1603 232/1602/1602 2553/1606/1606
f 1272/2061/2061 234/1607/1607 2553/1606/1606
f 1168/1608/1608 793/1612/1612 2554/1609/1609
f 1169/1614/1614 665/1610/1610 2554/1609/1609
f 1168/1608/1608 792/1468/1468 2555/1611/1611
f 1233/1897/1897 793/1612/1612 2555/1611/1611
f 1168/1608/1608 665/1610/1610 2556/1613/1613
f 1225/1871/1871 663/1457/1457 2556/1613/1613
f 1169/1614/1614 794/1497/1497 2557/1615/1615
f 1701/3425/3425 667/1616/1616 2557/1615/1615
f 1169/1614/1614 793/1612/1612 2558/1617/1617
f 1197/1759/1759 794/1497/1497 2558/1617/1617
f 1169/1614/1614 667/1616/1616 2559/1618/1618
f 1273/2063/2063 665/1610/1610 2559/1618/1618
f 1170/1619/1619 250/542/542 2560/1620/1620
f 1230/1891/1891 251/1621/1621 2560/1620/1620
f 1170/1619/1619 251/1621/1621 2561/1622/1622
f 1637/3361/3361 249/891/891 2561/1622/1622
f 1171/1623/1623 323/741/741 2562/1624/1624
f 1635/3359/3359 322/1625/1625 2562/1624/1624
f 1171/1623/1623 325/757/757 2563/1626/1626
f 1639/3363/3363 323/741/741 2563/1626/1626
f 1171/1623/1623 320/1629/1629 2564/1627/1627
f 1198/1761/1761 325/757/757 2564/1627/1627
f 1171/1623/1623 322/1625/1625 2565/1628/1628
f 1282/2096/2096 320/1629/1629 2565/1628/1628
f 1172/1630/1630 683/1633/1633 2566/1631/1631
f 1231/1893/1893 682/547/547 2566/1631/1631
f 1172/1630/1630 681/902/902 2567/1632/1632
f 1695/3419/3419 683/1633/1633 2567/1632/1632
f 1173/1634/1634 744/747/747 2568/1635/1635
f 1697/3421/3421 746/762/762 2568/1635/1635
f 1173/1634/1634 743/1638/1638 2569/1636/1636
f 1693/3417/3417 744/747/747 2569/1636/1636
f 1173/1634/1634 741/1640/1640 2570/1637/1637
f 1283/2098/2098 743/1638/1638 2570/1637/1637
f 1173/1634/1634 746/762/762 2571/1639/1639
f 1199/1765/1765 741/1640/1640 2571/1639/1639
f 1174/1641/1641 223/1644/1644 2572/1642/1642
f 1292/2126/2126 224/638/638 2572/1642/1642
f 1174/1641/1641 212/1102/1102 2573/1643/1643
f 1286/2106/2106 223/1644/1644 2573/1643/1643
f 1175/1645/1645 124/1231/1231 2574/1646/1646
f 1391/2523/2523 273/1647/1647 2574/1646/1646
f 1175/1645/1645 273/1647/1647 2575/1648/1648
f 1177/1653/1653 379/1502/1502 2575/1648/1648
f 1176/1649/1649 657/646/646 2576/1650/1650
f 1293/2128/2128 656/1651/1651 2576/1650/1650
f 1176/1649/1649 656/1651/1651 2577/1652/1652
f 1287/2108/2108 645/1110/1110 2577/1652/1652
f 1177/1653/1653 273/1647/1647 2578/1654/1654
f 1392/2529/2529 559/1244/1244 2578/1654/1654
f 1178/1655/1655 369/519/519 2579/1656/1656
f 1212/1819/1819 386/1657/1657 2579/1656/1656
f 1178/1655/1655 386/1657/1657 2580/1658/1658
f 1179/1659/1659 787/524/524 2581/1660/1660
f 1179/1659/1659 801/1661/1661 2582/1662/1662
f 1213/1821/1821 786/522/522 2582/1662/1662
f 1180/1663/1663 191/1666/1666 2583/1664/1664
f 1655/3379/3379 182/1169/1169 2583/1664/1664
f 1180/1663/1663 198/1668/1668 2584/1665/1665
f 1316/2229/2229 191/1666/1666 2584/1665/1665
f 1180/1663/1663 199/1171/1171 2585/1667/1667
f 1357/2407/2407 198/1668/1668 2585/1667/1667
f 1181/1669/1669 624/1673/1673 2586/1670/1670
f 1317/2231/2231 631/1671/1671 2586/1670/1670
f 1181/1669/1669 615/1182/1182 2587/1672/1672
f 1713/3437/3437 624/1673/1673 2587/1672/1672
f 1181/1669/1669 631/1671/1671 2588/1674/1674
f 1358/2408/2408 632/1180/1180 2588/1674/1674
f 1182/1675/1675 357/218/218 2589/1676/1676
f 1182/1675/1675 359/1677/1677 2590/1678/1678
f 1183/1679/1679 776/1682/1682 2591/1680/1680
f 1183/1679/1679 777/804/804 2592/1681/1681
f 1184/1683/1683 193/1687/1687 2593/1684/1684
f 1621/3345/3345 189/1685/1685 2593/1684/1684
f 1184/1683/1683 190/1689/1689 2594/1686/1686
f 1316/2229/2229 193/1687/1687 2594/1686/1686
f 1184/1683/1683 192/1691/1691 2595/1688/1688
f 1214/1823/1823 190/1689/1689 2595/1688/1688
f 1184/1683/1683 189/1685/1685 2596/1690/1690
f 1363/2421/2421 192/1691/1691 2596/1690/1690
f 1185/1692/1692 626/1696/1696 2597/1693/1693
f 1317/2231/2231 623/1694/1694 2597/1693/1693
f 1185/1692/1692 622/1698/1698 2598/1695/1695
f 1679/3403/3403 626/1696/1696 2598/1695/1695
f 1185/1692/1692 625/1700/1700 2599/1697/1697
f 1364/2427/2427 622/1698/1698 2599/1697/1697
f 1185/1692/1692 623/1694/1694 2600/1699/1699
f 1215/1828/1828 625/1700/1700 2600/1699/1699
f 1186/1701/1701 76/1705/1705 2601/1702/1702
f 1347/2363/2363 87/1703/1703 2601/1702/1702
f 1186/1701/1701 77/1707/1707 2602/1704/1704
f 1614/3338/3338 76/1705/1705 2602/1704/1704
f 1186/1701/1701 101/1709/1709 2603/1706/1706
f 1509/3023/3023 77/1707/1707 2603/1706/1706
f 1186/1701/1701 87/1703/1703 2604/1708/1708
f 1274/2065/2065 101/1709/1709 2604/1708/1708
f 1187/1710/1710 513/1714/1714 2605/1711/1711
f 1672/3396/3396 514/1712/1712 2605/1711/1711
f 1187/1710/1710 524/1716/1716 2606/1713/1713
f 1348/2367/2367 513/1714/1714 2606/1713/1713
f 1187/1710/1710 538/1718/1718 2607/1715/1715
f 1275/2071/2071 524/1716/1716 2607/1715/1715
f 1187/1710/1710 514/1712/1712 2608/1717/1717
f 1510/3027/3027 538/1718/1718 2608/1717/1717
f 1188/1719/1719 73/1722/1722 2609/1720/1720
f 1483/2935/2935 75/1283/1283 2609/1720/1720
f 1188/1719/1719 93/1724/1724 2610/1721/1721
f 1636/3360/3360 73/1722/1722 2610/1721/1721
f 1188/1719/1719 318/1374/1374 2611/1723/1723
f 1218/1843/1843 93/1724/1724 2611/1723/1723
f 1189/1725/1725 510/1729/1729 2612/1726/1726
f 1694/3418/3418 530/1727/1727 2612/1726/1726
f 1189/1725/1725 512/1294/1294 2613/1728/1728
f 1484/2937/2937 510/1729/1729 2613/1728/1728
f 1189/1725/1725 530/1727/1727 2614/1730/1730
f 1219/1846/1846 739/1383/1383 2614/1730/1730
f 1190/1731/1731 90/1734/1734 2615/1732/1732
f 1337/2307/2307 93/1724/1724 2615/1732/1732
f 1190/1731/1731 60/1736/1736 2616/1733/1733
f 1653/3377/3377 90/1734/1734 2616/1733/1733
f 1190/1731/1731 92/1738/1738 2617/1735/1735
f 1318/2233/2233 60/1736/1736 2617/1735/1735
f 1190/1731/1731 93/1724/1724 2618/1737/1737
f 1218/1843/1843 92/1738/1738 2618/1737/1737
f 1191/1739/1739 527/1743/1743 2619/1740/1740
f 1711/3435/3435 497/1741/1741 2619/1740/1740
f 1191/1739/1739 530/1727/1727 2620/1742/1742
f 1338/2310/2310 527/1743/1743 2620/1742/1742
f 1191/1739/1739 529/1746/1746 2621/1744/1744
f 1219/1846/1846 530/1727/1727 2621/1744/1744
f 1191/1739/1739 497/1741/1741 2622/1745/1745
f 1320/2242/2242 529/1746/1746 2622/1745/1745
f 1194/1749/1749 205/1175/1175 2623/1750/1750
f 1407/2592/2592 204/1751/1751 2623/1750/1750
f 1194/1749/1749 204/1751/1751 2624/1752/1752
f 1246/1959/1959 284/988/988 2624/1752/1752
f 1195/1753/1753 637/1756/1756 2625/1754/1754
f 1409/2597/2597 638/1184/1184 2625/1754/1754
f 1195/1753/1753 710/993/993 2626/1755/1755
f 1247/1961/1961 637/1756/1756 2626/1755/1755
f 1196/1757/1757 168/1249/1249 2627/1758/1758
f 1232/1895/1895 376/1600/1600 2627/1758/1758
f 1197/1759/1759 793/1612/1612 2628/1760/1760
f 1233/1897/1897 601/1254/1254 2628/1760/1760
f 1198/1761/1761 327/1764/1764 2629/1762/1762
f 1254/1985/1985 326/1211/1211 2629/1762/1762
f 1198/1761/1761 320/1629/1629 2630/1763/1763
f 1248/1963/1963 327/1764/1764 2630/1763/1763
f 1199/1765/1765 748/1768/1768 2631/1766/1766
f 1249/1967/1967 741/1640/1640 2631/1766/1766
f 1199/1765/1765 747/1216/1216 2632/1767/1767
f 1255/1987/1987 748/1768/1768 2632/1767/1767
f 1200/1769/1769 29/1115/1115 2633/1770/1770
f 1367/2445/2445 335/1085/1085 2633/1770/1770
f 1201/1771/1771 752/1094/1094 2634/1772/1772
f 1368/2446/2446 470/1124/1124 2634/1772/1772
f 1202/1773/1773 197/1776/1776 2635/1774/1774
f 1339/2313/2313 188/1035/1035 2635/1774/1774
f 1202/1773/1773 176/1778/1778 2636/1775/1775
f 1393/2533/2533 197/1776/1776 2636/1775/1775
f 1202/1773/1773 178/1037/1037 2637/1777/1777
f 1334/2295/2295 176/1778/1778 2637/1777/1777
f 1203/1779/1779 621/1044/1044 2638/1780/1780
f 1340/2317/2317 630/1781/1781 2638/1780/1780
f 1203/1779/1779 609/1784/1784 2639/1782/1782
f 1336/2302/2302 611/1042/1042 2639/1782/1782
f 1203/1779/1779 630/1781/1781 2640/1783/1783
f 1394/2537/2537 609/1784/1784 2640/1783/1783
f 1204/1785/1785 226/1788/1788 2641/1786/1786
f 1276/2077/2077 228/1450/1450 2641/1786/1786
f 1204/1785/1785 293/975/975 2642/1787/1787
f 1292/2126/2126 226/1788/1788 2642/1787/1787
f 1205/1789/1789 659/1792/1792 2643/1790/1790
f 1293/2128/2128 718/981/981 2643/1790/1790
f 1205/1789/1789 661/1459/1459 2644/1791/1791
f 1277/2079/2079 659/1792/1792 2644/1791/1791
f 1206/1793/1793 33/1315/1315 2645/1794/1794
f 1207/1797/1797 34/1795/1795 2645/1794/1794
f 1206/1793/1793 34/1795/1795 2646/1796/1796
f 1308/2197/2197 9/1276/1276 2646/1796/1796
f 1207/1797/1797 452/1279/1279 2647/1798/1798
f 1309/2201/2201 34/1795/1795 2647/1798/1798
f 1208/1799/1799 244/1803/1803 2648/1800/1800
f 1278/2081/2081 200/1801/1801 2648/1800/1800
f 1208/1799/1799 289/1402/1402 2649/1802/1802
f 1264/2031/2031 244/1803/1803 2649/1802/1802
f 1208/1799/1799 200/1801/1801 2650/1804/1804
f 1310/2203/2203 283/1400/1400 2650/1804/1804
f 1209/1805/1805 676/1808/1808 2651/1806/1806
f 1265/2035/2035 715/1410/1410 2651/1806/1806
f 1209/1805/1805 633/1810/1810 2652/1807/1807
f 1279/2084/2084 676/1808/1808 2652/1807/1807
f 1209/1805/1805 709/1412/1412 2653/1809/1809
f 1311/2206/2206 633/1810/1810 2653/1809/1809
f 1210/1811/1811 259/1814/1814 2654/1812/1812
f 1260/2013/2013 262/1328/1328 2654/1812/1812
f 1210/1811/1811 260/590/590 2655/1813/1813
f 1280/2087/2087 259/1814/1814 2655/1813/1813
f 1211/1815/1815 691/1332/1332 2656/1816/1816
f 1261/2015/2015 689/1817/1817 2656/1816/1816
f 1211/1815/1815 689/1817/1817 2657/1818/1818
f 1281/2093/2093 690/598/598 2657/1818/1818
f 1212/1819/1819 371/848/848 2658/1820/1820
f 1213/1821/1821 801/1661/1661 2659/1822/1822
f 1214/1823/1823 182/1169/1169 2660/1824/1824
f 1655/3379/3379 190/1689/1689 2660/1824/1824
f 1214/1823/1823 181/1827/1827 2661/1825/1825
f 1597/3304/3304 182/1169/1169 2661/1825/1825
f 1214/1823/1823 192/1691/1691 2662/1826/1826
f 1419/2656/2656 181/1827/1827 2662/1826/1826
f 1215/1828/1828 623/1694/1694 2663/1829/1829
f 1713/3437/3437 615/1182/1182 2663/1829/1829
f 1215/1828/1828 614/1832/1832 2664/1830/1830
f 1420/2659/2659 625/1700/1700 2664/1830/1830
f 1215/1828/1828 615/1182/1182 2665/1831/1831
f 1598/3305/3305 614/1832/1832 2665/1831/1831
f 1216/1833/1833 233/1836/1836 2666/1834/1834
f 1266/2037/2037 235/725/725 2666/1834/1834
f 1216/1833/1833 234/1607/1607 2667/1835/1835
f 1272/2061/2061 233/1836/1836 2667/1835/1835
f 1216/1833/1833 236/719/719 2668/1837/1837
f 1643/3367/3367 234/1607/1607 2668/1837/1837
f 1217/1838/1838 668/734/734 2669/1839/1839
f 1268/2045/2045 666/1840/1840 2669/1839/1839
f 1217/1838/1838 667/1616/1616 2670/1841/1841
f 1701/3425/3425 669/732/732 2670/1841/1841
f 1217/1838/1838 666/1840/1840 2671/1842/1842
f 1273/2063/2063 667/1616/1616 2671/1842/1842
f 1218/1843/1843 327/1764/1764 2672/1844/1844
f 1248/1963/1963 92/1738/1738 2672/1844/1844
f 1218/1843/1843 318/1374/1374 2673/1845/1845
f 1254/1985/1985 327/1764/1764 2673/1845/1845
f 1219/1846/1846 748/1768/1768 2674/1847/1847
f 1255/1987/1987 739/1383/1383 2674/1847/1847
f 1219/1846/1846 529/1746/1746 2675/1848/1848
f 1249/1967/1967 748/1768/1768 2675/1848/1848
f 1220/1849/1849 247/990/990 2676/1850/1850
f 1234/1899/1899 106/1851/1851 2676/1850/1850
f 1220/1849/1849 108/1854/1854 2677/1852/1852
f 1499/2989/2989 153/1222/1222 2677/1852/1852
f 1220/1849/1849 106/1851/1851 2678/1853/1853
f 1595/3302/3302 108/1854/1854 2678/1853/1853
f 1221/1855/1855 542/1858/1858 2679/1856/1856
f 1235/1903/1903 679/996/996 2679/1856/1856
f 1221/1855/1855 544/1860/1860 2680/1857/1857
f 1596/3303/3303 542/1858/1858 2680/1857/1857
f 1221/1855/1855 586/1228/1228 2681/1859/1859
f 1500/2992/2992 544/1860/1860 2681/1859/1859
f 1222/1861/1861 11/1390/1390 2682/1862/1862
f 1652/3376/3376 37/586/586 2682/1862/1862
f 1222/1861/1861 51/1324/1324 2683/1863/1863
f 1397/2550/2550 11/1390/1390 2683/1863/1863
f 1223/1864/1864 474/595/595 2684/1865/1865
f 1710/3434/3434 454/1397/1397 2684/1865/1865
f 1223/1864/1864 454/1397/1397 2685/1866/1866
f 1398/2551/2551 488/1336/1336 2685/1866/1866
f 1224/1867/1867 231/1870/1870 2686/1868/1868
f 1272/2061/2061 232/1602/1602 2686/1868/1868
f 1224/1867/1867 229/1033/1033 2687/1869/1869
f 1302/2173/2173 231/1870/1870 2687/1869/1869
f 1225/1871/1871 664/1874/1874 2688/1872/1872
f 1303/2176/2176 662/1046/1046 2688/1872/1872
f 1225/1871/1871 665/1610/1610 2689/1873/1873
f 1273/2063/2063 664/1874/1874 2689/1873/1873
f 1226/1875/1875 213/1200/1200 2690/1876/1876
f 1286/2106/2106 211/1877/1877 2690/1876/1876
f 1226/1875/1875 211/1877/1877 2691/1878/1878
f 1250/1971/1971 185/1421/1421 2691/1878/1878
f 1227/1879/1879 644/1882/1882 2692/1880/1880
f 1287/2108/2108 646/1207/1207 2692/1880/1880
f 1227/1879/1879 618/1428/1428 2693/1881/1881
f 1251/1973/1973 644/1882/1882 2693/1881/1881
f 1228/1883/1883 187/1014/1014 2694/1884/1884
f 1270/2053/2053 215/1885/1885 2694/1884/1884
f 1228/1883/1883 215/1885/1885 2695/1886/1886
f 1290/2114/2114 201/1424/1424 2695/1886/1886
f 1229/1887/1887 648/1890/1890 2696/1888/1888
f 1271/2057/2057 620/1021/1021 2696/1888/1888
f 1229/1887/1887 634/1431/1431 2697/1889/1889
f 1291/2120/2120 648/1890/1890 2697/1889/1889
f 1230/1891/1891 253/1285/1285 2698/1892/1892
f 1637/3361/3361 251/1621/1621 2698/1892/1892
f 1231/1893/1893 683/1633/1633 2699/1894/1894
f 1695/3419/3419 685/1292/1292 2699/1894/1894
f 1232/1895/1895 170/1268/1268 2700/1896/1896
f 1651/3375/3375 375/1463/1463 2700/1896/1896
f 1233/1897/1897 792/1468/1468 2701/1898/1898
f 1709/3433/3433 603/1272/1272 2701/1898/1898
f 1234/1899/1899 112/1902/1902 2702/1900/1900
f 1461/2851/2851 106/1851/1851 2702/1900/1900
f 1234/1899/1899 156/894/894 2703/1901/1901
f 1441/2760/2760 112/1902/1902 2703/1901/1901
f 1235/1903/1903 548/1906/1906 2704/1904/1904
f 1442/2763/2763 589/899/899 2704/1904/1904
f 1235/1903/1903 542/1858/1858 2705/1905/1905
f 1462/2857/2857 548/1906/1906 2705/1905/1905
f 1236/1907/1907 217/1911/1911 2706/1908/1908
f 1375/2467/2467 218/1909/1909 2706/1908/1908
f 1236/1907/1907 216/1913/1913 2707/1910/1910
f 1353/2387/2387 217/1911/1911 2707/1910/1910
f 1236/1907/1907 255/1915/1915 2708/1912/1912
f 1312/2209/2209 216/1913/1913 2708/1912/1912
f 1236/1907/1907 218/1909/1909 2709/1914/1914
f 1260/2013/2013 255/1915/1915 2709/1914/1914
f 1237/1916/1916 650/1920/1920 2710/1917/1917
f 1354/2391/2391 649/1918/1918 2710/1917/1917
f 1237/1916/1916 651/1922/1922 2711/1919/1919
f 1376/2468/2468 650/1920/1920 2711/1919/1919
f 1237/1916/1916 687/1924/1924 2712/1921/1921
f 1261/2015/2015 651/1922/1922 2712/1921/1921
f 1237/1916/1916 649/1918/1918 2713/1923/1923
f 1313/2213/2213 687/1924/1924 2713/1923/1923
f 1238/1925/1925 162/1928/1928 2714/1926/1926
f 1278/2081/2081 157/909/909 2714/1926/1926
f 1238/1925/1925 198/1668/1668 2715/1927/1927
f 1357/2407/2407 162/1928/1928 2715/1927/1927
f 1238/1925/1925 161/723/723 2716/1929/1929
f 1267/2042/2042 198/1668/1668 2716/1929/1929
f 1239/1930/1930 590/914/914 2717/1931/1931
f 1279/2084/2084 595/1932/1932 2717/1931/1931
f 1239/1930/1930 631/1671/1671 2718/1933/1933
f 1269/2050/2050 594/728/728 2718/1933/1933
f 1239/1930/1930 595/1932/1932 2719/1934/1934
f 1358/2408/2408 631/1671/1671 2719/1934/1934
f 1240/1935/1935 46/1553/1553 2720/1936/1936
f 1612/3336/3336 52/1340/1340 2720/1936/1936
f 1240/1935/1935 334/1326/1326 2721/1937/1937
f 1361/2419/2419 46/1553/1553 2721/1937/1937
f 1241/1938/1938 489/1347/1347 2722/1939/1939
f 1670/3394/3394 483/1559/1559 2722/1939/1939
f 1241/1938/1938 483/1559/1559 2723/1940/1940
f 1362/2420/2420 751/1334/1334 2723/1940/1940
f 1242/1941/1941 56/1944/1944 2724/1942/1942
f 1282/2096/2096 322/1625/1625 2724/1942/1942
f 1242/1941/1941 54/938/938 2725/1943/1943
f 1244/1951/1951 56/1944/1944 2725/1943/1943
f 1242/1941/1941 322/1625/1625 2726/1945/1945
f 1635/3359/3359 324/341/341 2726/1945/1945
f 1243/1946/1946 493/1949/1949 2727/1947/1947
f 1245/1955/1955 491/945/945 2727/1947/1947
f 1243/1946/1946 743/1638/1638 2728/1948/1948
f 1283/2098/2098 493/1949/1949 2728/1948/1948
f 1243/1946/1946 745/350/350 2729/1950/1950
f 1693/3417/3417 743/1638/1638 2729/1950/1950
f 1244/1951/1951 57/1954/1954 2730/1952/1952
f 1369/2447/2447 56/1944/1944 2730/1952/1952
f 1244/1951/1951 321/1089/1089 2731/1953/1953
f 1634/3358/3358 57/1954/1954 2731/1953/1953
f 1245/1955/1955 493/1949/1949 2732/1956/1956
f 1370/2448/2448 494/1957/1957 2732/1956/1956
f 1245/1955/1955 494/1957/1957 2733/1958/1958
f 1692/3416/3416 742/1098/1098 2733/1958/1958
f 1246/1959/1959 204/1751/1751 2734/1960/1960
f 1322/2251/2251 206/1566/1566 2734/1960/1960
f 1247/1961/1961 639/1570/1570 2735/1962/1962
f 1323/2253/2253 637/1756/1756 2735/1962/1962
f 1248/1963/1963 320/1629/1629 2736/1964/1964
f 1282/2096/2096 319/1965/1965 2736/1964/1964
f 1248/1963/1963 319/1965/1965 2737/1966/1966
f 1318/2233/2233 92/1738/1738 2737/1966/1966
f 1249/1967/1967 740/1970/1970 2738/1968/1968
f 1283/2098/2098 741/1640/1640 2738/1968/1968
f 1249/1967/1967 529/1746/1746 2739/1969/1969
f 1320/2242/2242 740/1970/1970 2739/1969/1969
f 1250/1971/1971 211/1877/1877 2740/1972/1972
f 1286/2106/2106 212/1102/1102 2740/1972/1972
f 1251/1973/1973 645/1110/1110 2741/1974/1974
f 1287/2108/2108 644/1882/1882 2741/1974/1974
f 1252/1975/1975 262/1328/1328 2742/1976/1976
f 1260/2013/2013 218/1909/1909 2742/1976/1976
f 1252/1975/1975 263/1979/1979 2743/1977/1977
f 1361/2419/2419 334/1326/1326 2743/1977/1977
f 1252/1975/1975 218/1909/1909 2744/1978/1978
f 1375/2467/2467 263/1979/1979 2744/1978/1978
f 1253/1980/1980 651/1922/1922 2745/1981/1981
f 1261/2015/2015 691/1332/1332 2745/1981/1981
f 1253/1980/1980 692/1984/1984 2746/1982/1982
f 1376/2468/2468 651/1922/1922 2746/1982/1982
f 1253/1980/1980 751/1334/1334 2747/1983/1983
f 1362/2420/2420 692/1984/1984 2747/1983/1983
f 1254/1985/1985 328/1376/1376 2748/1986/1986
f 1642/3366/3366 326/1211/1211 2748/1986/1986
f 1255/1987/1987 747/1216/1216 2749/1988/1988
f 1700/3424/3424 749/1381/1381 2749/1988/1988
f 1256/1989/1989 254/1992/1992 2750/1990/1990
f 1387/2507/2507 183/1592/1592 2750/1990/1990
f 1256/1989/1989 182/1169/1169 2751/1991/1991
f 1435/2730/2730 254/1992/1992 2751/1991/1991
f 1256/1989/1989 203/1995/1995 2752/1993/1993
f 1407/2592/2592 182/1169/1169 2752/1993/1993
f 1256/1989/1989 183/1592/1592 2753/1994/1994
f 1322/2251/2251 203/1995/1995 2753/1994/1994
f 1257/1996/1996 686/1999/1999 2754/1997/1997
f 1436/2736/2736 615/1182/1182 2754/1997/1997
f 1257/1996/1996 616/1595/1595 2755/1998/1998
f 1388/2509/2509 686/1999/1999 2755/1998/1998
f 1257/1996/1996 636/2002/2002 2756/2000/2000
f 1323/2253/2253 616/1595/1595 2756/2000/2000
f 1257/1996/1996 615/1182/1182 2757/2001/2001
f 1409/2597/2597 636/2002/2002 2757/2001/2001
f 1258/2003/2003 6/770/770 2758/2004/2004
f 1609/3333/3333 5/1058/1058 2758/2004/2004
f 1258/2003/2003 7/2007/2007 2759/2005/2005
f 1331/2290/2290 6/770/770 2759/2005/2005
f 1258/2003/2003 9/1276/1276 2760/2006/2006
f 1308/2197/2197 7/2007/2007 2760/2006/2006
f 1259/2008/2008 450/774/774 2761/2009/2009
f 1332/2292/2292 451/2010/2010 2761/2009/2009
f 1259/2008/2008 449/1061/1061 2762/2011/2011
f 1667/3391/3391 450/774/774 2762/2011/2011
f 1259/2008/2008 451/2010/2010 2763/2012/2012
f 1309/2201/2201 452/1279/1279 2763/2012/2012
f 1260/2013/2013 259/1814/1814 2764/2014/2014
f 1284/2100/2100 255/1915/1915 2764/2014/2014
f 1261/2015/2015 687/1924/1924 2765/2016/2016
f 1285/2104/2104 689/1817/1817 2765/2016/2016
f 1262/2017/2017 91/2020/2020 2766/2018/2018
f 1369/2447/2447 57/1954/1954 2766/2018/2018
f 1262/2017/2017 61/2022/2022 2767/2019/2019
f 1638/3362/3362 91/2020/2020 2767/2019/2019
f 1262/2017/2017 62/1510/1510 2768/2021/2021
f 1613/3337/3337 61/2022/2022 2768/2021/2021
f 1262/2017/2017 57/1954/1954 2769/2023/2023
f 1634/3358/3358 62/1510/1510 2769/2023/2023
f 1263/2024/2024 528/2028/2028 2770/2025/2025
f 1696/3420/3420 498/2026/2026 2770/2025/2025
f 1263/2024/2024 494/1957/1957 2771/2027/2027
f 1370/2448/2448 528/2028/2028 2771/2027/2027
f 1263/2024/2024 499/1517/1517 2772/2029/2029
f 1692/3416/3416 494/1957/1957 2772/2029/2029
f 1263/2024/2024 498/2026/2026 2773/2030/2030
f 1671/3395/3395 499/1517/1517 2773/2030/2030
f 1264/2031/2031 439/2034/2034 2774/2032/2032
f 1298/2162/2162 244/1803/1803 2774/2032/2032
f 1264/2031/2031 290/1586/1586 2775/2033/2033
f 1265/2035/2035 439/2034/2034 2775/2033/2033
f 1265/2035/2035 676/1808/1808 2776/2036/2036
f 1299/2164/2164 439/2034/2034 2776/2036/2036
f 1266/2037/2037 195/2040/2040 2777/2038/2038
f 1381/2479/2479 189/1685/1685 2777/2038/2038
f 1266/2037/2037 233/1836/1836 2778/2039/2039
f 1658/3382/3382 195/2040/2040 2778/2039/2039
f 1266/2037/2037 189/1685/1685 2779/2041/2041
f 1621/3345/3345 235/725/725 2779/2041/2041
f 1267/2042/2042 235/725/725 2780/2043/2043
f 1621/3345/3345 193/1687/1687 2780/2043/2043
f 1267/2042/2042 193/1687/1687 2781/2044/2044
f 1316/2229/2229 198/1668/1668 2781/2044/2044
f 1268/2045/2045 628/2048/2048 2782/2046/2046
f 1716/3440/3440 666/1840/1840 2782/2046/2046
f 1268/2045/2045 622/1698/1698 2783/2047/2047
f 1382/2481/2481 628/2048/2048 2783/2047/2047
f 1268/2045/2045 668/734/734 2784/2049/2049
f 1679/3403/3403 622/1698/1698 2784/2049/2049
f 1269/2050/2050 626/1696/1696 2785/2051/2051
f 1679/3403/3403 668/734/734 2785/2051/2051
f 1269/2050/2050 631/1671/1671 2786/2052/2052
f 1317/2231/2231 626/1696/1696 2786/2052/2052
f 1270/2053/2053 214/2056/2056 2787/2054/2054
f 1341/2321/2321 215/1885/1885 2787/2054/2054
f 1270/2053/2053 186/1016/1016 2788/2055/2055
f 1387/2507/2507 214/2056/2056 2788/2055/2055
f 1271/2057/2057 648/1890/1890 2789/2058/2058
f 1342/2325/2325 647/2059/2059 2789/2058/2058
f 1271/2057/2057 647/2059/2059 2790/2060/2060
f 1388/2509/2509 619/1019/1019 2790/2060/2060
f 1272/2061/2061 231/1870/1870 2791/2062/2062
f 1658/3382/3382 233/1836/1836 2791/2062/2062
f 1273/2063/2063 666/1840/1840 2792/2064/2064
f 1716/3440/3440 664/1874/1874 2792/2064/2064
f 1274/2065/2065 94/2068/2068 2793/2066/2066
f 1365/2433/2433 101/1709/1709 2793/2066/2066
f 1274/2065/2065 89/2070/2070 2794/2067/2067
f 1319/2236/2236 94/2068/2068 2794/2067/2067
f 1274/2065/2065 87/1703/1703 2795/2069/2069
f 1429/2710/2710 89/2070/2070 2795/2069/2069
f 1275/2071/2071 531/2075/2075 2796/2072/2072
f 1321/2245/2245 526/2073/2073 2796/2072/2072
f 1275/2071/2071 538/1718/1718 2797/2074/2074
f 1366/2439/2439 531/2075/2075 2797/2074/2074
f 1275/2071/2071 526/2073/2073 2798/2076/2076
f 1430/2714/2714 524/1716/1716 2798/2076/2076
f 1276/2077/2077 226/1788/1788 2799/2078/2078
f 1433/2728/2728 225/1202/1202 2799/2078/2078
f 1277/2079/2079 658/1205/1205 2800/2080/2080
f 1434/2729/2729 659/1792/1792 2800/2080/2080
f 1278/2081/2081 162/1928/1928 2801/2082/2082
f 1357/2407/2407 200/1801/1801 2801/2082/2082
f 1278/2081/2081 244/1803/1803 2802/2083/2083
f 1298/2162/2162 157/909/909 2802/2083/2083
f 1279/2084/2084 633/1810/1810 2803/2085/2085
f 1358/2408/2408 595/1932/1932 2803/2085/2085
f 1279/2084/2084 590/914/914 2804/2086/2086
f 1299/2164/2164 676/1808/1808 2804/2086/2086
f 1280/2087/2087 260/590/590 2805/2088/2088
f 1328/2273/2273 261/2089/2089 2805/2088/2088
f 1280/2087/2087 333/2092/2092 2806/2090/2090
f 1284/2100/2100 259/1814/1814 2806/2090/2090
f 1280/2087/2087 261/2089/2089 2807/2091/2091
f 1281/2093/2093 333/2092/2092 2807/2091/2091
f 1281/2093/2093 261/2089/2089 2808/2094/2094
f 1328/2273/2273 690/598/598 2808/2094/2094
f 1281/2093/2093 689/1817/1817 2809/2095/2095
f 1285/2104/2104 333/2092/2092 2809/2095/2095
f 1282/2096/2096 56/1944/1944 2810/2097/2097
f 1369/2447/2447 319/1965/1965 2810/2097/2097
f 1283/2098/2098 740/1970/1970 2811/2099/2099
f 1370/2448/2448 493/1949/1949 2811/2099/2099
f 1284/2100/2100 333/2092/2092 2812/2101/2101
f 1285/2104/2104 256/2102/2102 2812/2101/2101
f 1284/2100/2100 256/2102/2102 2813/2103/2103
f 1312/2209/2209 255/1915/1915 2813/2103/2103
f 1285/2104/2104 687/1924/1924 2814/2105/2105
f 1313/2213/2213 256/2102/2102 2814/2105/2105
f 1286/2106/2106 213/1200/1200 2815/2107/2107
f 1433/2728/2728 223/1644/1644 2815/2107/2107
f 1287/2108/2108 656/1651/1651 2816/2109/2109
f 1434/2729/2729 646/1207/1207 2816/2109/2109
f 1288/2110/2110 366/1528/1528 2817/2111/2111
f 1289/2112/2112 781/706/706 2818/2113/2113
f 1290/2114/2114 215/1885/1885 2819/2115/2115
f 1341/2321/2321 175/2116/2116 2819/2115/2115
f 1290/2114/2114 177/2119/2119 2820/2117/2117
f 1656/3380/3380 201/1424/1424 2820/2117/2117
f 1290/2114/2114 175/2116/2116 2821/2118/2118
f 1447/2788/2788 177/2119/2119 2821/2118/2118
f 1291/2120/2120 608/2123/2123 2822/2121/2121
f 1342/2325/2325 648/1890/1890 2822/2121/2121
f 1291/2120/2120 610/2125/2125 2823/2122/2122
f 1448/2790/2790 608/2123/2123 2823/2122/2122
f 1291/2120/2120 634/1431/1431 2824/2124/2124
f 1714/3438/3438 610/2125/2125 2824/2124/2124
f 1292/2126/2126 223/1644/1644 2825/2127/2127
f 1433/2728/2728 226/1788/1788 2825/2127/2127
f 1293/2128/2128 659/1792/1792 2826/2129/2129
f 1434/2729/2729 656/1651/1651 2826/2129/2129
f 1294/2130/2130 68/2134/2134 2827/2131/2131
f 1399/2552/2552 316/2132/2132 2827/2131/2131
f 1294/2130/2130 69/2136/2136 2828/2133/2133
f 1351/2381/2381 68/2134/2134 2828/2133/2133
f 1294/2130/2130 317/2138/2138 2829/2135/2135
f 1333/2293/2293 69/2136/2136 2829/2135/2135
f 1294/2130/2130 316/2132/2132 2830/2137/2137
f 1371/2449/2449 317/2138/2138 2830/2137/2137
f 1295/2139/2139 505/2143/2143 2831/2140/2140
f 1352/2384/2384 506/2141/2141 2831/2140/2140
f 1295/2139/2139 737/2145/2145 2832/2142/2142
f 1400/2558/2558 505/2143/2143 2832/2142/2142
f 1295/2139/2139 738/2147/2147 2833/2144/2144
f 1372/2453/2453 737/2145/2145 2833/2144/2144
f 1295/2139/2139 506/2141/2141 2834/2146/2146
f 1335/2300/2300 738/2147/2147 2834/2146/2146
f 1296/2148/2148 317/2138/2138 2835/2149/2149
f 1371/2449/2449 314/2150/2150 2835/2149/2149
f 1296/2148/2148 64/2153/2153 2836/2151/2151
f 1333/2293/2293 317/2138/2138 2836/2151/2151
f 1296/2148/2148 76/1705/1705 2837/2152/2152
f 1614/3338/3338 64/2153/2153 2837/2152/2152
f 1296/2148/2148 314/2150/2150 2838/2154/2154
f 1347/2363/2363 76/1705/1705 2838/2154/2154
f 1297/2155/2155 738/2147/2147 2839/2156/2156
f 1335/2300/2300 501/2157/2157 2839/2156/2156
f 1297/2155/2155 735/2160/2160 2840/2158/2158
f 1372/2453/2453 738/2147/2147 2840/2158/2158
f 1297/2155/2155 513/1714/1714 2841/2159/2159
f 1348/2367/2367 735/2160/2160 2841/2159/2159
f 1297/2155/2155 501/2157/2157 2842/2161/2161
f 1672/3396/3396 513/1714/1714 2842/2161/2161
f 1298/2162/2162 439/2034/2034 2843/2163/2163
f 1299/2164/2164 243/907/907 2843/2163/2163
f 1300/2165/2165 81/1288/1288 2844/2166/2166
f 1377/2469/2469 79/2167/2167 2844/2166/2166
f 1300/2165/2165 79/2167/2167 2845/2168/2168
f 1615/3339/3339 78/896/896 2845/2168/2168
f 1301/2169/2169 516/2172/2172 2846/2170/2170
f 1378/2473/2473 518/1296/1296 2846/2170/2170
f 1301/2169/2169 515/904/904 2847/2171/2171
f 1673/3397/3397 516/2172/2172 2847/2171/2171
f 1302/2173/2173 195/2040/2040 2848/2174/2174
f 1658/3382/3382 231/1870/1870 2848/2174/2174
f 1302/2173/2173 188/1035/1035 2849/2175/2175
f 1339/2313/2313 195/2040/2040 2849/2175/2175
f 1303/2176/2176 628/2048/2048 2850/2177/2177
f 1340/2317/2317 621/1044/1044 2850/2177/2177
f 1303/2176/2176 664/1874/1874 2851/2178/2178
f 1716/3440/3440 628/2048/2048 2851/2178/2178
f 1304/2179/2179 63/2182/2182 2852/2180/2180
f 1349/2371/2371 61/2022/2022 2852/2180/2180
f 1304/2179/2179 48/2184/2184 2853/2181/2181
f 1439/2748/2748 63/2182/2182 2853/2181/2181
f 1304/2179/2179 49/1512/1512 2854/2183/2183
f 1379/2477/2477 48/2184/2184 2854/2183/2183
f 1304/2179/2179 61/2022/2022 2855/2185/2185
f 1613/3337/3337 49/1512/1512 2855/2185/2185
f 1305/2186/2186 500/2190/2190 2856/2187/2187
f 1440/2754/2754 485/2188/2188 2856/2187/2187
f 1305/2186/2186 498/2026/2026 2857/2189/2189
f 1350/2376/2376 500/2190/2190 2857/2189/2189
f 1305/2186/2186 486/1515/1515 2858/2191/2191
f 1671/3395/3395 498/2026/2026 2858/2191/2191
f 1305/2186/2186 485/2188/2188 2859/2192/2192
f 1380/2478/2478 486/1515/1515 2859/2192/2192
f 1306/2193/2193 10/1388/1388 2860/2194/2194
f 1397/2550/2550 38/1542/1542 2860/2194/2194
f 1307/2195/2195 475/1547/1547 2861/2196/2196
f 1398/2551/2551 453/1393/1393 2861/2196/2196
f 1308/2197/2197 8/2200/2200 2862/2198/2198
f 1331/2290/2290 7/2007/2007 2862/2198/2198
f 1308/2197/2197 34/1795/1795 2863/2199/2199
f 1309/2201/2201 8/2200/2200 2863/2199/2199
f 1309/2201/2201 451/2010/2010 2864/2202/2202
f 1332/2292/2292 8/2200/2200 2864/2202/2202
f 1310/2203/2203 202/1173/1173 2865/2204/2204
f 1628/3352/3352 283/1400/1400 2865/2204/2204
f 1310/2203/2203 200/1801/1801 2866/2205/2205
f 1357/2407/2407 199/1171/1171 2866/2205/2205
f 1311/2206/2206 709/1412/1412 2867/2207/2207
f 1686/3410/3410 635/1178/1178 2867/2207/2207
f 1311/2206/2206 632/1180/1180 2868/2208/2208
f 1358/2408/2408 633/1810/1810 2868/2208/2208
f 1312/2209/2209 256/2102/2102 2869/2210/2210
f 1313/2213/2213 257/2211/2211 2869/2210/2210
f 1312/2209/2209 257/2211/2211 2870/2212/2212
f 1431/2718/2718 216/1913/1913 2870/2212/2212
f 1313/2213/2213 649/1918/1918 2871/2214/2214
f 1432/2724/2724 257/2211/2211 2871/2214/2214
f 1314/2215/2215 64/2153/2153 2872/2216/2216
f 1326/2263/2263 65/2217/2217 2872/2216/2216
f 1314/2215/2215 66/2220/2220 2873/2218/2218
f 1333/2293/2293 64/2153/2153 2873/2218/2218
f 1314/2215/2215 73/1722/1722 2874/2219/2219
f 1636/3360/3360 66/2220/2220 2874/2219/2219
f 1314/2215/2215 65/2217/2217 2875/2221/2221
f 1483/2935/2935 73/1722/1722 2875/2221/2221
f 1315/2222/2222 501/2157/2157 2876/2223/2223
f 1335/2300/2300 503/2224/2224 2876/2223/2223
f 1315/2222/2222 502/2227/2227 2877/2225/2225
f 1327/2268/2268 501/2157/2157 2877/2225/2225
f 1315/2222/2222 510/1729/1729 2878/2226/2226
f 1484/2937/2937 502/2227/2227 2878/2226/2226
f 1315/2222/2222 503/2224/2224 2879/2228/2228
f 1694/3418/3418 510/1729/1729 2879/2228/2228
f 1316/2229/2229 190/1689/1689 2880/2230/2230
f 1655/3379/3379 191/1666/1666 2880/2230/2230
f 1317/2231/2231 624/1673/1673 2881/2232/2232
f 1713/3437/3437 623/1694/1694 2881/2232/2232
f 1318/2233/2233 91/2020/2020 2882/2234/2234
f 1638/3362/3362 60/1736/1736 2882/2234/2234
f 1318/2233/2233 319/1965/1965 2883/2235/2235
f 1369/2447/2447 91/2020/2020 2883/2235/2235
f 1319/2236/2236 89/2070/2070 2884/2237/2237
f 1395/2541/2541 95/2238/2238 2884/2237/2237
f 1319/2236/2236 96/2241/2241 2885/2239/2239
f 1547/3158/3158 94/2068/2068 2885/2239/2239
f 1319/2236/2236 95/2238/2238 2886/2240/2240
f 1495/2979/2979 96/2241/2241 2886/2240/2240
f 1320/2242/2242 497/1741/1741 2887/2243/2243
f 1696/3420/3420 528/2028/2028 2887/2243/2243
f 1320/2242/2242 528/2028/2028 2888/2244/2244
f 1370/2448/2448 740/1970/1970 2888/2244/2244
f 1321/2245/2245 532/2248/2248 2889/2246/2246
f 1396/2547/2547 526/2073/2073 2889/2246/2246
f 1321/2245/2245 533/2250/2250 2890/2247/2247
f 1496/2983/2983 532/2248/2248 2890/2247/2247
f 1321/2245/2245 531/2075/2075 2891/2249/2249
f 1548/3163/3163 533/2250/2250 2891/2249/2249
f 1322/2251/2251 204/1751/1751 2892/2252/2252
f 1407/2592/2592 203/1995/1995 2892/2252/2252
f 1323/2253/2253 636/2002/2002 2893/2254/2254
f 1409/2597/2597 637/1756/1756 2893/2254/2254
f 1324/2255/2255 111/2258/2258 2894/2256/2256
f 1624/3348/3348 151/1233/1233 2894/2256/2256
f 1324/2255/2255 153/1222/1222 2895/2257/2257
f 1499/2989/2989 111/2258/2258 2895/2257/2257
f 1325/2259/2259 547/2262/2262 2896/2260/2260
f 1500/2992/2992 586/1228/1228 2896/2260/2260
f 1325/2259/2259 584/1242/1242 2897/2261/2261
f 1682/3406/3406 547/2262/2262 2897/2261/2261
f 1326/2263/2263 148/2266/2266 2898/2264/2264
f 1515/3039/3039 65/2217/2217 2898/2264/2264
f 1326/2263/2263 77/1707/1707 2899/2265/2265
f 1567/3235/3235 148/2266/2266 2899/2265/2265
f 1326/2263/2263 64/2153/2153 2900/2267/2267
f 1614/3338/3338 77/1707/1707 2900/2267/2267
f 1327/2268/2268 581/2271/2271 2901/2269/2269
f 1568/3238/3238 514/1712/1712 2901/2269/2269
f 1327/2268/2268 502/2227/2227 2902/2270/2270
f 1516/3042/3042 581/2271/2271 2902/2270/2270
f 1327/2268/2268 514/1712/1712 2903/2272/2272
f 1672/3396/3396 501/2157/2157 2903/2272/2272
f 1329/2274/2274 86/2277/2277 2904/2275/2275
f 1429/2710/2710 87/1703/1703 2904/2275/2275
f 1329/2274/2274 84/2279/2279 2905/2276/2276
f 1459/2842/2842 86/2277/2277 2905/2276/2276
f 1329/2274/2274 85/2281/2281 2906/2278/2278
f 1453/2816/2816 84/2279/2279 2906/2278/2278
f 1329/2274/2274 87/1703/1703 2907/2280/2280
f 1633/3357/3357 85/2281/2281 2907/2280/2280
f 1330/2282/2282 523/2286/2286 2908/2283/2283
f 1460/2848/2848 521/2284/2284 2908/2283/2283
f 1330/2282/2282 524/1716/1716 2909/2285/2285
f 1430/2714/2714 523/2286/2286 2909/2285/2285
f 1330/2282/2282 522/2289/2289 2910/2287/2287
f 1691/3415/3415 524/1716/1716 2910/2287/2287
f 1330/2282/2282 521/2284/2284 2911/2288/2288
f 1454/2822/2822 522/2289/2289 2911/2288/2288
f 1331/2290/2290 8/2200/2200 2912/2291/2291
f 1332/2292/2292 35/768/768 2912/2291/2291
f 1333/2293/2293 66/2220/2220 2913/2294/2294
f 1337/2307/2307 69/2136/2136 2913/2294/2294
f 1334/2295/2295 177/2119/2119 2914/2296/2296
f 1447/2788/2788 397/2297/2297 2914/2296/2296
f 1334/2295/2295 178/1037/1037 2915/2298/2298
f 1656/3380/3380 177/2119/2119 2915/2298/2298
f 1334/2295/2295 397/2297/2297 2916/2299/2299
f 1408/2593/2593 176/1778/1778 2916/2299/2299
f 1335/2300/2300 506/2141/2141 2917/2301/2301
f 1338/2310/2310 503/2224/2224 2917/2301/2301
f 1336/2302/2302 610/2125/2125 2918/2303/2303
f 1714/3438/3438 611/1042/1042 2918/2303/2303
f 1336/2302/2302 811/2306/2306 2919/2304/2304
f 1448/2790/2790 610/2125/2125 2919/2304/2304
f 1336/2302/2302 609/1784/1784 2920/2305/2305
f 1410/2598/2598 811/2306/2306 2920/2305/2305
f 1337/2307/2307 90/1734/1734 2921/2308/2308
f 1351/2381/2381 69/2136/2136 2921/2308/2308
f 1337/2307/2307 66/2220/2220 2922/2309/2309
f 1636/3360/3360 93/1724/1724 2922/2309/2309
f 1338/2310/2310 506/2141/2141 2923/2311/2311
f 1352/2384/2384 527/1743/1743 2923/2311/2311
f 1338/2310/2310 530/1727/1727 2924/2312/2312
f 1694/3418/3418 503/2224/2224 2924/2312/2312
f 1339/2313/2313 197/1776/1776 2925/2314/2314
f 1393/2533/2533 196/2315/2315 2925/2314/2314
f 1339/2313/2313 196/2315/2315 2926/2316/2316
f 1381/2479/2479 195/2040/2040 2926/2316/2316
f 1340/2317/2317 629/2320/2320 2927/2318/2318
f 1394/2537/2537 630/1781/1781 2927/2318/2318
f 1340/2317/2317 628/2048/2048 2928/2319/2319
f 1382/2481/2481 629/2320/2320 2928/2319/2319
f 1341/2321/2321 174/2324/2324 2929/2322/2322
f 1389/2511/2511 175/2116/2116 2929/2322/2322
f 1341/2321/2321 214/2056/2056 2930/2323/2323
f 1471/2887/2887 174/2324/2324 2930/2323/2323
f 1342/2325/2325 608/2123/2123 2931/2326/2326
f 1390/2517/2517 607/2327/2327 2931/2326/2326
f 1342/2325/2325 607/2327/2327 2932/2328/2328
f 1472/2888/2888 647/2059/2059 2932/2328/2328
f 1343/2329/2329 72/2333/2333 2933/2330/2330
f 1525/3082/3082 71/2331/2331 2933/2330/2330
f 1343/2329/2329 264/2335/2335 2934/2332/2332
f 1405/2584/2584 72/2333/2333 2934/2332/2332
f 1343/2329/2329 217/1911/1911 2935/2334/2334
f 1353/2387/2387 264/2335/2335 2935/2334/2334
f 1343/2329/2329 71/2331/2331 2936/2336/2336
f 1375/2467/2467 217/1911/1911 2936/2336/2336
f 1344/2337/2337 509/2341/2341 2937/2338/2338
f 1406/2588/2588 693/2339/2339 2937/2338/2338
f 1344/2337/2337 508/2343/2343 2938/2340/2340
f 1526/3083/3083 509/2341/2341 2938/2340/2340
f 1344/2337/2337 650/1920/1920 2939/2342/2342
f 1376/2468/2468 508/2343/2343 2939/2342/2342
f 1344/2337/2337 693/2339/2339 2940/2344/2344
f 1354/2391/2391 650/1920/1920 2940/2344/2344
f 1345/2345/2345 105/2349/2349 2941/2346/2346
f 1481/2931/2931 269/2347/2347 2941/2346/2346
f 1345/2345/2345 107/2351/2351 2942/2348/2348
f 1595/3302/3302 105/2349/2349 2942/2348/2348
f 1345/2345/2345 267/2353/2353 2943/2350/2350
f 1513/3035/3035 107/2351/2351 2943/2350/2350
f 1345/2345/2345 269/2347/2347 2944/2352/2352
f 1385/2495/2495 267/2353/2353 2944/2352/2352
f 1346/2354/2354 541/2358/2358 2945/2355/2355
f 1596/3303/3303 543/2356/2356 2945/2355/2355
f 1346/2354/2354 698/2360/2360 2946/2357/2357
f 1482/2933/2933 541/2358/2358 2946/2357/2357
f 1346/2354/2354 696/2362/2362 2947/2359/2359
f 1386/2501/2501 698/2360/2360 2947/2359/2359
f 1346/2354/2354 543/2356/2356 2948/2361/2361
f 1514/3037/3037 696/2362/2362 2948/2361/2361
f 1347/2363/2363 313/2366/2366 2949/2364/2364
f 1633/3357/3357 87/1703/1703 2949/2364/2364
f 1347/2363/2363 314/2150/2150 2950/2365/2365
f 1403/2576/2576 313/2366/2366 2950/2365/2365
f 1348/2367/2367 524/1716/1716 2951/2368/2368
f 1691/3415/3415 734/2369/2369 2951/2368/2368
f 1348/2367/2367 734/2369/2369 2952/2370/2370
f 1404/2580/2580 735/2160/2160 2952/2370/2370
f 1349/2371/2371 60/1736/1736 2953/2372/2372
f 1638/3362/3362 61/2022/2022 2953/2372/2372
f 1349/2371/2371 67/2375/2375 2954/2373/2373
f 1653/3377/3377 60/1736/1736 2954/2373/2373
f 1349/2371/2371 63/2182/2182 2955/2374/2374
f 1521/3059/3059 67/2375/2375 2955/2374/2374
f 1350/2376/2376 497/1741/1741 2956/2377/2377
f 1711/3435/3435 504/2378/2378 2956/2377/2377
f 1350/2376/2376 498/2026/2026 2957/2379/2379
f 1696/3420/3420 497/1741/1741 2957/2379/2379
f 1350/2376/2376 504/2378/2378 2958/2380/2380
f 1522/3063/3063 500/2190/2190 2958/2380/2380
f 1351/2381/2381 67/2375/2375 2959/2382/2382
f 1587/3287/3287 68/2134/2134 2959/2382/2382
f 1351/2381/2381 90/1734/1734 2960/2383/2383
f 1653/3377/3377 67/2375/2375 2960/2383/2383
f 1352/2384/2384 505/2143/2143 2961/2385/2385
f 1588/3289/3289 504/2378/2378 2961/2385/2385
f 1352/2384/2384 504/2378/2378 2962/2386/2386
f 1711/3435/3435 527/1743/1743 2962/2386/2386
f 1353/2387/2387 265/2390/2390 2963/2388/2388
f 1383/2483/2483 264/2335/2335 2963/2388/2388
f 1353/2387/2387 216/1913/1913 2964/2389/2389
f 1623/3347/3347 265/2390/2390 2964/2389/2389
f 1354/2391/2391 693/2339/2339 2965/2392/2392
f 1384/2489/2489 694/2393/2393 2965/2392/2392
f 1354/2391/2391 694/2393/2393 2966/2394/2394
f 1681/3405/3405 649/1918/1918 2966/2394/2394
f 1355/2395/2395 82/2398/2398 2967/2396/2396
f 1377/2469/2469 81/1288/1288 2967/2396/2396
f 1355/2395/2395 74/2400/2400 2968/2397/2397
f 1620/3344/3344 82/2398/2398 2968/2397/2397
f 1355/2395/2395 75/1283/1283 2969/2399/2399
f 1483/2935/2935 74/2400/2400 2969/2399/2399
f 1356/2401/2401 518/1296/1296 2970/2402/2402
f 1378/2473/2473 519/2403/2403 2970/2402/2402
f 1356/2401/2401 511/2406/2406 2971/2404/2404
f 1484/2937/2937 512/1294/1294 2971/2404/2404
f 1356/2401/2401 519/2403/2403 2972/2405/2405
f 1678/3402/3402 511/2406/2406 2972/2405/2405
f 1359/2409/2409 47/1551/1551 2973/2410/2410
f 1361/2419/2419 263/1979/1979 2973/2410/2410
f 1359/2409/2409 48/2184/2184 2974/2411/2411
f 1379/2477/2477 47/1551/1551 2974/2411/2411
f 1359/2409/2409 71/2331/2331 2975/2412/2412
f 1525/3082/3082 48/2184/2184 2975/2412/2412
f 1359/2409/2409 263/1979/1979 2976/2413/2413
f 1375/2467/2467 71/2331/2331 2976/2413/2413
f 1360/2414/2414 484/1561/1561 2977/2415/2415
f 1380/2478/2478 485/2188/2188 2977/2415/2415
f 1360/2414/2414 692/1984/1984 2978/2416/2416
f 1362/2420/2420 484/1561/1561 2978/2416/2416
f 1360/2414/2414 508/2343/2343 2979/2417/2417
f 1376/2468/2468 692/1984/1984 2979/2417/2417
f 1360/2414/2414 485/2188/2188 2980/2418/2418
f 1526/3083/3083 508/2343/2343 2980/2418/2418
f 1363/2421/2421 189/1685/1685 2981/2422/2422
f 1381/2479/2479 194/2423/2423 2981/2422/2422
f 1363/2421/2421 171/2426/2426 2982/2424/2424
f 1419/2656/2656 192/1691/1691 2982/2424/2424
f 1363/2421/2421 194/2423/2423 2983/2425/2425
f 1455/2828/2828 171/2426/2426 2983/2425/2425
f 1364/2427/2427 627/2430/2430 2984/2428/2428
f 1382/2481/2481 622/1698/1698 2984/2428/2428
f 1364/2427/2427 604/2432/2432 2985/2429/2429
f 1456/2832/2832 627/2430/2430 2985/2429/2429
f 1364/2427/2427 625/1700/1700 2986/2431/2431
f 1420/2659/2659 604/2432/2432 2986/2431/2431
f 1365/2433/2433 99/2437/2437 2987/2434/2434
f 1599/3306/3306 100/2435/2435 2987/2434/2434
f 1365/2433/2433 94/2068/2068 2988/2436/2436
f 1603/3313/3313 99/2437/2437 2988/2436/2436
f 1365/2433/2433 100/2435/2435 2989/2438/2438
f 1509/3023/3023 101/1709/1709 2989/2438/2438
f 1366/2439/2439 536/2442/2442 2990/2440/2440
f 1604/3318/3318 531/2075/2075 2990/2440/2440
f 1366/2439/2439 537/2444/2444 2991/2441/2441
f 1600/3308/3308 536/2442/2442 2991/2441/2441
f 1366/2439/2439 538/1718/1718 2992/2443/2443
f 1510/3027/3027 537/2444/2444 2992/2443/2443
f 1371/2449/2449 315/2452/2452 2993/2450/2450
f 1403/2576/2576 314/2150/2150 2993/2450/2450
f 1371/2449/2449 316/2132/2132 2994/2451/2451
f 1649/3373/3373 315/2452/2452 2994/2451/2451
f 1372/2453/2453 736/2456/2456 2995/2454/2454
f 1707/3431/3431 737/2145/2145 2995/2454/2454
f 1372/2453/2453 735/2160/2160 2996/2455/2455
f 1404/2580/2580 736/2456/2456 2996/2455/2455
f 1373/2457/2457 107/2351/2351 2997/2458/2458
f 1513/3035/3035 144/2459/2459 2997/2458/2458
f 1373/2457/2457 151/1233/1233 2998/2460/2460
f 1624/3348/3348 107/2351/2351 2998/2460/2460
f 1373/2457/2457 144/2459/2459 2999/2461/2461
f 1421/2662/2662 124/1231/1231 2999/2461/2461
f 1374/2462/2462 543/2356/2356 3000/2463/2463
f 1682/3406/3406 584/1242/1242 3000/2463/2463
f 1374/2462/2462 577/2466/2466 3001/2464/2464
f 1514/3037/3037 543/2356/2356 3001/2464/2464
f 1374/2462/2462 559/1244/1244 3002/2465/2465
f 1423/2674/2674 577/2466/2466 3002/2465/2465
f 1377/2469/2469 147/2472/2472 3003/2470/2470
f 1401/2564/2564 79/2167/2167 3003/2470/2470
f 1377/2469/2469 82/2398/2398 3004/2471/2471
f 1515/3039/3039 147/2472/2472 3004/2471/2471
f 1378/2473/2473 580/2476/2476 3005/2474/2474
f 1516/3042/3042 519/2403/2403 3005/2474/2474
f 1378/2473/2473 516/2172/2172 3006/2475/2475
f 1402/2570/2570 580/2476/2476 3006/2475/2475
f 1381/2479/2479 196/2315/2315 3007/2480/2480
f 1622/3346/3346 194/2423/2423 3007/2480/2480
f 1382/2481/2481 627/2430/2430 3008/2482/2482
f 1680/3404/3404 629/2320/2320 3008/2482/2482
f 1383/2483/2483 265/2390/2390 3009/2484/2484
f 1487/2949/2949 429/2485/2485 3009/2484/2484
f 1383/2483/2483 431/2488/2488 3010/2486/2486
f 1405/2584/2584 264/2335/2335 3010/2486/2486
f 1383/2483/2483 429/2485/2485 3011/2487/2487
f 1415/2632/2632 431/2488/2488 3011/2487/2487
f 1384/2489/2489 839/2492/2492 3012/2490/2490
f 1488/2952/2952 694/2393/2393 3012/2490/2490
f 1384/2489/2489 841/2494/2494 3013/2491/2491
f 1416/2638/2638 839/2492/2492 3013/2491/2491
f 1384/2489/2489 693/2339/2339 3014/2493/2493
f 1406/2588/2588 841/2494/2494 3014/2493/2493
f 1385/2495/2495 246/2498/2498 3015/2496/2496
f 1517/3045/3045 267/2353/2353 3015/2496/2496
f 1385/2495/2495 270/2500/2500 3016/2497/2497
f 1425/2686/2686 246/2498/2498 3016/2497/2497
f 1385/2495/2495 269/2347/2347 3017/2499/2499
f 1473/2889/2889 270/2500/2500 3017/2499/2499
f 1386/2501/2501 678/2505/2505 3018/2502/2502
f 1426/2692/2692 699/2503/2503 3018/2502/2502
f 1386/2501/2501 696/2362/2362 3019/2504/2504
f 1518/3046/3046 678/2505/2505 3019/2504/2504
f 1386/2501/2501 699/2503/2503 3020/2506/2506
f 1474/2894/2894 698/2360/2360 3020/2506/2506
f 1387/2507/2507 254/1992/1992 3021/2508/2508
f 1471/2887/2887 214/2056/2056 3021/2508/2508
f 1388/2509/2509 647/2059/2059 3022/2510/2510
f 1472/2888/2888 686/1999/1999 3022/2510/2510
f 1389/2511/2511 172/2514/2514 3023/2512/2512
f 1497/2987/2987 175/2116/2116 3023/2512/2512
f 1389/2511/2511 398/2516/2516 3024/2513/2513
f 1648/3372/3372 172/2514/2514 3024/2513/2513
f 1389/2511/2511 174/2324/2324 3025/2515/2515
f 1463/2863/2863 398/2516/2516 3025/2515/2515
f 1390/2517/2517 608/2123/2123 3026/2518/2518
f 1498/2988/2988 605/2519/2519 3026/2518/2518
f 1390/2517/2517 812/2522/2522 3027/2520/2520
f 1464/2866/2866 607/2327/2327 3027/2520/2520
f 1390/2517/2517 605/2519/2519 3028/2521/2521
f 1706/3430/3430 812/2522/2522 3028/2521/2521
f 1391/2523/2523 141/2526/2526 3029/2524/2524
f 1392/2529/2529 273/1647/1647 3029/2524/2524
f 1391/2523/2523 126/2528/2528 3030/2525/2525
f 1529/3089/3089 141/2526/2526 3030/2525/2525
f 1391/2523/2523 124/1231/1231 3031/2527/2527
f 1616/3340/3340 126/2528/2528 3031/2527/2527
f 1392/2529/2529 141/2526/2526 3032/2530/2530
f 1530/3095/3095 561/2531/2531 3032/2530/2530
f 1392/2529/2529 561/2531/2531 3033/2532/2532
f 1674/3398/3398 559/1244/1244 3033/2532/2532
f 1393/2533/2533 173/2536/2536 3034/2534/2534
f 1622/3346/3346 196/2315/2315 3034/2534/2534
f 1393/2533/2533 176/1778/1778 3035/2535/2535
f 1408/2593/2593 173/2536/2536 3035/2535/2535
f 1394/2537/2537 606/2540/2540 3036/2538/2538
f 1410/2598/2598 609/1784/1784 3036/2538/2538
f 1394/2537/2537 629/2320/2320 3037/2539/2539
f 1680/3404/3404 606/2540/2540 3037/2539/2539
f 1395/2541/2541 103/2544/2544 3038/2542/2542
f 1485/2939/2939 95/2238/2238 3038/2542/2542
f 1395/2541/2541 437/2546/2546 3039/2543/2543
f 1396/2547/2547 103/2544/2544 3039/2543/2543
f 1395/2541/2541 89/2070/2070 3040/2545/2545
f 1437/2742/2742 437/2546/2546 3040/2545/2545
f 1396/2547/2547 532/2248/2248 3041/2548/2548
f 1486/2945/2945 103/2544/2544 3041/2548/2548
f 1396/2547/2547 437/2546/2546 3042/2549/2549
f 1438/2746/2746 526/2073/2073 3042/2549/2549
f 1399/2552/2552 411/2556/2556 3043/2553/2553
f 1537/3112/3112 416/2554/2554 3043/2553/2553
f 1399/2552/2552 68/2134/2134 3044/2555/2555
f 1587/3287/3287 411/2556/2556 3044/2555/2555
f 1399/2552/2552 416/2554/2554 3045/2557/2557
f 1417/2644/2644 316/2132/2132 3045/2557/2557
f 1400/2558/2558 824/2561/2561 3046/2559/2559
f 1588/3289/3289 505/2143/2143 3046/2559/2559
f 1400/2558/2558 828/2563/2563 3047/2560/2560
f 1538/3114/3114 824/2561/2561 3047/2560/2560
f 1400/2558/2558 737/2145/2145 3048/2562/2562
f 1418/2650/2650 828/2563/2563 3048/2562/2562
f 1401/2564/2564 80/2567/2567 3049/2565/2565
f 1615/3339/3339 79/2167/2167 3049/2565/2565
f 1401/2564/2564 110/2569/2569 3050/2566/2566
f 1571/3247/3247 80/2567/2567 3050/2566/2566
f 1401/2564/2564 147/2472/2472 3051/2568/2568
f 1581/3277/3277 110/2569/2569 3051/2568/2568
f 1402/2570/2570 516/2172/2172 3052/2571/2571
f 1673/3397/3397 517/2572/2572 3052/2571/2571
f 1402/2570/2570 546/2575/2575 3053/2573/2573
f 1582/3278/3278 580/2476/2476 3053/2573/2573
f 1402/2570/2570 517/2572/2572 3054/2574/2574
f 1572/3248/3248 546/2575/2575 3054/2574/2574
f 1403/2576/2576 329/2579/2579 3055/2577/2577
f 1505/3009/3009 313/2366/2366 3055/2577/2577
f 1403/2576/2576 315/2452/2452 3056/2578/2578
f 1457/2836/2836 329/2579/2579 3056/2578/2578
f 1404/2580/2580 750/2583/2583 3057/2581/2581
f 1458/2839/2839 736/2456/2456 3057/2581/2581
f 1404/2580/2580 734/2369/2369 3058/2582/2582
f 1506/3012/3012 750/2583/2583 3058/2582/2582
f 1405/2584/2584 432/2587/2587 3059/2585/2585
f 1501/2995/2995 72/2333/2333 3059/2585/2585
f 1405/2584/2584 431/2488/2488 3060/2586/2586
f 1465/2869/2869 432/2587/2587 3060/2586/2586
f 1406/2588/2588 842/2591/2591 3061/2589/2589
f 1466/2871/2871 841/2494/2494 3061/2589/2589
f 1406/2588/2588 509/2341/2341 3062/2590/2590
f 1502/2998/2998 842/2591/2591 3062/2590/2590
f 1408/2593/2593 396/2596/2596 3063/2594/2594
f 1497/2987/2987 173/2536/2536 3063/2594/2594
f 1408/2593/2593 397/2297/2297 3064/2595/2595
f 1447/2788/2788 396/2596/2596 3064/2595/2595
f 1410/2598/2598 810/2601/2601 3065/2599/2599
f 1448/2790/2790 811/2306/2306 3065/2599/2599
f 1410/2598/2598 606/2540/2540 3066/2600/2600
f 1498/2988/2988 810/2601/2601 3066/2600/2600
f 1411/2602/2602 133/2606/2606 3067/2603/2603
f 1475/2899/2899 134/2604/2604 3067/2603/2603
f 1411/2602/2602 120/2608/2608 3068/2605/2605
f 1413/2620/2620 133/2606/2606 3068/2605/2605
f 1411/2602/2602 123/2610/2610 3069/2607/2607
f 1557/3196/3196 120/2608/2608 3069/2607/2607
f 1411/2602/2602 134/2604/2604 3070/2609/2609
f 1591/3297/3297 123/2610/2610 3070/2609/2609
f 1412/2611/2611 567/2615/2615 3071/2612/2612
f 1414/2626/2626 555/2613/2613 3071/2612/2612
f 1412/2611/2611 568/2617/2617 3072/2614/2614
f 1476/2904/2904 567/2615/2615 3072/2614/2614
f 1412/2611/2611 558/2619/2619 3073/2616/2616
f 1592/3298/3298 568/2617/2617 3073/2616/2616
f 1412/2611/2611 555/2613/2613 3074/2618/2618
f 1558/3198/3198 558/2619/2619 3074/2618/2618
f 1413/2620/2620 143/2624/2624 3075/2621/2621
f 1443/2766/2766 150/2622/2622 3075/2621/2621
f 1413/2620/2620 120/2608/2608 3076/2623/2623
f 1422/2668/2668 143/2624/2624 3076/2623/2623
f 1413/2620/2620 150/2622/2622 3077/2625/2625
f 1511/3031/3031 133/2606/2606 3077/2625/2625
f 1414/2626/2626 576/2629/2629 3078/2627/2627
f 1424/2680/2680 555/2613/2613 3078/2627/2627
f 1414/2626/2626 583/2631/2631 3079/2628/2628
f 1444/2771/2771 576/2629/2629 3079/2628/2628
f 1414/2626/2626 567/2615/2615 3080/2630/2630
f 1512/3033/3033 583/2631/2631 3080/2630/2630
f 1415/2632/2632 406/2635/2635 3081/2633/2633
f 1465/2869/2869 431/2488/2488 3081/2633/2633
f 1415/2632/2632 404/2637/2637 3082/2634/2634
f 1427/2698/2698 406/2635/2635 3082/2634/2634
f 1415/2632/2632 429/2485/2485 3083/2636/2636
f 1479/2919/2919 404/2637/2637 3083/2636/2636
f 1416/2638/2638 819/2642/2642 3084/2639/2639
f 1428/2704/2704 817/2640/2640 3084/2639/2639
f 1416/2638/2638 841/2494/2494 3085/2641/2641
f 1466/2871/2871 819/2642/2642 3085/2641/2641
f 1416/2638/2638 817/2640/2640 3086/2643/2643
f 1480/2925/2925 839/2492/2492 3086/2643/2643
f 1417/2644/2644 413/2647/2647 3087/2645/2645
f 1649/3373/3373 316/2132/2132 3087/2645/2645
f 1417/2644/2644 418/2649/2649 3088/2646/2646
f 1451/2804/2804 413/2647/2647 3088/2646/2646
f 1417/2644/2644 416/2554/2554 3089/2648/2648
f 1445/2776/2776 418/2649/2649 3089/2648/2648
f 1418/2650/2650 737/2145/2145 3090/2651/2651
f 1707/3431/3431 825/2652/2652 3090/2651/2651
f 1418/2650/2650 830/2655/2655 3091/2653/2653
f 1446/2782/2782 828/2563/2563 3091/2653/2653
f 1418/2650/2650 825/2652/2652 3092/2654/2654
f 1452/2810/2810 830/2655/2655 3092/2654/2654
f 1419/2656/2656 398/2516/2516 3093/2657/2657
f 1597/3304/3304 181/1827/1827 3093/2657/2657
f 1419/2656/2656 171/2426/2426 3094/2658/2658
f 1648/3372/3372 398/2516/2516 3094/2658/2658
f 1420/2659/2659 812/2522/2522 3095/2660/2660
f 1706/3430/3430 604/2432/2432 3095/2660/2660
f 1420/2659/2659 614/1832/1832 3096/2661/2661
f 1598/3305/3305 812/2522/2522 3096/2661/2661
f 1421/2662/2662 142/2666/2666 3097/2663/2663
f 1618/3342/3342 125/2664/2664 3097/2663/2663
f 1421/2662/2662 144/2459/2459 3098/2665/2665
f 1654/3378/3378 142/2666/2666 3098/2665/2665
f 1421/2662/2662 125/2664/2664 3099/2667/2667
f 1616/3340/3340 124/1231/1231 3099/2667/2667
f 1422/2668/2668 118/2671/2671 3100/2669/2669
f 1477/2909/2909 143/2624/2624 3100/2669/2669
f 1422/2668/2668 119/2673/2673 3101/2670/2670
f 1573/3249/3249 118/2671/2671 3101/2670/2670
f 1422/2668/2668 120/2608/2608 3102/2672/2672
f 1549/3168/3168 119/2673/2673 3102/2672/2672
f 1423/2674/2674 575/2677/2677 3103/2675/2675
f 1712/3436/3436 577/2466/2466 3103/2675/2675
f 1423/2674/2674 560/2679/2679 3104/2676/2676
f 1676/3400/3400 575/2677/2677 3104/2676/2676
f 1423/2674/2674 559/1244/1244 3105/2678/2678
f 1674/3398/3398 560/2679/2679 3105/2678/2678
f 1424/2680/2680 553/2684/2684 3106/2681/2681
f 1574/3254/3254 554/2682/2682 3106/2681/2681
f 1424/2680/2680 576/2629/2629 3107/2683/2683
f 1478/2914/2914 553/2684/2684 3107/2683/2683
f 1424/2680/2680 554/2682/2682 3108/2685/2685
f 1550/3173/3173 555/2613/2613 3108/2685/2685
f 1425/2686/2686 270/2500/2500 3109/2687/2687
f 1507/3015/3015 137/2688/2688 3109/2687/2687
f 1425/2686/2686 135/2691/2691 3110/2689/2689
f 1511/3031/3031 246/2498/2498 3110/2689/2689
f 1425/2686/2686 137/2688/2688 3111/2690/2690
f 1503/3001/3001 135/2691/2691 3111/2690/2690
f 1426/2692/2692 571/2695/2695 3112/2693/2693
f 1508/3019/3019 699/2503/2503 3112/2693/2693
f 1426/2692/2692 569/2697/2697 3113/2694/2694
f 1504/3005/3005 571/2695/2695 3113/2694/2694
f 1426/2692/2692 678/2505/2505 3114/2696/2696
f 1512/3033/3033 569/2697/2697 3114/2696/2696
f 1427/2698/2698 405/2701/2701 3115/2699/2699
f 1449/2792/2792 406/2635/2635 3115/2699/2699
f 1427/2698/2698 403/2703/2703 3116/2700/2700
f 1427/2698/2698 404/2637/2637 3117/2702/2702
f 1491/2965/2965 403/2703/2703 3117/2702/2702
f 1428/2704/2704 819/2642/2642 3118/2705/2705
f 1450/2798/2798 818/2706/2706 3118/2705/2705
f 1428/2704/2704 816/2709/2709 3119/2707/2707
f 1492/2969/2969 817/2640/2640 3119/2707/2707
f 1428/2704/2704 818/2706/2706 3120/2708/2708
f 1429/2710/2710 88/2713/2713 3121/2711/2711
f 1437/2742/2742 89/2070/2070 3121/2711/2711
f 1429/2710/2710 86/2277/2277 3122/2712/2712
f 1535/3109/3109 88/2713/2713 3122/2712/2712
f 1430/2714/2714 525/2717/2717 3123/2715/2715
f 1536/3111/3111 523/2286/2286 3123/2715/2715
f 1430/2714/2714 526/2073/2073 3124/2716/2716
f 1438/2746/2746 525/2717/2717 3124/2716/2716
f 1431/2718/2718 266/2721/2721 3125/2719/2719
f 1623/3347/3347 216/1913/1913 3125/2719/2719
f 1431/2718/2718 412/2723/2723 3126/2720/2720
f 1493/2973/2973 266/2721/2721 3126/2720/2720
f 1431/2718/2718 257/2211/2211 3127/2722/2722
f 1432/2724/2724 412/2723/2723 3127/2722/2722
f 1432/2724/2724 649/1918/1918 3128/2725/2725
f 1681/3405/3405 695/2726/2726 3128/2725/2725
f 1432/2724/2724 695/2726/2726 3129/2727/2727
f 1494/2977/2977 412/2723/2723 3129/2727/2727
f 1435/2730/2730 180/2734/2734 3130/2731/2731
f 1463/2863/2863 179/2732/2732 3130/2731/2731
f 1435/2730/2730 182/1169/1169 3131/2733/2733
f 1597/3304/3304 180/2734/2734 3131/2733/2733
f 1435/2730/2730 179/2732/2732 3132/2735/2735
f 1471/2887/2887 254/1992/1992 3132/2735/2735
f 1436/2736/2736 613/2739/2739 3133/2737/2737
f 1598/3305/3305 615/1182/1182 3133/2737/2737
f 1436/2736/2736 612/2741/2741 3134/2738/2738
f 1464/2866/2866 613/2739/2739 3134/2738/2738
f 1436/2736/2736 686/1999/1999 3135/2740/2740
f 1472/2888/2888 612/2741/2741 3135/2740/2740
f 1437/2742/2742 88/2713/2713 3136/2743/2743
f 1535/3109/3109 271/2744/2744 3136/2743/2743
f 1437/2742/2742 271/2744/2744 3137/2745/2745
f 1438/2746/2746 437/2546/2546 3137/2745/2745
f 1438/2746/2746 271/2744/2744 3138/2747/2747
f 1536/3111/3111 525/2717/2717 3138/2747/2747
f 1439/2748/2748 48/2184/2184 3139/2749/2749
f 1525/3082/3082 70/2750/2750 3139/2749/2749
f 1439/2748/2748 410/2753/2753 3140/2751/2751
f 1521/3059/3059 63/2182/2182 3140/2751/2751
f 1439/2748/2748 70/2750/2750 3141/2752/2752
f 1501/2995/2995 410/2753/2753 3141/2752/2752
f 1440/2754/2754 507/2757/2757 3142/2755/2755
f 1526/3083/3083 485/2188/2188 3142/2755/2755
f 1440/2754/2754 823/2759/2759 3143/2756/2756
f 1502/2998/2998 507/2757/2757 3143/2756/2756
f 1440/2754/2754 500/2190/2190 3144/2758/2758
f 1522/3063/3063 823/2759/2759 3144/2758/2758
f 1441/2760/2760 80/2567/2567 3145/2761/2761
f 1561/3210/3210 112/1902/1902 3145/2761/2761
f 1441/2760/2760 78/896/896 3146/2762/2762
f 1615/3339/3339 80/2567/2567 3146/2762/2762
f 1442/2763/2763 517/2572/2572 3147/2764/2764
f 1673/3397/3397 515/904/904 3147/2764/2764
f 1442/2763/2763 548/1906/1906 3148/2765/2765
f 1562/3212/3212 517/2572/2572 3148/2765/2765
f 1443/2766/2766 144/2459/2459 3149/2767/2767
f 1513/3035/3035 149/2768/2768 3149/2767/2767
f 1443/2766/2766 143/2624/2624 3150/2769/2769
f 1654/3378/3378 144/2459/2459 3150/2769/2769
f 1443/2766/2766 149/2768/2768 3151/2770/2770
f 1517/3045/3045 150/2622/2622 3151/2770/2770
f 1444/2771/2771 577/2466/2466 3152/2772/2772
f 1712/3436/3436 576/2629/2629 3152/2772/2772
f 1444/2771/2771 582/2775/2775 3153/2773/2773
f 1514/3037/3037 577/2466/2466 3153/2773/2773
f 1444/2771/2771 583/2631/2631 3154/2774/2774
f 1518/3046/3046 582/2775/2775 3154/2774/2774
f 1445/2776/2776 417/2779/2779 3155/2777/2777
f 1469/2879/2879 418/2649/2649 3155/2777/2777
f 1445/2776/2776 415/2781/2781 3156/2778/2778
f 1445/2776/2776 416/2554/2554 3157/2780/2780
f 1537/3112/3112 415/2781/2781 3157/2780/2780
f 1446/2782/2782 829/2786/2786 3158/2783/2783
f 1446/2782/2782 830/2655/2655 3159/2785/2785
f 1470/2883/2883 829/2786/2786 3159/2785/2785
f 1446/2782/2782 827/2784/2784 3160/2787/2787
f 1538/3114/3114 828/2563/2563 3160/2787/2787
f 1447/2788/2788 175/2116/2116 3161/2789/2789
f 1497/2987/2987 396/2596/2596 3161/2789/2789
f 1448/2790/2790 810/2601/2601 3162/2791/2791
f 1498/2988/2988 608/2123/2123 3162/2791/2791
f 1449/2792/2792 408/2795/2795 3163/2793/2793
f 1465/2869/2869 406/2635/2635 3163/2793/2793
f 1449/2792/2792 407/2797/2797 3164/2794/2794
f 1489/2955/2955 408/2795/2795 3164/2794/2794
f 1449/2792/2792 405/2701/2701 3165/2796/2796
f 1450/2798/2798 821/2802/2802 3166/2799/2799
f 1490/2960/2960 820/2800/2800 3166/2799/2799
f 1450/2798/2798 819/2642/2642 3167/2801/2801
f 1466/2871/2871 821/2802/2802 3167/2801/2801
f 1450/2798/2798 820/2800/2800 3168/2803/2803
f 1451/2804/2804 430/2807/2807 3169/2805/2805
f 1457/2836/2836 413/2647/2647 3169/2805/2805
f 1451/2804/2804 420/2809/2809 3170/2806/2806
f 1539/3116/3116 430/2807/2807 3170/2806/2806
f 1451/2804/2804 418/2649/2649 3171/2808/2808
f 1469/2879/2879 420/2809/2809 3171/2808/2808
f 1452/2810/2810 825/2652/2652 3172/2811/2811
f 1458/2839/2839 840/2812/2812 3172/2811/2811
f 1452/2810/2810 832/2815/2815 3173/2813/2813
f 1470/2883/2883 830/2655/2655 3173/2813/2813
f 1452/2810/2810 840/2812/2812 3174/2814/2814
f 1540/3120/3120 832/2815/2815 3174/2814/2814
f 1453/2816/2816 83/2819/2819 3175/2817/2817
f 1467/2873/2873 84/2279/2279 3175/2817/2817
f 1453/2816/2816 414/2821/2821 3176/2818/2818
f 1519/3047/3047 83/2819/2819 3176/2818/2818
f 1453/2816/2816 85/2281/2281 3177/2820/2820
f 1505/3009/3009 414/2821/2821 3177/2820/2820
f 1454/2822/2822 521/2284/2284 3178/2823/2823
f 1468/2877/2877 520/2824/2824 3178/2823/2823
f 1454/2822/2822 826/2827/2827 3179/2825/2825
f 1506/3012/3012 522/2289/2289 3179/2825/2825
f 1454/2822/2822 520/2824/2824 3180/2826/2826
f 1520/3053/3053 826/2827/2827 3180/2826/2826
f 1455/2828/2828 172/2514/2514 3181/2829/2829
f 1648/3372/3372 171/2426/2426 3181/2829/2829
f 1455/2828/2828 173/2536/2536 3182/2830/2830
f 1497/2987/2987 172/2514/2514 3182/2830/2830
f 1455/2828/2828 194/2423/2423 3183/2831/2831
f 1622/3346/3346 173/2536/2536 3183/2831/2831
f 1456/2832/2832 605/2519/2519 3184/2833/2833
f 1498/2988/2988 606/2540/2540 3184/2833/2833
f 1456/2832/2832 604/2432/2432 3185/2834/2834
f 1706/3430/3430 605/2519/2519 3185/2834/2834
f 1456/2832/2832 606/2540/2540 3186/2835/2835
f 1680/3404/3404 627/2430/2430 3186/2835/2835
f 1457/2836/2836 315/2452/2452 3187/2837/2837
f 1649/3373/3373 413/2647/2647 3187/2837/2837
f 1457/2836/2836 430/2807/2807 3188/2838/2838
f 1531/3099/3099 329/2579/2579 3188/2838/2838
f 1458/2839/2839 825/2652/2652 3189/2840/2840
f 1707/3431/3431 736/2456/2456 3189/2840/2840
f 1458/2839/2839 750/2583/2583 3190/2841/2841
f 1532/3101/3101 840/2812/2812 3190/2841/2841
f 1459/2842/2842 84/2279/2279 3191/2843/2843
f 1467/2873/2873 331/2844/2844 3191/2843/2843
f 1459/2842/2842 332/2847/2847 3192/2845/2845
f 1535/3109/3109 86/2277/2277 3192/2845/2845
f 1459/2842/2842 331/2844/2844 3193/2846/2846
f 1460/2848/2848 332/2847/2847 3193/2846/2846
f 1460/2848/2848 331/2844/2844 3194/2849/2849
f 1468/2877/2877 521/2284/2284 3194/2849/2849
f 1460/2848/2848 523/2286/2286 3195/2850/2850
f 1536/3111/3111 332/2847/2847 3195/2850/2850
f 1461/2851/2851 112/1902/1902 3196/2852/2852
f 1561/3210/3210 109/2853/2853 3196/2852/2852
f 1461/2851/2851 104/2856/2856 3197/2854/2854
f 1481/2931/2931 106/1851/1851 3197/2854/2854
f 1461/2851/2851 109/2853/2853 3198/2855/2855
f 1542/3132/3132 104/2856/2856 3198/2855/2855
f 1462/2857/2857 545/2860/2860 3199/2858/2858
f 1562/3212/3212 548/1906/1906 3199/2858/2858
f 1462/2857/2857 540/2862/2862 3200/2859/2859
f 1544/3144/3144 545/2860/2860 3200/2859/2859
f 1462/2857/2857 542/1858/1858 3201/2861/2861
f 1482/2933/2933 540/2862/2862 3201/2861/2861
f 1463/2863/2863 180/2734/2734 3202/2864/2864
f 1597/3304/3304 398/2516/2516 3202/2864/2864
f 1463/2863/2863 174/2324/2324 3203/2865/2865
f 1471/2887/2887 179/2732/2732 3203/2865/2865
f 1464/2866/2866 812/2522/2522 3204/2867/2867
f 1598/3305/3305 613/2739/2739 3204/2867/2867
f 1464/2866/2866 612/2741/2741 3205/2868/2868
f 1472/2888/2888 607/2327/2327 3205/2868/2868
f 1465/2869/2869 408/2795/2795 3206/2870/2870
f 1666/3390/3390 432/2587/2587 3206/2870/2870
f 1466/2871/2871 842/2591/2591 3207/2872/2872
f 1724/3448/3448 821/2802/2802 3207/2872/2872
f 1467/2873/2873 83/2819/2819 3208/2874/2874
f 1569/3241/3241 330/2875/2875 3208/2874/2874
f 1467/2873/2873 330/2875/2875 3209/2876/2876
f 1468/2877/2877 331/2844/2844 3209/2876/2876
f 1468/2877/2877 330/2875/2875 3210/2878/2878
f 1570/3245/3245 520/2824/2824 3210/2878/2878
f 1469/2879/2879 419/2882/2882 3211/2880/2880
f 1665/3389/3389 420/2809/2809 3211/2880/2880
f 1469/2879/2879 417/2779/2779 3212/2881/2881
f 1470/2883/2883 831/2886/2886 3213/2884/2884
f 1470/2883/2883 832/2815/2815 3214/2885/2885
f 1723/3447/3447 831/2886/2886 3214/2885/2885
f 1473/2889/2889 268/2892/2892 3215/2890/2890
f 1507/3015/3015 270/2500/2500 3215/2890/2890
f 1473/2889/2889 104/2856/2856 3216/2891/2891
f 1542/3132/3132 268/2892/2892 3216/2891/2891
f 1473/2889/2889 269/2347/2347 3217/2893/2893
f 1481/2931/2931 104/2856/2856 3217/2893/2893
f 1474/2894/2894 699/2503/2503 3218/2895/2895
f 1508/3019/3019 697/2896/2896 3218/2895/2895
f 1474/2894/2894 540/2862/2862 3219/2897/2897
f 1482/2933/2933 698/2360/2360 3219/2897/2897
f 1474/2894/2894 697/2896/2896 3220/2898/2898
f 1544/3144/3144 540/2862/2862 3220/2898/2898
f 1475/2899/2899 135/2691/2691 3221/2900/2900
f 1503/3001/3001 136/2901/2901 3221/2900/2900
f 1475/2899/2899 133/2606/2606 3222/2902/2902
f 1511/3031/3031 135/2691/2691 3222/2902/2902
f 1475/2899/2899 136/2901/2901 3223/2903/2903
f 1659/3383/3383 134/2604/2604 3223/2903/2903
f 1476/2904/2904 569/2697/2697 3224/2905/2905
f 1512/3033/3033 567/2615/2615 3224/2905/2905
f 1476/2904/2904 570/2908/2908 3225/2906/2906
f 1504/3005/3005 569/2697/2697 3225/2906/2906
f 1476/2904/2904 568/2617/2617 3226/2907/2907
f 1717/3441/3441 570/2908/2908 3226/2907/2907
f 1477/2909/2909 118/2671/2671 3227/2910/2910
f 1577/3267/3267 127/2911/2911 3227/2910/2910
f 1477/2909/2909 142/2666/2666 3228/2912/2912
f 1654/3378/3378 143/2624/2624 3228/2912/2912
f 1477/2909/2909 127/2911/2911 3229/2913/2913
f 1618/3342/3342 142/2666/2666 3229/2913/2913
f 1478/2914/2914 562/2917/2917 3230/2915/2915
f 1578/3269/3269 553/2684/2684 3230/2915/2915
f 1478/2914/2914 575/2677/2677 3231/2916/2916
f 1676/3400/3400 562/2917/2917 3231/2916/2916
f 1478/2914/2914 576/2629/2629 3232/2918/2918
f 1712/3436/3436 575/2677/2677 3232/2918/2918
f 1479/2919/2919 401/2922/2922 3233/2920/2920
f 1491/2965/2965 404/2637/2637 3233/2920/2920
f 1479/2919/2919 428/2924/2924 3234/2921/2921
f 1533/3103/3103 401/2922/2922 3234/2921/2921
f 1479/2919/2919 429/2485/2485 3235/2923/2923
f 1487/2949/2949 428/2924/2924 3235/2923/2923
f 1480/2925/2925 817/2640/2640 3236/2926/2926
f 1492/2969/2969 815/2927/2927 3236/2926/2926
f 1480/2925/2925 838/2930/2930 3237/2928/2928
f 1488/2952/2952 839/2492/2492 3237/2928/2928
f 1480/2925/2925 815/2927/2927 3238/2929/2929
f 1534/3107/3107 838/2930/2930 3238/2929/2929
f 1481/2931/2931 105/2349/2349 3239/2932/2932
f 1595/3302/3302 106/1851/1851 3239/2932/2932
f 1482/2933/2933 542/1858/1858 3240/2934/2934
f 1596/3303/3303 541/2358/2358 3240/2934/2934
f 1483/2935/2935 65/2217/2217 3241/2936/2936
f 1620/3344/3344 74/2400/2400 3241/2936/2936
f 1484/2937/2937 511/2406/2406 3242/2938/2938
f 1678/3402/3402 502/2227/2227 3242/2938/2938
f 1485/2939/2939 272/2943/2943 3243/2940/2940
f 1527/3084/3084 132/2941/2941 3243/2940/2940
f 1485/2939/2939 103/2544/2544 3244/2942/2942
f 1486/2945/2945 272/2943/2943 3244/2942/2942
f 1485/2939/2939 132/2941/2941 3245/2944/2944
f 1495/2979/2979 95/2238/2238 3245/2944/2944
f 1486/2945/2945 566/2948/2948 3246/2946/2946
f 1528/3087/3087 272/2943/2943 3246/2946/2946
f 1486/2945/2945 532/2248/2248 3247/2947/2947
f 1496/2983/2983 566/2948/2948 3247/2947/2947
f 1487/2949/2949 266/2721/2721 3248/2950/2950
f 1493/2973/2973 428/2924/2924 3248/2950/2950
f 1487/2949/2949 265/2390/2390 3249/2951/2951
f 1623/3347/3347 266/2721/2721 3249/2951/2951
f 1488/2952/2952 838/2930/2930 3250/2953/2953
f 1494/2977/2977 695/2726/2726 3250/2953/2953
f 1488/2952/2952 695/2726/2726 3251/2954/2954
f 1681/3405/3405 694/2393/2393 3251/2954/2954
f 1489/2955/2955 410/2753/2753 3252/2956/2956
f 1666/3390/3390 408/2795/2795 3252/2956/2956
f 1489/2955/2955 409/2959/2959 3253/2957/2957
f 1607/3329/3329 410/2753/2753 3253/2957/2957
f 1489/2955/2955 407/2797/2797 3254/2958/2958
f 1490/2960/2960 823/2759/2759 3255/2961/2961
f 1608/3331/3331 822/2962/2962 3255/2961/2961
f 1490/2960/2960 821/2802/2802 3256/2963/2963
f 1724/3448/3448 823/2759/2759 3256/2963/2963
f 1490/2960/2960 822/2962/2962 3257/2964/2964
f 1491/2965/2965 400/2968/2968 3258/2966/2966
f 1491/2965/2965 401/2922/2922 3259/2967/2967
f 1555/3190/3190 400/2968/2968 3259/2967/2967
f 1492/2969/2969 814/2972/2972 3260/2970/2970
f 1556/3194/3194 815/2927/2927 3260/2970/2970
f 1492/2969/2969 816/2709/2709 3261/2971/2971
f 1493/2973/2973 444/2976/2976 3262/2974/2974
f 1533/3103/3103 428/2924/2924 3262/2974/2974
f 1493/2973/2973 412/2723/2723 3263/2975/2975
f 1494/2977/2977 444/2976/2976 3263/2975/2975
f 1494/2977/2977 838/2930/2930 3264/2978/2978
f 1534/3107/3107 444/2976/2976 3264/2978/2978
f 1495/2979/2979 122/2982/2982 3265/2980/2980
f 1591/3297/3297 96/2241/2241 3265/2980/2980
f 1495/2979/2979 132/2941/2941 3266/2981/2981
f 1551/3178/3178 122/2982/2982 3266/2981/2981
f 1496/2983/2983 557/2986/2986 3267/2984/2984
f 1552/3181/3181 566/2948/2948 3267/2984/2984
f 1496/2983/2983 533/2250/2250 3268/2985/2985
f 1592/3298/3298 557/2986/2986 3268/2985/2985
f 1499/2989/2989 107/2351/2351 3269/2990/2990
f 1624/3348/3348 111/2258/2258 3269/2990/2990
f 1499/2989/2989 108/1854/1854 3270/2991/2991
f 1595/3302/3302 107/2351/2351 3270/2991/2991
f 1500/2992/2992 543/2356/2356 3271/2993/2993
f 1596/3303/3303 544/1860/1860 3271/2993/2993
f 1500/2992/2992 547/2262/2262 3272/2994/2994
f 1682/3406/3406 543/2356/2356 3272/2994/2994
f 1501/2995/2995 70/2750/2750 3273/2996/2996
f 1525/3082/3082 72/2333/2333 3273/2996/2996
f 1501/2995/2995 432/2587/2587 3274/2997/2997
f 1666/3390/3390 410/2753/2753 3274/2997/2997
f 1502/2998/2998 509/2341/2341 3275/2999/2999
f 1526/3083/3083 507/2757/2757 3275/2999/2999
f 1502/2998/2998 823/2759/2759 3276/3000/3000
f 1724/3448/3448 842/2591/2591 3276/3000/3000
f 1503/3001/3001 137/2688/2688 3277/3002/3002
f 1575/3259/3259 138/3003/3003 3277/3002/3002
f 1503/3001/3001 138/3003/3003 3278/3004/3004
f 1660/3384/3384 136/2901/2901 3278/3004/3004
f 1504/3005/3005 572/3008/3008 3279/3006/3006
f 1576/3263/3263 571/2695/2695 3279/3006/3006
f 1504/3005/3005 570/2908/2908 3280/3007/3007
f 1718/3442/3442 572/3008/3008 3280/3007/3007
f 1505/3009/3009 85/2281/2281 3281/3010/3010
f 1633/3357/3357 313/2366/2366 3281/3010/3010
f 1505/3009/3009 329/2579/2579 3282/3011/3011
f 1531/3099/3099 414/2821/2821 3282/3011/3011
f 1506/3012/3012 734/2369/2369 3283/3013/3013
f 1691/3415/3415 522/2289/2289 3283/3013/3013
f 1506/3012/3012 826/2827/2827 3284/3014/3014
f 1532/3101/3101 750/2583/2583 3284/3014/3014
f 1507/3015/3015 268/2892/2892 3285/3016/3016
f 1553/3184/3184 139/3017/3017 3285/3016/3016
f 1507/3015/3015 139/3017/3017 3286/3018/3018
f 1575/3259/3259 137/2688/2688 3286/3018/3018
f 1508/3019/3019 573/3022/3022 3287/3020/3020
f 1554/3187/3187 697/2896/2896 3287/3020/3020
f 1508/3019/3019 571/2695/2695 3288/3021/3021
f 1576/3263/3263 573/3022/3022 3288/3021/3021
f 1509/3023/3023 100/2435/2435 3289/3024/3024
f 1583/3279/3279 102/3025/3025 3289/3024/3024
f 1509/3023/3023 102/3025/3025 3290/3026/3026
f 1567/3235/3235 77/1707/1707 3290/3026/3026
f 1510/3027/3027 539/3030/3030 3291/3028/3028
f 1584/3281/3281 537/2444/2444 3291/3028/3028
f 1510/3027/3027 514/1712/1712 3292/3029/3029
f 1568/3238/3238 539/3030/3030 3292/3029/3029
f 1511/3031/3031 150/2622/2622 3293/3032/3032
f 1517/3045/3045 246/2498/2498 3293/3032/3032
f 1512/3033/3033 678/2505/2505 3294/3034/3034
f 1518/3046/3046 583/2631/2631 3294/3034/3034
f 1513/3035/3035 267/2353/2353 3295/3036/3036
f 1517/3045/3045 149/2768/2768 3295/3036/3036
f 1514/3037/3037 582/2775/2775 3296/3038/3038
f 1518/3046/3046 696/2362/2362 3296/3038/3038
f 1515/3039/3039 148/2266/2266 3297/3040/3040
f 1581/3277/3277 147/2472/2472 3297/3040/3040
f 1515/3039/3039 82/2398/2398 3298/3041/3041
f 1620/3344/3344 65/2217/2217 3298/3041/3041
f 1516/3042/3042 580/2476/2476 3299/3043/3043
f 1582/3278/3278 581/2271/2271 3299/3043/3043
f 1516/3042/3042 502/2227/2227 3300/3044/3044
f 1678/3402/3402 519/2403/2403 3300/3044/3044
f 1519/3047/3047 426/3050/3050 3301/3048/3048
f 1569/3241/3241 83/2819/2819 3301/3048/3048
f 1519/3047/3047 427/3052/3052 3302/3049/3049
f 1589/3291/3291 426/3050/3050 3302/3049/3049
f 1519/3047/3047 414/2821/2821 3303/3051/3051
f 1531/3099/3099 427/3052/3052 3303/3051/3051
f 1520/3053/3053 520/2824/2824 3304/3054/3054
f 1570/3245/3245 836/3055/3055 3304/3054/3054
f 1520/3053/3053 837/3058/3058 3305/3056/3056
f 1532/3101/3101 826/2827/2827 3305/3056/3056
f 1520/3053/3053 836/3055/3055 3306/3057/3057
f 1590/3294/3294 837/3058/3058 3306/3057/3057
f 1521/3059/3059 410/2753/2753 3307/3060/3060
f 1607/3329/3329 399/3061/3061 3307/3060/3060
f 1521/3059/3059 399/3061/3061 3308/3062/3062
f 1587/3287/3287 67/2375/2375 3308/3062/3062
f 1522/3063/3063 813/3066/3066 3309/3064/3064
f 1608/3331/3331 823/2759/2759 3309/3064/3064
f 1522/3063/3063 504/2378/2378 3310/3065/3065
f 1588/3289/3289 813/3066/3066 3310/3065/3065
f 1523/3067/3067 131/3071/3071 3311/3068/3068
f 1527/3084/3084 130/3069/3069 3311/3068/3068
f 1523/3067/3067 129/3073/3073 3312/3070/3070
f 1625/3349/3349 131/3071/3071 3312/3070/3070
f 1523/3067/3067 440/3075/3075 3313/3072/3072
f 1545/3148/3148 129/3073/3073 3313/3072/3072
f 1523/3067/3067 130/3069/3069 3314/3074/3074
f 1524/3076/3076 440/3075/3075 3314/3074/3074
f 1524/3076/3076 565/3080/3080 3315/3077/3077
f 1683/3407/3407 564/3078/3078 3315/3077/3077
f 1524/3076/3076 130/3069/3069 3316/3079/3079
f 1528/3087/3087 565/3080/3080 3316/3079/3079
f 1524/3076/3076 564/3078/3078 3317/3081/3081
f 1546/3154/3154 440/3075/3075 3317/3081/3081
f 1527/3084/3084 131/3071/3071 3318/3085/3085
f 1551/3178/3178 132/2941/2941 3318/3085/3085
f 1527/3084/3084 272/2943/2943 3319/3086/3086
f 1528/3087/3087 130/3069/3069 3319/3086/3086
f 1528/3087/3087 566/2948/2948 3320/3088/3088
f 1552/3181/3181 565/3080/3080 3320/3088/3088
f 1529/3089/3089 126/2528/2528 3321/3090/3090
f 1565/3227/3227 128/3091/3091 3321/3090/3090
f 1529/3089/3089 438/3094/3094 3322/3092/3092
f 1530/3095/3095 141/2526/2526 3322/3092/3092
f 1529/3089/3089 128/3091/3091 3323/3093/3093
f 1579/3271/3271 438/3094/3094 3323/3093/3093
f 1530/3095/3095 563/3098/3098 3324/3096/3096
f 1566/3231/3231 561/2531/2531 3324/3096/3096
f 1530/3095/3095 438/3094/3094 3325/3097/3097
f 1580/3275/3275 563/3098/3098 3325/3097/3097
f 1531/3099/3099 430/2807/2807 3326/3100/3100
f 1539/3116/3116 427/3052/3052 3326/3100/3100
f 1532/3101/3101 837/3058/3058 3327/3102/3102
f 1540/3120/3120 840/2812/2812 3327/3102/3102
f 1533/3103/3103 402/3106/3106 3328/3104/3104
f 1555/3190/3190 401/2922/2922 3328/3104/3104
f 1533/3103/3103 444/2976/2976 3329/3105/3105
f 1534/3107/3107 402/3106/3106 3329/3105/3105
f 1534/3107/3107 815/2927/2927 3330/3108/3108
f 1556/3194/3194 402/3106/3106 3330/3108/3108
f 1535/3109/3109 332/2847/2847 3331/3110/3110
f 1536/3111/3111 271/2744/2744 3331/3110/3110
f 1537/3112/3112 411/2556/2556 3332/3113/3113
f 1538/3114/3114 827/2784/2784 3333/3115/3115
f 1539/3116/3116 422/3119/3119 3334/3117/3117
f 1589/3291/3291 427/3052/3052 3334/3117/3117
f 1539/3116/3116 420/2809/2809 3335/3118/3118
f 1665/3389/3389 422/3119/3119 3335/3118/3118
f 1540/3120/3120 834/3123/3123 3336/3121/3121
f 1723/3447/3447 832/2815/2815 3336/3121/3121
f 1540/3120/3120 837/3058/3058 3337/3122/3122
f 1590/3294/3294 834/3123/3123 3337/3122/3122
f 1541/3124/3124 110/2569/2569 3338/3125/3125
f 1581/3277/3277 114/3126/3126 3338/3125/3125
f 1541/3124/3124 145/3129/3129 3339/3127/3127
f 1571/3247/3247 110/2569/2569 3339/3127/3127
f 1541/3124/3124 146/3131/3131 3340/3128/3128
f 1585/3283/3283 145/3129/3129 3340/3128/3128
f 1541/3124/3124 114/3126/3126 3341/3130/3130
f 1583/3279/3279 146/3131/3131 3341/3130/3130
f 1542/3132/3132 109/2853/2853 3342/3133/3133
f 1561/3210/3210 113/3134/3134 3342/3133/3133
f 1542/3132/3132 113/3134/3134 3343/3135/3135
f 1553/3184/3184 268/2892/2892 3343/3135/3135
f 1543/3136/3136 546/2575/2575 3344/3137/3137
f 1572/3248/3248 578/3138/3138 3344/3137/3137
f 1543/3136/3136 550/3141/3141 3345/3139/3139
f 1582/3278/3278 546/2575/2575 3345/3139/3139
f 1543/3136/3136 579/3143/3143 3346/3140/3140
f 1584/3281/3281 550/3141/3141 3346/3140/3140
f 1543/3136/3136 578/3138/3138 3347/3142/3142
f 1586/3285/3285 579/3143/3143 3347/3142/3142
f 1544/3144/3144 549/3147/3147 3348/3145/3145
f 1562/3212/3212 545/2860/2860 3348/3145/3145
f 1544/3144/3144 697/2896/2896 3349/3146/3146
f 1554/3187/3187 549/3147/3147 3349/3146/3146
f 1545/3148/3148 117/3151/3151 3350/3149/3149
f 1617/3341/3341 129/3073/3073 3350/3149/3149
f 1545/3148/3148 388/3153/3153 3351/3150/3150
f 1593/3299/3299 117/3151/3151 3351/3150/3150
f 1545/3148/3148 440/3075/3075 3352/3152/3152
f 1546/3154/3154 388/3153/3153 3352/3152/3152
f 1546/3154/3154 552/3157/3157 3353/3155/3155
f 1594/3301/3301 388/3153/3153 3353/3155/3155
f 1546/3154/3154 564/3078/3078 3354/3156/3156
f 1675/3399/3399 552/3157/3157 3354/3156/3156
f 1547/3158/3158 97/3161/3161 3355/3159/3159
f 1605/3323/3323 94/2068/2068 3355/3159/3159
f 1547/3158/3158 134/2604/2604 3356/3160/3160
f 1659/3383/3383 97/3161/3161 3356/3160/3160
f 1547/3158/3158 96/2241/2241 3357/3162/3162
f 1591/3297/3297 134/2604/2604 3357/3162/3162
f 1548/3163/3163 531/2075/2075 3358/3164/3164
f 1606/3326/3326 534/3165/3165 3358/3164/3164
f 1548/3163/3163 568/2617/2617 3359/3166/3166
f 1592/3298/3298 533/2250/2250 3359/3166/3166
f 1548/3163/3163 534/3165/3165 3360/3167/3167
f 1717/3441/3441 568/2617/2617 3360/3167/3167
f 1549/3168/3168 120/2608/2608 3361/3169/3169
f 1557/3196/3196 121/3170/3170 3361/3169/3169
f 1549/3168/3168 129/3073/3073 3362/3171/3171
f 1617/3341/3341 119/2673/2673 3362/3171/3171
f 1549/3168/3168 121/3170/3170 3363/3172/3172
f 1625/3349/3349 129/3073/3073 3363/3172/3172
f 1550/3173/3173 556/3176/3176 3364/3174/3174
f 1558/3198/3198 555/2613/2613 3364/3174/3174
f 1550/3173/3173 564/3078/3078 3365/3175/3175
f 1683/3407/3407 556/3176/3176 3365/3175/3175
f 1550/3173/3173 554/2682/2682 3366/3177/3177
f 1675/3399/3399 564/3078/3078 3366/3177/3177
f 1551/3178/3178 121/3170/3170 3367/3179/3179
f 1557/3196/3196 122/2982/2982 3367/3179/3179
f 1551/3178/3178 131/3071/3071 3368/3180/3180
f 1625/3349/3349 121/3170/3170 3368/3180/3180
f 1552/3181/3181 556/3176/3176 3369/3182/3182
f 1683/3407/3407 565/3080/3080 3369/3182/3182
f 1552/3181/3181 557/2986/2986 3370/3183/3183
f 1558/3198/3198 556/3176/3176 3370/3183/3183
f 1553/3184/3184 113/3134/3134 3371/3185/3185
f 1571/3247/3247 145/3129/3129 3371/3185/3185
f 1553/3184/3184 145/3129/3129 3372/3186/3186
f 1585/3283/3283 139/3017/3017 3372/3186/3186
f 1554/3187/3187 578/3138/3138 3373/3188/3188
f 1572/3248/3248 549/3147/3147 3373/3188/3188
f 1554/3187/3187 573/3022/3022 3374/3189/3189
f 1586/3285/3285 578/3138/3138 3374/3189/3189
f 1555/3190/3190 443/3193/3193 3375/3191/3191
f 1555/3190/3190 402/3106/3106 3376/3192/3192
f 1556/3194/3194 443/3193/3193 3376/3192/3192
f 1556/3194/3194 814/2972/2972 3377/3195/3195
f 1557/3196/3196 123/2610/2610 3378/3197/3197
f 1591/3297/3297 122/2982/2982 3378/3197/3197
f 1558/3198/3198 557/2986/2986 3379/3199/3199
f 1592/3298/3298 558/2619/2619 3379/3199/3199
f 1559/3200/3200 422/3119/3119 3380/3201/3201
f 1665/3389/3389 419/2882/2882 3380/3201/3201
f 1559/3200/3200 421/3204/3204 3381/3202/3202
f 1650/3374/3374 422/3119/3119 3381/3202/3202
f 1559/3200/3200 419/2882/2882 3382/3203/3203
f 1560/3205/3205 833/3208/3208 3383/3206/3206
f 1560/3205/3205 834/3123/3123 3384/3207/3207
f 1708/3432/3432 833/3208/3208 3384/3207/3207
f 1560/3205/3205 831/2886/2886 3385/3209/3209
f 1723/3447/3447 834/3123/3123 3385/3209/3209
f 1561/3210/3210 80/2567/2567 3386/3211/3211
f 1571/3247/3247 113/3134/3134 3386/3211/3211
f 1562/3212/3212 549/3147/3147 3387/3213/3213
f 1572/3248/3248 517/2572/2572 3387/3213/3213
f 1563/3214/3214 424/3218/3218 3388/3215/3215
f 1564/3222/3222 425/3216/3216 3388/3215/3215
f 1563/3214/3214 421/3204/3204 3389/3217/3217
f 1563/3214/3214 423/3221/3221 3390/3219/3219
f 1650/3374/3374 421/3204/3204 3390/3219/3219
f 1563/3214/3214 425/3216/3216 3391/3220/3220
f 1601/3310/3310 423/3221/3221 3391/3220/3220
f 1564/3222/3222 424/3218/3218 3392/3223/3223
f 1564/3222/3222 835/3226/3226 3393/3224/3224
f 1602/3312/3312 425/3216/3216 3393/3224/3224
f 1564/3222/3222 833/3208/3208 3394/3225/3225
f 1708/3432/3432 835/3226/3226 3394/3225/3225
f 1565/3227/3227 127/2911/2911 3395/3228/3228
f 1577/3267/3267 128/3091/3091 3395/3228/3228
f 1565/3227/3227 125/2664/2664 3396/3229/3229
f 1618/3342/3342 127/2911/2911 3396/3229/3229
f 1565/3227/3227 126/2528/2528 3397/3230/3230
f 1616/3340/3340 125/2664/2664 3397/3230/3230
f 1566/3231/3231 562/2917/2917 3398/3232/3232
f 1676/3400/3400 560/2679/2679 3398/3232/3232
f 1566/3231/3231 563/3098/3098 3399/3233/3233
f 1578/3269/3269 562/2917/2917 3399/3233/3233
f 1566/3231/3231 560/2679/2679 3400/3234/3234
f 1674/3398/3398 561/2531/2531 3400/3234/3234
f 1567/3235/3235 114/3126/3126 3401/3236/3236
f 1581/3277/3277 148/2266/2266 3401/3236/3236
f 1567/3235/3235 102/3025/3025 3402/3237/3237
f 1583/3279/3279 114/3126/3126 3402/3237/3237
f 1568/3238/3238 550/3141/3141 3403/3239/3239
f 1584/3281/3281 539/3030/3030 3403/3239/3239
f 1568/3238/3238 581/2271/2271 3404/3240/3240
f 1582/3278/3278 550/3141/3141 3404/3240/3240
f 1569/3241/3241 433/3244/3244 3405/3242/3242
f 1570/3245/3245 330/2875/2875 3405/3242/3242
f 1569/3241/3241 426/3050/3050 3406/3243/3243
f 1601/3310/3310 433/3244/3244 3406/3243/3243
f 1570/3245/3245 433/3244/3244 3407/3246/3246
f 1602/3312/3312 836/3055/3055 3407/3246/3246
f 1573/3249/3249 116/3252/3252 3408/3250/3250
f 1577/3267/3267 118/2671/2671 3408/3250/3250
f 1573/3249/3249 117/3151/3151 3409/3251/3251
f 1593/3299/3299 116/3252/3252 3409/3251/3251
f 1573/3249/3249 119/2673/2673 3410/3253/3253
f 1617/3341/3341 117/3151/3151 3410/3253/3253
f 1574/3254/3254 553/2684/2684 3411/3255/3255
f 1578/3269/3269 551/3256/3256 3411/3255/3255
f 1574/3254/3254 552/3157/3157 3412/3257/3257
f 1675/3399/3399 554/2682/2682 3412/3257/3257
f 1574/3254/3254 551/3256/3256 3413/3258/3258
f 1594/3301/3301 552/3157/3157 3413/3258/3258
f 1575/3259/3259 139/3017/3017 3414/3260/3260
f 1585/3283/3283 140/3261/3261 3414/3260/3260
f 1575/3259/3259 140/3261/3261 3415/3262/3262
f 1626/3350/3350 138/3003/3003 3415/3262/3262
f 1576/3263/3263 574/3266/3266 3416/3264/3264
f 1586/3285/3285 573/3022/3022 3416/3264/3264
f 1576/3263/3263 572/3008/3008 3417/3265/3265
f 1684/3408/3408 574/3266/3266 3417/3265/3265
f 1577/3267/3267 116/3252/3252 3418/3268/3268
f 1579/3271/3271 128/3091/3091 3418/3268/3268
f 1578/3269/3269 563/3098/3098 3419/3270/3270
f 1580/3275/3275 551/3256/3256 3419/3270/3270
f 1579/3271/3271 116/3252/3252 3420/3272/3272
f 1593/3299/3299 115/3273/3273 3420/3272/3272
f 1579/3271/3271 115/3273/3273 3421/3274/3274
f 1580/3275/3275 438/3094/3094 3421/3274/3274
f 1580/3275/3275 115/3273/3273 3422/3276/3276
f 1594/3301/3301 551/3256/3256 3422/3276/3276
f 1583/3279/3279 100/2435/2435 3423/3280/3280
f 1599/3306/3306 146/3131/3131 3423/3280/3280
f 1584/3281/3281 579/3143/3143 3424/3282/3282
f 1600/3308/3308 537/2444/2444 3424/3282/3282
f 1585/3283/3283 146/3131/3131 3425/3284/3284
f 1599/3306/3306 140/3261/3261 3425/3284/3284
f 1586/3285/3285 574/3266/3266 3426/3286/3286
f 1600/3308/3308 579/3143/3143 3426/3286/3286
f 1587/3287/3287 399/3061/3061 3427/3288/3288
f 1588/3289/3289 824/2561/2561 3428/3290/3290
f 1589/3291/3291 423/3221/3221 3429/3292/3292
f 1601/3310/3310 426/3050/3050 3429/3292/3292
f 1589/3291/3291 422/3119/3119 3430/3293/3293
f 1650/3374/3374 423/3221/3221 3430/3293/3293
f 1590/3294/3294 835/3226/3226 3431/3295/3295
f 1708/3432/3432 834/3123/3123 3431/3295/3295
f 1590/3294/3294 836/3055/3055 3432/3296/3296
f 1602/3312/3312 835/3226/3226 3432/3296/3296
f 1593/3299/3299 388/3153/3153 3433/3300/3300
f 1594/3301/3301 115/3273/3273 3433/3300/3300
f 1599/3306/3306 99/2437/2437 3434/3307/3307
f 1626/3350/3350 140/3261/3261 3434/3307/3307
f 1600/3308/3308 574/3266/3266 3435/3309/3309
f 1684/3408/3408 536/2442/2442 3435/3309/3309
f 1601/3310/3310 425/3216/3216 3436/3311/3311
f 1602/3312/3312 433/3244/3244 3436/3311/3311
f 1603/3313/3313 94/2068/2068 3437/3314/3314
f 1605/3323/3323 98/3315/3315 3437/3314/3314
f 1603/3313/3313 138/3003/3003 3438/3316/3316
f 1626/3350/3350 99/2437/2437 3438/3316/3316
f 1603/3313/3313 98/3315/3315 3439/3317/3317
f 1660/3384/3384 138/3003/3003 3439/3317/3317
f 1604/3318/3318 535/3321/3321 3440/3319/3319
f 1606/3326/3326 531/2075/2075 3440/3319/3319
f 1604/3318/3318 572/3008/3008 3441/3320/3320
f 1718/3442/3442 535/3321/3321 3441/3320/3320
f 1604/3318/3318 536/2442/2442 3442/3322/3322
f 1684/3408/3408 572/3008/3008 3442/3322/3322
f 1605/3323/3323 136/2901/2901 3443/3324/3324
f 1660/3384/3384 98/3315/3315 3443/3324/3324
f 1605/3323/3323 97/3161/3161 3444/3325/3325
f 1659/3383/3383 136/2901/2901 3444/3325/3325
f 1606/3326/3326 570/2908/2908 3445/3327/3327
f 1717/3441/3441 534/3165/3165 3445/3327/3327
f 1606/3326/3326 535/3321/3321 3446/3328/3328
f 1718/3442/3442 570/2908/2908 3446/3328/3328
f 1607/3329/3329 409/2959/2959 3447/3330/3330
f 1608/3331/3331 813/3066/3066 3448/3332/3332
f 3652/3449/3449 3581/3450/3450 3583/3451/3451
f 3458/3452/3452 3465/3453/3453 3457/3454/3454
f 3462/3455/3455 3597/3456/3456 3461/3457/3457
f 3466/3458/3458 3471/3459/3459 3470/3460/3460
f 3470/3460/3460 3473/3461/3461 3472/3462/3462
f 3472/3462/3462 3475/3463/3463 3474/3464/3464
f 3474/3464/3464 3477/3465/3465 3476/3466/3466
f 3478/3467/3467 3477/3465/3465 3479/3468/3468
f 3480/3469/3469 3483/3470/3470 3482/3471/3471
f 3482/3471/3471 3485/3472/3472 3484/3473/3473
f 3484/3473/3473 3487/3474/3474 3486/3475/3475
f 3486/3475/3475 3489/3476/3476 3488/3477/3477
f 3490/3478/3478 3489/3476/3476 3491/3479/3479
f 3461/3457/3457 3598/3480/3480 3460/3481/3481
f 3671/3482/3482 3497/3483/3483 3670/3484/3484
f 3498/3485/3485 3501/3486/3486 3497/3483/3483
f 3506/3487/3487 3501/3486/3486 3502/3488/3488
f 3511/3489/3489 3505/3490/3490 3506/3487/3487
f 3523/3491/3491 3510/3492/3492 3515/3493/3493
f 3516/3494/3494 3517/3495/3495 3522/3496/3496
f 3516/3494/3494 3509/3497/3497 3511/3489/3489
f 3522/3496/3496 3514/3498/3498 3516/3494/3494
f 3517/3495/3495 3515/3493/3493 3521/3499/3499
f 3511/3489/3489 3523/3491/3491 3516/3494/3494
f 3717/3500/3500 3513/3501/3501 3510/3492/3492
f 3520/3502/3502 3518/3503/3503 3514/3498/3498
f 3488/3477/3477 3495/3504/3504 3494/3505/3505
f 3488/3477/3477 3493/3506/3506 3486/3475/3475
f 3505/3490/3490 3503/3507/3507 3501/3486/3486
f 3463/3508/3508 3596/3509/3509 3462/3455/3455
f 3470/3460/3460 3481/3510/3510 3466/3458/3458
f 3472/3462/3462 3483/3470/3470 3470/3460/3460
f 3474/3464/3464 3485/3472/3472 3472/3462/3462
f 3476/3466/3466 3487/3474/3474 3474/3464/3464
f 3476/3466/3466 3491/3479/3479 3489/3476/3476
f 3471/3459/3459 3528/3511/3511 3473/3461/3461
f 3530/3512/3512 3479/3468/3468 3477/3465/3465
f 3529/3513/3513 3477/3465/3465 3475/3463/3463
f 3528/3511/3511 3475/3463/3463 3473/3461/3461
f 3532/3514/3514 3528/3511/3511 3527/3515/3515
f 3533/3516/3516 3529/3513/3513 3528/3511/3511
f 3534/3517/3517 3530/3512/3512 3529/3513/3513
f 3535/3518/3518 3531/3519/3519 3530/3512/3512
f 3537/3520/3520 3533/3516/3516 3532/3514/3514
f 3538/3521/3521 3534/3517/3517 3533/3516/3516
f 3539/3522/3522 3535/3518/3518 3534/3517/3517
f 3540/3523/3523 3536/3524/3524 3535/3518/3518
f 3542/3525/3525 3538/3521/3521 3537/3520/3520
f 3543/3526/3526 3539/3522/3522 3538/3521/3521
f 3544/3527/3527 3540/3523/3523 3539/3522/3522
f 3545/3528/3528 3541/3529/3529 3540/3523/3523
f 3547/3530/3530 3543/3526/3526 3542/3525/3525
f 3548/3531/3531 3544/3527/3527 3543/3526/3526
f 3549/3532/3532 3545/3528/3528 3544/3527/3527
f 3550/3533/3533 3546/3534/3534 3545/3528/3528
f 3552/3535/3535 3548/3531/3531 3547/3530/3530
f 3553/3536/3536 3549/3532/3532 3548/3531/3531
f 3554/3537/3537 3550/3533/3533 3549/3532/3532
f 3555/3538/3538 3551/3539/3539 3550/3533/3533
f 3557/3540/3540 3699/3541/3541 3698/3542/3542
f 3699/3541/3541 3559/3543/3543 3711/3544/3544
f 3559/3543/3543 3710/3545/3545 3711/3544/3544
f 3710/3545/3545 3561/3546/3546 3712/3547/3547
f 3649/3548/3548 3769/3549/3549 3728/3550/3550
f 3769/3549/3549 3701/3551/3551 3728/3550/3550
f 3647/3552/3552 3564/3553/3553 3648/3554/3554
f 3688/3555/3555 3566/3556/3556 3645/3557/3557
f 3648/3554/3554 3565/3558/3558 3649/3548/3548
f 3645/3557/3557 3567/3559/3559 3646/3560/3560
f 3656/3561/3561 3659/3562/3562 3668/3563/3563
f 3624/3564/3564 3618/3565/3565 3617/3566/3566
f 3655/3567/3567 3583/3451/3451 3580/3568/3568
f 3656/3561/3561 3580/3568/3568 3658/3569/3569
f 3625/3570/3570 3619/3571/3571 3618/3565/3565
f 3469/3572/3572 3527/3515/3515 3471/3459/3459
f 3532/3514/3514 3588/3573/3573 3589/3574/3574
f 3532/3514/3514 3590/3575/3575 3537/3520/3520
f 3537/3520/3520 3591/3576/3576 3542/3525/3525
f 3542/3525/3525 3592/3577/3577 3547/3530/3530
f 3547/3530/3530 3593/3578/3578 3552/3535/3535
f 3598/3480/3480 3599/3579/3579 3460/3481/3481
f 3509/3497/3497 3507/3580/3580 3505/3490/3490
f 3512/3581/3581 3514/3498/3498 3518/3503/3503
f 3601/3582/3582 3604/3583/3583 3602/3584/3584
f 3594/3585/3585 3602/3584/3584 3604/3583/3583
f 3500/3586/3586 3606/3587/3587 3605/3588/3588
f 3718/3589/3589 3510/3492/3492 3526/3590/3590
f 3506/3487/3487 3526/3590/3590 3511/3489/3489
f 3519/3591/3591 3521/3499/3499 3515/3493/3493
f 3510/3492/3492 3519/3591/3591 3515/3493/3493
f 3605/3588/3588 3607/3592/3592 3608/3593/3593
f 3674/3594/3594 3602/3584/3584 3675/3595/3595
f 3676/3596/3596 3605/3588/3588 3675/3595/3595
f 3609/3597/3597 3713/3598/3598 3714/3599/3599
f 3494/3505/3505 3610/3600/3600 3493/3506/3506
f 3494/3505/3505 3612/3601/3601 3611/3602/3602
f 3680/3603/3603 3480/3469/3469 3492/3604/3604
f 3678/3605/3605 3469/3572/3572 3466/3458/3458
f 3680/3603/3603 3609/3597/3597 3681/3606/3606
f 3678/3605/3605 3460/3481/3481 3599/3579/3579
f 3682/3607/3607 3481/3510/3510 3480/3469/3469
f 3588/3573/3573 3677/3608/3608 3673/3609/3609
f 3563/3610/3610 3688/3555/3555 3644/3611/3611
f 3568/3612/3612 3644/3611/3611 3576/3613/3613
f 3744/3614/3614 3562/3615/3615 3743/3616/3616
f 3768/3617/3617 3650/3618/3618 3701/3551/3551
f 3646/3560/3560 3765/3619/3619 3647/3552/3552
f 3600/3620/3620 3569/3621/3621 3599/3579/3579
f 3775/3622/3622 3641/3623/3623 3640/3624/3624
f 3683/3625/3625 3588/3573/3573 3673/3609/3609
f 3762/3626/3626 3615/3627/3627 3703/3628/3628
f 3723/3629/3629 3943/3630/3630 3944/3631/3631
f 3621/3632/3632 3944/3631/3631 3945/3633/3633
f 3760/3634/3634 3592/3577/3577 3759/3635/3635
f 3759/3635/3635 3591/3576/3576 3758/3636/3636
f 3757/3637/3637 3591/3576/3576 3590/3575/3575
f 3764/3638/3638 3590/3575/3575 3589/3574/3574
f 3552/3535/3535 3722/3639/3639 3719/3640/3640
f 3632/3641/3641 3626/3642/3642 3625/3570/3570
f 3706/3643/3643 3629/3644/3644 3707/3645/3645
f 3631/3646/3646 3625/3570/3570 3624/3564/3564
f 3634/3647/3647 3628/3648/3648 3627/3649/3649
f 3686/3650/3650 3624/3564/3564 3685/3651/3651
f 3633/3652/3652 3627/3649/3649 3626/3642/3642
f 3687/3653/3653 3782/3654/3654 3789/3655/3655
f 3640/3624/3624 3784/3656/3656 3785/3657/3657
f 3639/3658/3658 3785/3657/3657 3786/3659/3659
f 3790/3660/3660 3643/3661/3661 3787/3662/3662
f 3638/3663/3663 3786/3659/3659 3782/3654/3654
f 3641/3623/3623 3788/3664/3664 3784/3656/3656
f 3772/3665/3665 3649/3548/3548 3771/3666/3666
f 3688/3555/3555 3773/3667/3667 3778/3668/3668
f 3775/3622/3622 3648/3554/3554 3772/3665/3665
f 3776/3669/3669 3647/3552/3552 3775/3622/3622
f 3701/3551/3551 3777/3670/3670 3779/3671/3671
f 3773/3667/3667 3646/3560/3560 3776/3669/3669
f 3709/3672/3672 3584/3673/3673 3704/3674/3674
f 3653/3675/3675 3651/3676/3676 3652/3449/3449
f 3452/3677/3677 3661/3678/3678 3657/3679/3679
f 3654/3680/3680 3455/3681/3681 3453/3682/3682
f 3453/3682/3682 3657/3679/3679 3654/3680/3680
f 3729/3683/3683 3651/3676/3676 3731/3684/3684
f 3626/3642/3642 3620/3685/3685 3619/3571/3571
f 3627/3649/3649 3621/3632/3632 3620/3685/3685
f 3450/3686/3686 3662/3687/3687 3661/3678/3678
f 3654/3680/3680 3946/3688/3688 3949/3689/3689
f 3949/3689/3689 3456/3690/3690 3654/3680/3680
f 3628/3648/3648 3723/3629/3629 3621/3632/3632
f 3669/3691/3691 3656/3561/3561 3668/3563/3563
f 3666/3692/3692 3655/3567/3567 3656/3561/3561
f 3657/3679/3679 3947/3693/3693 3946/3688/3688
f 3467/3694/3694 3670/3484/3484 3465/3453/3453
f 3727/3695/3695 3708/3696/3696 3723/3629/3629
f 3608/3593/3593 3675/3595/3595 3605/3588/3588
f 3464/3697/3697 3675/3595/3595 3602/3584/3584
f 3462/3455/3455 3682/3607/3607 3680/3603/3603
f 3599/3579/3579 3677/3608/3608 3678/3605/3605
f 3462/3455/3455 3681/3606/3606 3463/3508/3508
f 3466/3458/3458 3679/3698/3698 3678/3605/3605
f 3461/3457/3457 3679/3698/3698 3682/3607/3607
f 3587/3699/3699 3677/3608/3608 3459/3700/3700
f 3614/3701/3701 3673/3609/3609 3587/3699/3699
f 3756/3702/3702 3589/3574/3574 3683/3625/3625
f 3630/3703/3703 3685/3651/3651 3623/3704/3704
f 3637/3705/3705 3789/3655/3655 3783/3706/3706
f 3644/3611/3611 3778/3668/3668 3774/3707/3707
f 3691/3708/3708 3667/3709/3709 3666/3692/3692
f 3666/3692/3692 3692/3710/3710 3691/3708/3708
f 3707/3645/3645 3622/3711/3711 3708/3696/3696
f 3690/3712/3712 3653/3675/3675 3667/3709/3709
f 3954/3713/3713 3696/3714/3714 3952/3715/3715
f 3711/3544/3544 3730/3716/3716 3724/3717/3717
f 3582/3718/3718 3704/3674/3674 3584/3673/3673
f 3956/3719/3719 3616/3720/3720 3684/3721/3721
f 3721/3722/3722 3697/3723/3723 3733/3724/3724
f 3695/3725/3725 3664/3726/3726 3696/3714/3714
f 3726/3727/3727 3707/3645/3645 3727/3695/3695
f 3586/3728/3728 3693/3729/3729 3697/3723/3723
f 3732/3730/3730 3711/3544/3544 3724/3717/3717
f 3728/3550/3550 3779/3671/3671 3780/3731/3731
f 3667/3709/3709 3652/3449/3449 3655/3567/3567
f 3694/3732/3732 3709/3672/3672 3700/3733/3733
f 3698/3542/3542 3732/3730/3730 3719/3640/3640
f 3725/3734/3734 3790/3660/3660 3791/3735/3735
f 3698/3542/3542 3615/3627/3627 3557/3540/3540
f 3710/3545/3545 3720/3736/3736 3730/3716/3716
f 3721/3722/3722 3704/3674/3674 3731/3684/3684
f 3953/3737/3737 3693/3729/3729 3947/3693/3693
f 3603/3738/3738 3467/3694/3694 3458/3452/3452
f 3671/3482/3482 3601/3582/3582 3674/3594/3594
f 3674/3594/3594 3498/3485/3485 3671/3482/3482
f 3502/3488/3488 3608/3593/3593 3607/3592/3592
f 3497/3483/3483 3503/3507/3507 3499/3739/3739
f 3670/3484/3484 3499/3739/3739 3672/3740/3740
f 3672/3740/3740 3465/3453/3453 3670/3484/3484
f 3496/3741/3741 3457/3454/3454 3465/3453/3453
f 3714/3599/3599 3715/3742/3742 3716/3743/3743
f 3482/3471/3471 3492/3604/3604 3480/3469/3469
f 3484/3473/3473 3713/3598/3598 3482/3471/3471
f 3606/3587/3587 3508/3744/3744 3717/3500/3500
f 3607/3592/3592 3717/3500/3500 3718/3589/3589
f 3502/3488/3488 3718/3589/3589 3506/3487/3487
f 3716/3743/3743 3493/3506/3506 3610/3600/3600
f 3486/3475/3475 3715/3742/3742 3484/3473/3473
f 3623/3704/3704 3579/3745/3745 3630/3703/3703
f 3577/3746/3746 3783/3706/3706 3781/3747/3747
f 3778/3668/3668 3638/3663/3663 3687/3653/3653
f 3665/3748/3748 3449/3749/3749 3663/3750/3750
f 3663/3750/3750 3662/3687/3687 3451/3751/3751
f 3719/3640/3640 3703/3628/3628 3698/3542/3542
f 3705/3752/3752 3731/3684/3684 3704/3674/3674
f 3724/3717/3717 3555/3538/3538 3554/3537/3537
f 3709/3672/3672 3733/3724/3724 3700/3733/3733
f 3635/3753/3753 3727/3695/3695 3628/3648/3648
f 3732/3730/3730 3554/3537/3537 3553/3536/3536
f 3649/3548/3548 3780/3731/3731 3771/3666/3666
f 3719/3640/3640 3553/3536/3536 3552/3535/3535
f 3642/3754/3754 3791/3735/3735 3788/3664/3664
f 3730/3716/3716 3556/3755/3755 3555/3538/3538
f 3586/3728/3728 3731/3684/3684 3651/3676/3676
f 3954/3713/3713 3733/3724/3724 3958/3756/3756
f 3733/3724/3724 3953/3737/3737 3958/3756/3756
f 3569/3621/3621 3459/3700/3700 3599/3579/3579
f 3734/3757/3757 3611/3602/3602 3612/3601/3601
f 3736/3758/3758 3611/3602/3602 3735/3759/3759
f 3737/3760/3760 3610/3600/3600 3736/3758/3758
f 3738/3761/3761 3716/3743/3743 3737/3760/3760
f 3739/3762/3762 3714/3599/3599 3738/3761/3761
f 3740/3763/3763 3500/3586/3586 3676/3596/3596
f 3740/3763/3763 3463/3508/3508 3681/3606/3606
f 3742/3764/3764 3464/3697/3697 3594/3585/3585
f 3525/3765/3765 3735/3759/3759 3734/3757/3757
f 3513/3501/3501 3735/3759/3759 3519/3591/3591
f 3508/3744/3744 3736/3758/3758 3513/3501/3501
f 3504/3766/3766 3737/3760/3760 3508/3744/3744
f 3504/3766/3766 3739/3762/3762 3738/3761/3761
f 3681/3606/3606 3739/3762/3762 3740/3763/3763
f 3676/3596/3596 3741/3767/3767 3740/3763/3763
f 3595/3768/3768 3741/3767/3767 3742/3764/3764
f 3572/3769/3769 3743/3616/3616 3569/3621/3621
f 3943/3630/3630 3745/3770/3770 3746/3771/3771
f 3747/3772/3772 3762/3626/3626 3761/3773/3773
f 3748/3774/3774 3761/3773/3773 3760/3634/3634
f 3948/3775/3775 3748/3774/3774 3749/3776/3776
f 3951/3777/3777 3749/3776/3776 3750/3778/3778
f 3955/3779/3779 3750/3778/3778 3751/3780/3780
f 3959/3781/3781 3751/3780/3780 3752/3782/3782
f 3956/3719/3719 3752/3782/3782 3753/3783/3783
f 3756/3702/3702 3754/3784/3784 3753/3783/3783
f 3748/3774/3774 3759/3635/3635 3749/3776/3776
f 3746/3771/3771 3763/3785/3785 3762/3626/3626
f 3752/3782/3782 3757/3637/3637 3764/3638/3638
f 3753/3783/3783 3764/3638/3638 3756/3702/3702
f 3722/3639/3639 3762/3626/3626 3703/3628/3628
f 3749/3776/3776 3758/3636/3636 3750/3778/3778
f 3751/3780/3780 3758/3636/3636 3757/3637/3637
f 3593/3578/3578 3761/3773/3773 3722/3639/3639
f 3683/3625/3625 3755/3786/3786 3756/3702/3702
f 3772/3665/3665 3642/3754/3754 3641/3623/3623
f 3639/3658/3658 3775/3622/3622 3640/3624/3624
f 3702/3787/3787 3777/3670/3670 3643/3661/3661
f 3773/3667/3667 3639/3658/3658 3638/3663/3663
f 3774/3707/3707 3687/3653/3653 3637/3705/3705
f 3780/3731/3731 3702/3787/3787 3725/3734/3734
f 3771/3666/3666 3725/3734/3734 3642/3754/3754
f 3576/3613/3613 3774/3707/3707 3770/3788/3788
f 3637/3705/3705 3770/3788/3788 3774/3707/3707
f 3685/3651/3651 3617/3566/3566 3684/3721/3721
f 3623/3704/3704 3684/3721/3721 3616/3720/3720
f 3950/3789/3789 3792/3790/3790 3456/3690/3690
f 3795/3791/3791 3669/3691/3691 3794/3792/3792
f 3793/3793/3793 3669/3691/3691 3668/3563/3563
f 3793/3793/3793 3798/3794/3794 3794/3792/3792
f 3961/3795/3795 3792/3790/3790 3960/3796/3796
f 3795/3791/3791 3798/3794/3794 3799/3797/3797
f 3801/3798/3798 3798/3794/3794 3797/3799/3799
f 3962/3800/3800 3796/3801/3801 3961/3795/3795
f 3799/3797/3797 3802/3802/3802 3803/3803/3803
f 3755/3786/3786 3807/3804/3804 3754/3784/3784
f 3957/3805/3805 3806/3806/3806 3616/3720/3720
f 3587/3699/3699 3805/3807/3807 3614/3701/3701
f 3808/3808/3808 3614/3701/3701 3805/3807/3807
f 3459/3700/3700 3804/3809/3809 3587/3699/3699
f 3578/3810/3810 3616/3720/3720 3806/3806/3806
f 3573/3811/3811 3796/3801/3801 3800/3812/3812
f 3792/3790/3790 3574/3813/3813 3454/3814/3814
f 3801/3798/3798 3660/3815/3815 3575/3816/3816
f 3668/3563/3563 3689/3817/3817 3793/3793/3793
f 3689/3817/3817 3797/3799/3799 3793/3793/3793
f 3454/3814/3814 3456/3690/3690 3792/3790/3790
f 3570/3818/3818 3800/3812/3812 3809/3819/3819
f 3571/3820/3820 3809/3819/3819 3562/3615/3615
f 3568/3612/3612 4146/3821/3821 4156/3822/3822
f 3579/3745/3745 4147/3823/3823 4145/3824/3824
f 3743/3616/3616 4148/3825/3825 4157/3826/3826
f 4128/3827/3827 3820/3828/3828 4127/3829/3829
f 3613/3830/3830 4150/3831/3831 4159/3832/3832
f 4160/3833/3833 3805/3807/3807 4151/3834/3834
f 3822/3835/3835 4133/3836/3836 4134/3837/3837
f 3830/3838/3838 4135/3839/3839 4132/3840/3840
f 3803/3803/3803 4153/3841/3841 4163/3842/3842
f 3562/3615/3615 4161/3843/3843 4148/3825/3825
f 4140/3844/3844 3823/3845/3845 4139/3846/3846
f 3818/3847/3847 4141/3848/3848 4130/3849/3849
f 3823/3845/3845 4136/3850/3850 4139/3846/3846
f 3578/3810/3810 4155/3851/3851 4147/3823/3823
f 3826/3852/3852 4131/3853/3853 4141/3848/3848
f 3964/3854/3854 4134/3837/3837 4143/3855/3855
f 4138/3856/3856 3815/3857/3857 4128/3827/3827
f 3576/3613/3613 4158/3858/3858 4146/3821/3821
f 3819/3859/3859 4129/3860/3860 4126/3861/3861
f 3965/3862/3862 4142/3863/3863 4144/3864/3864
f 3825/3865/3865 3846/3866/3866 3847/3867/3867
f 3818/3847/3847 3834/3868/3868 3840/3869/3869
f 3810/3870/3870 3853/3871/3871 3832/3872/3872
f 3852/3873/3873 3829/3874/3874 3830/3838/3838
f 3845/3875/3875 3824/3876/3876 3823/3845/3845
f 3841/3877/3877 3810/3870/3870 3832/3872/3872
f 3821/3878/3878 3837/3879/3879 3815/3857/3857
f 3818/3847/3847 3848/3880/3880 3826/3852/3852
f 3966/3881/3881 3822/3835/3835 3964/3854/3854
f 3836/3882/3882 3820/3828/3828 3842/3883/3883
f 3839/3884/3884 3816/3885/3885 3838/3886/3886
f 3816/3885/3885 3850/3887/3887 3838/3886/3886
f 3848/3880/3880 3827/3888/3888 3826/3852/3852
f 3815/3857/3857 3842/3883/3883 3820/3828/3828
f 3819/3859/3859 3834/3868/3868 3812/3889/3889
f 3835/3890/3890 3823/3845/3845 3813/3891/3891
f 3967/3892/3892 3828/3893/3893 3965/3862/3862
f 3811/3894/3894 3836/3882/3882 3833/3895/3895
f 3844/3896/3896 3831/3897/3897 3822/3835/3835
f 3830/3838/3838 3849/3898/3898 3852/3873/3873
f 3857/3899/3899 3845/3875/3875 3835/3890/3890
f 3967/3892/3892 3872/3900/3900 3850/3887/3887
f 3833/3895/3895 3858/3901/3901 3855/3902/3902
f 3866/3903/3903 3853/3871/3871 3844/3896/3896
f 3852/3873/3873 3871/3904/3904 3874/3905/3905
f 3847/3867/3867 3868/3906/3906 3869/3907/3907
f 3862/3908/3908 3834/3868/3868 3856/3909/3909
f 3832/3872/3872 3875/3910/3910 3854/3911/3911
f 3874/3905/3905 3851/3912/3912 3852/3873/3873
f 3867/3913/3913 3846/3866/3866 3845/3875/3875
f 3863/3914/3914 3832/3872/3872 3854/3911/3911
f 3843/3915/3915 3859/3916/3916 3837/3879/3879
f 3840/3869/3869 3870/3917/3917 3848/3880/3880
f 3968/3918/3918 3844/3896/3896 3966/3881/3881
f 3836/3882/3882 3864/3919/3919 3858/3901/3901
f 3861/3920/3920 3838/3886/3886 3860/3921/3921
f 3860/3921/3921 3850/3887/3887 3872/3900/3900
f 3870/3917/3917 3849/3898/3898 3848/3880/3880
f 3837/3879/3879 3864/3919/3919 3842/3883/3883
f 3841/3877/3877 3856/3909/3909 3834/3868/3868
f 3970/3922/3922 4059/3923/3923 4036/3924/3924
f 3892/3925/3925 4056/3926/3926 4065/3927/3927
f 4064/3928/3928 3886/3929/3929 4012/3930/3930
f 4071/3931/3931 3878/3932/3932 4053/3933/3933
f 4070/3934/3934 3889/3935/3935 4052/3936/3936
f 3971/3937/3937 4066/3938/3938 4035/3939/3939
f 3888/3940/3940 4008/3941/3941 4059/3923/3923
f 3896/3942/3942 4069/3943/3943 4007/3944/3944
f 3889/3935/3935 4068/3945/3945 4052/3936/3936
f 4051/3946/3946 3881/3947/3947 4064/3928/3928
f 4015/3948/3948 3892/3925/3925 4065/3927/3927
f 4107/3949/3949 3897/3950/3950 4097/3951/3951
f 4110/3952/3952 3876/3953/3953 4107/3949/3949
f 4114/3954/3954 3886/3929/3929 4103/3955/3955
f 4115/3956/3956 3882/3957/3957 4104/3958/3958
f 3882/3957/3957 4105/3959/3959 4104/3958/3958
f 3877/3960/3960 4114/3954/3954 4118/3961/3961
f 3896/3942/3942 4116/3962/3962 4098/3963/3963
f 3891/3964/3964 4109/3965/3965 4102/3966/3966
f 4101/3967/3967 3878/3932/3932 4117/3968/3968
f 4038/3969/3969 3929/3970/3970 3937/3971/3971
f 3920/3972/3972 3933/3973/3973 3923/3974/3974
f 3941/3975/3975 4019/3976/3976 4006/3977/3977
f 4038/3969/3969 3975/3978/3978 4048/3979/3979
f 3922/3980/3980 4027/3981/3981 3921/3982/3982
f 3934/3983/3983 4043/3984/3984 3940/3985/3985
f 4042/3986/3986 3927/3987/3987 4028/3988/3988
f 4017/3989/3989 3928/3990/3990 3929/3970/3970
f 4043/3984/3984 3935/3991/3991 3940/3985/3985
f 4037/3992/3992 3977/3993/3993 4022/3994/3994
f 4039/3995/3995 3939/3996/3996 4042/3986/3986
f 3974/3997/3997 4010/3998/3998 3932/3999/3999
f 3921/3982/3982 3927/3987/3987 3922/3980/3980
f 3939/3996/3996 3916/4000/4000 3927/3987/3987
f 3938/4001/4001 3904/4002/4002 3939/3996/3996
f 3902/4003/4003 3935/3991/3991 3941/3975/3975
f 3923/3974/3974 3910/4004/4004 3972/4005/4005
f 3972/4005/4005 3930/4006/4006 3923/3974/3974
f 3906/4007/4007 3929/3970/3970 3914/4008/4008
f 3909/4009/4009 3940/3985/3985 3903/4010/4010
f 3936/4011/4011 3898/4012/4012 3977/3993/3993
f 3932/3999/3999 3912/4013/4013 3911/4014/4014
f 3918/4015/4015 3926/4016/4016 3917/4017/4017
f 3898/4012/4012 3924/4018/4018 3977/3993/3993
f 3937/3971/3971 3900/4019/4019 3975/3978/3978
f 3913/4020/4020 3931/4021/4021 3930/4006/4006
f 3925/4022/4022 3915/4023/4023 3928/3990/3990
f 3933/3973/3973 3919/4024/4024 3910/4004/4004
f 3899/4025/4025 3941/3975/3975 3976/4026/4026
f 3973/4027/4027 3927/3987/3987 3916/4000/4000
f 3901/4028/4028 3932/3999/3999 3911/4014/4014
f 4070/3934/3934 3867/3913/3913 3857/3899/3899
f 4052/3936/3936 3868/3906/3906 3867/3913/3913
f 3869/3907/3907 4068/3945/3945 4013/4029/4029
f 3968/3918/3918 4013/4029/4029 4036/3924/3924
f 4036/3924/3924 3866/3903/3903 3968/3918/3918
f 4059/3923/3923 3875/3910/3910 3866/3903/3903
f 3875/3910/3910 4014/4030/4030 3854/3911/3911
f 3944/3631/3631 3746/3771/3771 3747/3772/3772
f 3945/3633/3633 3747/3772/3772 3748/3774/3774
f 3949/3689/3689 3690/3712/3712 3691/3708/3708
f 3691/3708/3708 3950/3789/3789 3949/3689/3689
f 3946/3688/3688 3693/3729/3729 3690/3712/3712
f 3700/3733/3733 3952/3715/3715 3694/3732/3732
f 3753/3783/3783 3957/3805/3805 3956/3719/3719
f 3662/3687/3687 3947/3693/3693 3661/3678/3678
f 3695/3725/3725 3958/3756/3756 3449/3749/3749
f 3449/3749/3749 3953/3737/3737 3662/3687/3687
f 3708/3696/3696 3942/4031/4031 3943/3630/3630
f 3620/3685/3685 3945/3633/3633 3948/3775/3775
f 3619/3571/3571 3948/3775/3775 3951/3777/3777
f 3618/3565/3565 3951/3777/3777 3955/3779/3779
f 3617/3566/3566 3955/3779/3779 3959/3781/3781
f 3684/3721/3721 3959/3781/3781 3956/3719/3719
f 3692/3710/3710 3960/3796/3796 3950/3789/3789
f 3799/3797/3797 3960/3796/3796 3795/3791/3791
f 3803/3803/3803 3961/3795/3795 3799/3797/3797
f 3754/3784/3784 3963/4032/4032 3957/3805/3805
f 3825/3865/3865 4143/3855/3855 4137/4033/4033
f 3829/3874/3874 4144/3864/3864 4135/3839/3839
f 3847/3867/3867 3964/3854/3854 3825/3865/3865
f 3851/3912/3912 3965/3862/3862 3829/3874/3874
f 3873/4034/4034 3967/3892/3892 3851/3912/3912
f 3869/3907/3907 3966/3881/3881 3847/3867/3867
f 3891/3964/3964 4036/3924/3924 4013/4029/4029
f 3895/4035/4035 4035/3939/3939 4069/3943/3943
f 3907/4036/4036 3975/3978/3978 3900/4019/4019
f 3903/4010/4010 3935/3991/3991 3908/4037/4037
f 3929/3970/3970 3915/4023/4023 3914/4008/4008
f 3922/3980/3980 3917/4017/4017 3926/4016/4016
f 3854/3911/3911 4071/3931/3931 3863/3914/3914
f 4053/3933/3933 3863/3914/3914 4071/3931/3931
f 4098/3963/3963 3981/4038/4038 4108/4039/4039
f 3984/4040/4040 4109/3965/3965 4099/4041/4041
f 4100/4042/4042 3986/4043/4043 4111/4044/4044
f 3989/4045/4045 4112/4046/4046 4101/3967/3967
f 4000/4047/4047 4113/4048/4048 4119/4049/4049
f 3988/4050/4050 4116/3962/3962 4112/4046/4046
f 4111/4044/4044 3992/4051/4051 4103/3955/3955
f 4110/3952/3952 3998/4052/4052 4117/3968/3968
f 3978/4053/4053 4099/4041/4041 4106/4054/4054
f 4001/4055/4055 4105/3959/3959 4120/4056/4056
f 3990/4057/4057 4097/3951/3951 4113/4048/4048
f 3991/4058/4058 4119/4049/4049 4102/3966/3966
f 4108/4039/4039 4001/4055/4055 4120/4056/4056
f 3884/4059/4059 4053/3933/3933 3878/3932/3932
f 3856/3909/3909 4015/3948/3948 3862/3908/3908
f 4065/3927/3927 3862/3908/3908 4015/3948/3948
f 4065/3927/3927 3871/3904/3904 3870/3917/3917
f 3874/3905/3905 4056/3926/3926 4007/3944/3944
f 4007/3944/3944 3873/4034/4034 3874/3905/3905
f 4067/4060/4060 3894/4061/4061 3882/3957/3957
f 3969/4062/4062 4069/3943/3943 4035/3939/3939
f 4010/3998/3998 3931/4021/4021 3932/3999/3999
f 3977/3993/3993 4025/4063/4063 4022/3994/3994
f 4007/3944/3944 3893/4064/4064 3896/3942/3942
f 4021/4065/4065 3941/3975/3975 4006/3977/3977
f 3885/4066/4066 4014/4030/4030 3876/3953/3953
f 3883/4067/4067 4067/4060/4060 3882/3957/3957
f 4066/3938/3938 3969/4062/4062 4035/3939/3939
f 3880/4068/4068 4012/3930/3930 3886/3929/3929
f 3872/3900/3900 4067/4060/4060 3860/3921/3921
f 4013/4029/4029 3890/4069/4069 3891/3964/3964
f 3876/3953/3953 4008/3941/3941 3897/3950/3950
f 3860/3921/3921 4057/4070/4070 3861/3920/3920
f 4009/4071/4071 3880/4068/4068 3877/3960/3960
f 4064/3928/3928 3865/4072/4072 4051/3946/3946
f 4012/3930/3930 3859/3916/3916 4064/3928/3928
f 3864/3919/3919 4058/4073/4073 3858/3901/3901
f 3858/3901/3901 4009/4071/4071 3855/3902/3902
f 4026/4074/4074 3926/4016/4016 3925/4022/4022
f 3923/3974/3974 4029/4075/4075 3920/3972/3972
f 3930/4006/4006 4030/4076/4076 4029/4075/4075
f 3936/4011/4011 4048/3979/3979 3975/3978/3978
f 4029/4075/4075 4005/4077/4077 4004/4078/4078
f 4011/4079/4079 3924/4018/4018 3933/3973/3973
f 3920/3972/3972 4004/4078/4078 4045/4080/4080
f 4045/4080/4080 4011/4079/4079 3920/3972/3972
f 4061/4081/4081 4025/4063/4063 4011/4079/4079
f 4022/3994/3994 4003/4082/4082 4050/4083/4083
f 4037/3992/3992 4050/4083/4083 4040/4084/4084
f 4040/4084/4084 4048/3979/3979 4037/3992/3992
f 4038/3969/3969 4063/4085/4085 4041/4086/4086
f 4041/4086/4086 4017/3989/3989 4038/3969/3969
f 4034/4087/4087 4016/4088/4088 4017/3989/3989
f 4026/4074/4074 4033/4089/4089 4002/4090/4090
f 3925/4022/4022 4016/4088/4088 4026/4074/4074
f 4002/4090/4090 4027/3981/3981 4026/4074/4074
f 3921/3982/3982 4055/4091/4091 4046/4092/4092
f 4046/4092/4092 4028/3988/3988 3921/3982/3982
f 4042/3986/3986 4054/4093/4093 4023/4094/4094
f 4039/3995/3995 4023/4094/4094 4020/4095/4095
f 4024/4096/4096 4018/4097/4097 4031/4098/4098
f 4032/4099/4099 4043/3984/3984 4024/4096/4096
f 4006/3977/3977 4032/4099/4099 4044/4100/4100
f 4006/3977/3977 4049/4101/4101 4021/4065/4065
f 4062/4102/4102 4010/3998/3998 4047/4103/4103
f 4060/4104/4104 4030/4076/4076 4010/3998/3998
f 4093/4105/4105 4054/4093/4093 4046/4092/4092
f 4087/4106/4106 4005/4077/4077 4060/4104/4104
f 3899/4025/4025 3978/4053/4053 3999/4107/4107
f 4081/4108/4108 4046/4092/4092 4055/4091/4091
f 4081/4108/4108 4002/4090/4090 4082/4109/4109
f 3899/4025/4025 3974/3997/3997 3901/4028/4028
f 4085/4110/4110 4073/4111/4111 4086/4112/4112
f 4089/4113/4113 4074/4114/4114 4072/4115/4115
f 4047/4103/4103 4049/4101/4101 4062/4102/4102
f 4077/4116/4116 4073/4111/4111 4075/4117/4117
f 4088/4118/4118 4075/4117/4117 4076/4119/4119
f 4063/4085/4085 4076/4119/4119 4084/4120/4120
f 4073/4111/4111 4083/4121/4121 4075/4117/4117
f 3976/4026/4026 4047/4103/4103 3974/3997/3997
f 4074/4114/4114 4090/4122/4122 4073/4111/4111
f 4090/4122/4122 4095/4123/4123 4083/4121/4121
f 4072/4115/4115 4085/4110/4110 4087/4106/4106
f 4005/4077/4077 4086/4112/4112 4004/4078/4078
f 4045/4080/4080 4086/4112/4112 4077/4116/4116
f 4061/4081/4081 4077/4116/4116 4088/4118/4118
f 4079/4124/4124 4094/4125/4125 4093/4105/4105
f 4080/4126/4126 4091/4127/4127 4089/4113/4113
f 4076/4119/4119 4083/4121/4121 4084/4120/4120
f 4044/4100/4100 4087/4106/4106 4049/4101/4101
f 4032/4099/4099 4072/4115/4115 4044/4100/4100
f 4090/4122/4122 4078/4128/4128 4079/4124/4124
f 4088/4118/4118 4003/4082/4082 4061/4081/4081
f 4020/4095/4095 4092/4129/4129 4031/4098/4098
f 4089/4113/4113 4024/4096/4096 4080/4126/4126
f 4092/4129/4129 4078/4128/4128 4080/4126/4126
f 4083/4121/4121 4096/4130/4130 4084/4120/4120
f 4023/4094/4094 4094/4125/4125 4092/4129/4129
f 4095/4123/4123 4082/4109/4109 4096/4130/4130
f 4079/4124/4124 4081/4108/4108 4095/4123/4123
f 4041/4086/4086 4084/4120/4120 4096/4130/4130
f 4076/4119/4119 4050/4083/4083 4088/4118/4118
f 4033/4089/4089 4082/4109/4109 4002/4090/4090
f 4034/4087/4087 4096/4130/4130 4082/4109/4109
f 3980/4131/4131 4097/3951/3951 3979/4132/4132
f 3985/4133/4133 4107/3949/3949 3980/4131/4131
f 3993/4134/4134 4103/3955/3955 3992/4051/4051
f 4115/3956/3956 3994/4135/4135 3995/4136/4136
f 4104/3958/3958 3996/4137/4137 3994/4135/4135
f 4118/3961/3961 3993/4134/4134 3999/4107/4107
f 4098/3963/3963 3997/4138/4138 3982/4139/4139
f 4102/3966/3966 3983/4140/4140 3991/4058/4058
f 3989/4045/4045 4117/3968/3968 3998/4052/4052
f 4098/3963/3963 3895/4035/4035 3896/3942/3942
f 3889/3935/3935 4109/3965/3965 3890/4069/4069
f 3887/4141/4141 4111/4044/4044 3881/3947/3947
f 4101/3967/3967 3892/3925/3925 3884/4059/4059
f 4119/4049/4049 3888/3940/3940 3970/3922/3922
f 4112/4046/4046 3893/4064/4064 3892/3925/3925
f 3881/3947/3947 4103/3955/3955 3886/3929/3929
f 3885/4066/4066 4117/3968/3968 3878/3932/3932
f 3879/4142/4142 4099/4041/4041 3889/3935/3935
f 4120/4056/4056 3894/4061/4061 3971/3937/3937
f 4113/4048/4048 3897/3950/3950 3888/3940/3940
f 4102/3966/3966 3970/3922/3922 3891/3964/3964
f 4108/4039/4039 3971/3937/3937 3895/4035/4035
f 3991/4058/4058 3912/4013/4013 3913/4020/4020
f 4000/4047/4047 3913/4020/4020 3972/4005/4005
f 3972/4005/4005 3990/4057/4057 4000/4047/4047
f 3910/4004/4004 3979/4132/4132 3990/4057/4057
f 3980/4131/4131 3919/4024/4024 3898/4012/4012
f 3980/4131/4131 3907/4036/4036 3985/4133/4133
f 3900/4019/4019 3985/4133/4133 3907/4036/4036
f 3998/4052/4052 3906/4007/4007 3989/4045/4045
f 3914/4008/4008 3989/4045/4045 3906/4007/4007
f 3914/4008/4008 3997/4138/4138 3988/4050/4050
f 3982/4139/4139 3915/4023/4023 3918/4015/4015
f 3917/4017/4017 3982/4139/4139 3918/4015/4015
f 3981/4038/4038 3973/4027/4027 4001/4055/4055
f 3916/4000/4000 4001/4055/4055 3973/4027/4027
f 3994/4135/4135 3916/4000/4000 3904/4002/4002
f 3995/4136/4136 3904/4002/4002 3905/4143/4143
f 3903/4010/4010 3987/4144/4144 3909/4009/4009
f 3908/4037/4037 3986/4043/4043 3903/4010/4010
f 3992/4051/4051 3902/4003/4003 3993/4134/4134
f 3999/4107/4107 3902/4003/4003 3899/4025/4025
f 3901/4028/4028 3984/4040/4040 3978/4053/4053
f 3911/4014/4014 3983/4140/4140 3984/4040/4040
f 3811/3894/3894 4122/4145/4145 3814/4146/4146
f 4121/4147/4147 3816/3885/3885 3817/4148/4148
f 3819/3859/3859 4125/4149/4149 3810/3870/3870
f 4128/3827/3827 4158/3858/3858 4149/4150/4150
f 4130/3849/3849 3812/3889/3889 3818/3847/3847
f 4132/3840/3840 3827/3888/3888 3830/3838/3838
f 4009/4071/4071 3857/3899/3899 3855/3902/3902
f 4134/3837/3837 4161/3843/3843 4152/4151/4151
f 4132/3840/3840 4162/4152/4152 4160/3833/3833
f 4137/4033/4033 3824/3876/3876 3825/3865/3865
f 4125/4149/4149 3831/3897/3897 3810/3870/3870
f 4140/3844/3844 4165/4153/4153 4154/4154/4154
f 4130/3849/3849 4166/4155/4155 4159/3832/3832
f 4139/3846/3846 4153/3841/3841 4165/4153/4153
f 3877/3960/3960 4070/3934/3934 4009/4071/4071
f 4124/4156/4156 3828/3893/3893 3816/3885/3885
f 4166/4155/4155 4131/3853/3853 4151/3834/3834
f 4143/3855/3855 4152/4151/4151 4167/4157/4157
f 4138/3856/3856 4149/4150/4150 4164/4158/4158
f 3814/4146/4146 4127/3829/3829 3820/3828/3828
f 4126/3861/3861 4150/3831/3831 4157/3826/3826
f 4144/3864/3864 4155/3851/3851 4168/4159/4159
f 4137/4033/4033 4167/4157/4157 4163/3842/3842
f 4135/3839/3839 4168/4159/4159 4162/4152/4152
f 4123/4160/4160 4146/3821/3821 4122/4145/4145
f 4145/3824/3824 4124/4156/4156 4121/4147/4147
f 4157/3826/3826 4125/4149/4149 4126/3861/3861
f 4159/3832/3832 4129/3860/3860 4130/3849/3849
f 4132/3840/3840 4151/3834/3834 4131/3853/3853
f 4163/3842/3842 4136/3850/3850 4137/4033/4033
f 4148/3825/3825 4133/3836/3836 4125/4149/4149
f 4147/3823/3823 4142/3863/3863 4124/4156/4156
f 4146/3821/3821 4127/3829/3829 4122/4145/4145
f 4031/4098/4098 4039/3995/3995 4020/4095/4095
f 4149/4150/4150 3770/3788/3788 3577/3746/3746
f 3879/4142/4142 4118/3961/3961 4106/4054/4054
f 4152/4151/4151 3809/3819/3819 3800/3812/3812
f 3808/3808/3808 4162/4152/4152 3807/3804/3804
f 3575/3816/3816 4165/4153/4153 3801/3798/3798
f 3613/3830/3830 4166/4155/4155 3804/3809/3809
f 4165/4153/4153 3802/3802/3802 3801/3798/3798
f 4106/4054/4054 3999/4107/4107 3978/4053/4053
f 3804/3809/3809 4151/3834/3834 3805/3807/3807
f 4167/4157/4157 3800/3812/3812 3962/3800/3800
f 4164/4158/4158 3577/3746/3746 3781/3747/3747
f 4157/3826/3826 3569/3621/3621 3743/3616/3616
f 3963/4032/4032 4155/3851/3851 3806/3806/3806
f 4163/3842/3842 3962/3800/3800 3803/3803/3803
f 4162/4152/4152 3963/4032/4032 3807/3804/3804
f 4080/4126/4126 4031/4098/4098 4092/4129/4129
f 4049/4101/4101 4060/4104/4104 4062/4102/4102
f 3938/4001/4001 4018/4097/4097 3934/3983/3983
f 3905/4143/4143 3934/3983/3983 3909/4009/4009
f 3909/4009/4009 3995/4136/4136 3905/4143/4143
f 4115/3956/3956 3987/4144/4144 4100/4042/4042
f 4100/4042/4042 3883/4067/4067 4115/3956/3956
f 4057/4070/4070 3887/4141/4141 4051/3946/3946
f 3861/3920/3920 4051/3946/3946 3865/4072/4072
f 3839/3884/3884 3865/4072/4072 3843/3915/3915
f 3843/3915/3915 3817/4148/4148 3839/3884/3884
f 3817/4148/4148 4138/3856/3856 4121/4147/4147
f 4121/4147/4147 4164/4158/4158 4145/3824/3824
f 3781/3747/3747 4145/3824/3824 4164/4158/4158
f 3781/3747/3747 3630/3703/3703 3579/3745/3745
f 3686/3650/3650 3783/3706/3706 3789/3655/3655
f 3789/3655/3655 3631/3646/3646 3686/3650/3650
f 3782/3654/3654 3632/3641/3641 3631/3646/3646
f 3835/3890/3890 3855/3902/3902 3857/3899/3899
f 3833/3895/3895 3813/3891/3891 3811/3894/3894
f 4123/4160/4160 3813/3891/3891 4140/3844/3844
f 4123/4160/4160 4154/4154/4154 4156/3822/3822
f 4154/4154/4154 3568/3612/3612 4156/3822/3822
f 3563/3610/3610 3575/3816/3816 3660/3815/3815
f 3767/4161/4161 3660/3815/3815 3689/3817/3817
f 3767/4161/4161 3659/3562/3562 3566/3556/3556
f 3566/3556/3556 3658/3569/3569 3567/3559/3559
f 3567/3559/3559 3580/3568/3568 3765/3619/3619
f 3765/3619/3619 3583/3451/3451 3564/3553/3553
f 3564/3553/3553 3581/3450/3450 3565/3558/3558
f 3769/3549/3549 3581/3450/3450 3729/3683/3683
f 3768/3617/3617 3729/3683/3683 3705/3752/3752
f 3766/4162/4162 3705/3752/3752 3582/3718/3718
f 3786/3659/3659 3633/3652/3652 3632/3641/3641
f 3785/3657/3657 3634/3647/3647 3633/3652/3652
f 3784/3656/3656 3635/3753/3753 3634/3647/3647
f 3726/3727/3727 3788/3664/3664 3791/3735/3735
f 3790/3660/3660 3726/3727/3727 3791/3735/3735
f 3787/3662/3662 3706/3643/3643 3790/3660/3660
f 3652/3449/3449 3651/3676/3676 3581/3450/3450
f 3458/3452/3452 3467/3694/3694 3465/3453/3453
f 3462/3455/3455 3596/3509/3509 3597/3456/3456
f 3466/3458/3458 3469/3572/3572 3471/3459/3459
f 3470/3460/3460 3471/3459/3459 3473/3461/3461
f 3472/3462/3462 3473/3461/3461 3475/3463/3463
f 3474/3464/3464 3475/3463/3463 3477/3465/3465
f 3478/3467/3467 3476/3466/3466 3477/3465/3465
f 3480/3469/3469 3481/3510/3510 3483/3470/3470
f 3482/3471/3471 3483/3470/3470 3485/3472/3472
f 3484/3473/3473 3485/3472/3472 3487/3474/3474
f 3486/3475/3475 3487/3474/3474 3489/3476/3476
f 3490/3478/3478 3488/3477/3477 3489/3476/3476
f 3461/3457/3457 3597/3456/3456 3598/3480/3480
f 3671/3482/3482 3498/3485/3485 3497/3483/3483
f 3498/3485/3485 3502/3488/3488 3501/3486/3486
f 3506/3487/3487 3505/3490/3490 3501/3486/3486
f 3511/3489/3489 3509/3497/3497 3505/3490/3490
f 3523/3491/3491 3526/3590/3590 3510/3492/3492
f 3516/3494/3494 3523/3491/3491 3517/3495/3495
f 3516/3494/3494 3514/3498/3498 3509/3497/3497
f 3522/3496/3496 3520/3502/3502 3514/3498/3498
f 3517/3495/3495 3523/3491/3491 3515/3493/3493
f 3511/3489/3489 3526/3590/3590 3523/3491/3491
f 3717/3500/3500 3508/3744/3744 3513/3501/3501
f 3520/3502/3502 3524/4163/4163 3518/3503/3503
f 3488/3477/3477 3490/3478/3478 3495/3504/3504
f 3488/3477/3477 3494/3505/3505 3493/3506/3506
f 3505/3490/3490 3507/3580/3580 3503/3507/3507
f 3463/3508/3508 3595/3768/3768 3596/3509/3509
f 3470/3460/3460 3483/3470/3470 3481/3510/3510
f 3472/3462/3462 3485/3472/3472 3483/3470/3470
f 3474/3464/3464 3487/3474/3474 3485/3472/3472
f 3476/3466/3466 3489/3476/3476 3487/3474/3474
f 3476/3466/3466 3478/3467/3467 3491/3479/3479
f 3471/3459/3459 3527/3515/3515 3528/3511/3511
f 3530/3512/3512 3531/3519/3519 3479/3468/3468
f 3529/3513/3513 3530/3512/3512 3477/3465/3465
f 3528/3511/3511 3529/3513/3513 3475/3463/3463
f 3532/3514/3514 3533/3516/3516 3528/3511/3511
f 3533/3516/3516 3534/3517/3517 3529/3513/3513
f 3534/3517/3517 3535/3518/3518 3530/3512/3512
f 3535/3518/3518 3536/3524/3524 3531/3519/3519
f 3537/3520/3520 3538/3521/3521 3533/3516/3516
f 3538/3521/3521 3539/3522/3522 3534/3517/3517
f 3539/3522/3522 3540/3523/3523 3535/3518/3518
f 3540/3523/3523 3541/3529/3529 3536/3524/3524
f 3542/3525/3525 3543/3526/3526 3538/3521/3521
f 3543/3526/3526 3544/3527/3527 3539/3522/3522
f 3544/3527/3527 3545/3528/3528 3540/3523/3523
f 3545/3528/3528 3546/3534/3534 3541/3529/3529
f 3547/3530/3530 3548/3531/3531 3543/3526/3526
f 3548/3531/3531 3549/3532/3532 3544/3527/3527
f 3549/3532/3532 3550/3533/3533 3545/3528/3528
f 3550/3533/3533 3551/3539/3539 3546/3534/3534
f 3552/3535/3535 3553/3536/3536 3548/3531/3531
f 3553/3536/3536 3554/3537/3537 3549/3532/3532
f 3554/3537/3537 3555/3538/3538 3550/3533/3533
f 3555/3538/3538 3556/3755/3755 3551/3539/3539
f 3557/3540/3540 3558/4164/4164 3699/3541/3541
f 3699/3541/3541 3558/4164/4164 3559/3543/3543
f 3559/3543/3543 3560/4165/4165 3710/3545/3545
f 3710/3545/3545 3560/4165/4165 3561/3546/3546
f 3649/3548/3548 3565/3558/3558 3769/3549/3549
f 3769/3549/3549 3768/3617/3617 3701/3551/3551
f 3647/3552/3552 3765/3619/3619 3564/3553/3553
f 3688/3555/3555 3767/4161/4161 3566/3556/3556
f 3648/3554/3554 3564/3553/3553 3565/3558/3558
f 3645/3557/3557 3566/3556/3556 3567/3559/3559
f 3656/3561/3561 3658/3569/3569 3659/3562/3562
f 3624/3564/3564 3625/3570/3570 3618/3565/3565
f 3655/3567/3567 3652/3449/3449 3583/3451/3451
f 3656/3561/3561 3655/3567/3567 3580/3568/3568
f 3625/3570/3570 3626/3642/3642 3619/3571/3571
f 3469/3572/3572 3588/3573/3573 3527/3515/3515
f 3532/3514/3514 3527/3515/3515 3588/3573/3573
f 3532/3514/3514 3589/3574/3574 3590/3575/3575
f 3537/3520/3520 3590/3575/3575 3591/3576/3576
f 3542/3525/3525 3591/3576/3576 3592/3577/3577
f 3547/3530/3530 3592/3577/3577 3593/3578/3578
f 3598/3480/3480 3600/3620/3620 3599/3579/3579
f 3509/3497/3497 3512/3581/3581 3507/3580/3580
f 3512/3581/3581 3509/3497/3497 3514/3498/3498
f 3601/3582/3582 3603/3738/3738 3604/3583/3583
f 3594/3585/3585 3464/3697/3697 3602/3584/3584
f 3500/3586/3586 3504/3766/3766 3606/3587/3587
f 3718/3589/3589 3717/3500/3500 3510/3492/3492
f 3506/3487/3487 3718/3589/3589 3526/3590/3590
f 3519/3591/3591 3525/3765/3765 3521/3499/3499
f 3510/3492/3492 3513/3501/3501 3519/3591/3591
f 3605/3588/3588 3606/3587/3587 3607/3592/3592
f 3674/3594/3594 3601/3582/3582 3602/3584/3584
f 3676/3596/3596 3500/3586/3586 3605/3588/3588
f 3609/3597/3597 3492/3604/3604 3713/3598/3598
f 3494/3505/3505 3611/3602/3602 3610/3600/3600
f 3494/3505/3505 3495/3504/3504 3612/3601/3601
f 3680/3603/3603 3682/3607/3607 3480/3469/3469
f 3678/3605/3605 3677/3608/3608 3469/3572/3572
f 3680/3603/3603 3492/3604/3604 3609/3597/3597
f 3678/3605/3605 3679/3698/3698 3460/3481/3481
f 3682/3607/3607 3679/3698/3698 3481/3510/3510
f 3588/3573/3573 3469/3572/3572 3677/3608/3608
f 3563/3610/3610 3767/4161/4161 3688/3555/3555
f 3568/3612/3612 3563/3610/3610 3644/3611/3611
f 3744/3614/3614 3571/3820/3820 3562/3615/3615
f 3768/3617/3617 3766/4162/4162 3650/3618/3618
f 3646/3560/3560 3567/3559/3559 3765/3619/3619
f 3600/3620/3620 3572/3769/3769 3569/3621/3621
f 3775/3622/3622 3772/3665/3665 3641/3623/3623
f 3683/3625/3625 3589/3574/3574 3588/3573/3573
f 3762/3626/3626 3763/3785/3785 3615/3627/3627
f 3723/3629/3629 3708/3696/3696 3943/3630/3630
f 3621/3632/3632 3723/3629/3629 3944/3631/3631
f 3760/3634/3634 3593/3578/3578 3592/3577/3577
f 3759/3635/3635 3592/3577/3577 3591/3576/3576
f 3757/3637/3637 3758/3636/3636 3591/3576/3576
f 3764/3638/3638 3757/3637/3637 3590/3575/3575
f 3552/3535/3535 3593/3578/3578 3722/3639/3639
f 3632/3641/3641 3633/3652/3652 3626/3642/3642
f 3706/3643/3643 3636/4166/4166 3629/3644/3644
f 3631/3646/3646 3632/3641/3641 3625/3570/3570
f 3634/3647/3647 3635/3753/3753 3628/3648/3648
f 3686/3650/3650 3631/3646/3646 3624/3564/3564
f 3633/3652/3652 3634/3647/3647 3627/3649/3649
f 3687/3653/3653 3638/3663/3663 3782/3654/3654
f 3640/3624/3624 3641/3623/3623 3784/3656/3656
f 3639/3658/3658 3640/3624/3624 3785/3657/3657
f 3790/3660/3660 3702/3787/3787 3643/3661/3661
f 3638/3663/3663 3639/3658/3658 3786/3659/3659
f 3641/3623/3623 3642/3754/3754 3788/3664/3664
f 3772/3665/3665 3648/3554/3554 3649/3548/3548
f 3688/3555/3555 3645/3557/3557 3773/3667/3667
f 3775/3622/3622 3647/3552/3552 3648/3554/3554
f 3776/3669/3669 3646/3560/3560 3647/3552/3552
f 3701/3551/3551 3650/3618/3618 3777/3670/3670
f 3773/3667/3667 3645/3557/3557 3646/3560/3560
f 3709/3672/3672 3585/4167/4167 3584/3673/3673
f 3653/3675/3675 3586/3728/3728 3651/3676/3676
f 3452/3677/3677 3450/3686/3686 3661/3678/3678
f 3654/3680/3680 3456/3690/3690 3455/3681/3681
f 3453/3682/3682 3452/3677/3677 3657/3679/3679
f 3729/3683/3683 3581/3450/3450 3651/3676/3676
f 3626/3642/3642 3627/3649/3649 3620/3685/3685
f 3627/3649/3649 3628/3648/3648 3621/3632/3632
f 3450/3686/3686 3451/3751/3751 3662/3687/3687
f 3654/3680/3680 3657/3679/3679 3946/3688/3688
f 3949/3689/3689 3950/3789/3789 3456/3690/3690
f 3628/3648/3648 3727/3695/3695 3723/3629/3629
f 3669/3691/3691 3666/3692/3692 3656/3561/3561
f 3666/3692/3692 3667/3709/3709 3655/3567/3567
f 3657/3679/3679 3661/3678/3678 3947/3693/3693
f 3467/3694/3694 3671/3482/3482 3670/3484/3484
f 3727/3695/3695 3707/3645/3645 3708/3696/3696
f 3608/3593/3593 3674/3594/3594 3675/3595/3595
f 3464/3697/3697 3676/3596/3596 3675/3595/3595
f 3462/3455/3455 3461/3457/3457 3682/3607/3607
f 3599/3579/3579 3459/3700/3700 3677/3608/3608
f 3462/3455/3455 3680/3603/3603 3681/3606/3606
f 3466/3458/3458 3481/3510/3510 3679/3698/3698
f 3461/3457/3457 3460/3481/3481 3679/3698/3698
f 3587/3699/3699 3673/3609/3609 3677/3608/3608
f 3614/3701/3701 3683/3625/3625 3673/3609/3609
f 3756/3702/3702 3764/3638/3638 3589/3574/3574
f 3630/3703/3703 3686/3650/3650 3685/3651/3651
f 3637/3705/3705 3687/3653/3653 3789/3655/3655
f 3644/3611/3611 3688/3555/3555 3778/3668/3668
f 3691/3708/3708 3690/3712/3712 3667/3709/3709
f 3666/3692/3692 3669/3691/3691 3692/3710/3710
f 3707/3645/3645 3629/3644/3644 3622/3711/3711
f 3690/3712/3712 3693/3729/3729 3653/3675/3675
f 3954/3713/3713 3695/3725/3725 3696/3714/3714
f 3711/3544/3544 3710/3545/3545 3730/3716/3716
f 3582/3718/3718 3705/3752/3752 3704/3674/3674
f 3956/3719/3719 3957/3805/3805 3616/3720/3720
f 3721/3722/3722 3586/3728/3728 3697/3723/3723
f 3695/3725/3725 3665/3748/3748 3664/3726/3726
f 3726/3727/3727 3706/3643/3643 3707/3645/3645
f 3586/3728/3728 3653/3675/3675 3693/3729/3729
f 3732/3730/3730 3699/3541/3541 3711/3544/3544
f 3728/3550/3550 3701/3551/3551 3779/3671/3671
f 3667/3709/3709 3653/3675/3675 3652/3449/3449
f 3694/3732/3732 3585/4167/4167 3709/3672/3672
f 3698/3542/3542 3699/3541/3541 3732/3730/3730
f 3725/3734/3734 3702/3787/3787 3790/3660/3660
f 3698/3542/3542 3703/3628/3628 3615/3627/3627
f 3710/3545/3545 3712/3547/3547 3720/3736/3736
f 3721/3722/3722 3709/3672/3672 3704/3674/3674
f 3953/3737/3737 3697/3723/3723 3693/3729/3729
f 3603/3738/3738 3601/3582/3582 3467/3694/3694
f 3671/3482/3482 3467/3694/3694 3601/3582/3582
f 3674/3594/3594 3608/3593/3593 3498/3485/3485
f 3502/3488/3488 3498/3485/3485 3608/3593/3593
f 3497/3483/3483 3501/3486/3486 3503/3507/3507
f 3670/3484/3484 3497/3483/3483 3499/3739/3739
f 3672/3740/3740 3496/3741/3741 3465/3453/3453
f 3496/3741/3741 3468/4168/4168 3457/3454/3454
f 3714/3599/3599 3713/3598/3598 3715/3742/3742
f 3482/3471/3471 3713/3598/3598 3492/3604/3604
f 3484/3473/3473 3715/3742/3742 3713/3598/3598
f 3606/3587/3587 3504/3766/3766 3508/3744/3744
f 3607/3592/3592 3606/3587/3587 3717/3500/3500
f 3502/3488/3488 3607/3592/3592 3718/3589/3589
f 3716/3743/3743 3715/3742/3742 3493/3506/3506
f 3486/3475/3475 3493/3506/3506 3715/3742/3742
f 3623/3704/3704 3578/3810/3810 3579/3745/3745
f 3577/3746/3746 3637/3705/3705 3783/3706/3706
f 3778/3668/3668 3773/3667/3667 3638/3663/3663
f 3665/3748/3748 3695/3725/3725 3449/3749/3749
f 3663/3750/3750 3449/3749/3749 3662/3687/3687
f 3719/3640/3640 3722/3639/3639 3703/3628/3628
f 3705/3752/3752 3729/3683/3683 3731/3684/3684
f 3724/3717/3717 3730/3716/3716 3555/3538/3538
f 3709/3672/3672 3721/3722/3722 3733/3724/3724
f 3635/3753/3753 3726/3727/3727 3727/3695/3695
f 3732/3730/3730 3724/3717/3717 3554/3537/3537
f 3649/3548/3548 3728/3550/3550 3780/3731/3731
f 3719/3640/3640 3732/3730/3730 3553/3536/3536
f 3642/3754/3754 3725/3734/3734 3791/3735/3735
f 3730/3716/3716 3720/3736/3736 3556/3755/3755
f 3586/3728/3728 3721/3722/3722 3731/3684/3684
f 3954/3713/3713 3700/3733/3733 3733/3724/3724
f 3733/3724/3724 3697/3723/3723 3953/3737/3737
f 3569/3621/3621 3613/3830/3830 3459/3700/3700
f 3734/3757/3757 3735/3759/3759 3611/3602/3602
f 3736/3758/3758 3610/3600/3600 3611/3602/3602
f 3737/3760/3760 3716/3743/3743 3610/3600/3600
f 3738/3761/3761 3714/3599/3599 3716/3743/3743
f 3739/3762/3762 3609/3597/3597 3714/3599/3599
f 3740/3763/3763 3739/3762/3762 3500/3586/3586
f 3740/3763/3763 3741/3767/3767 3463/3508/3508
f 3742/3764/3764 3741/3767/3767 3464/3697/3697
f 3525/3765/3765 3519/3591/3591 3735/3759/3759
f 3513/3501/3501 3736/3758/3758 3735/3759/3759
f 3508/3744/3744 3737/3760/3760 3736/3758/3758
f 3504/3766/3766 3738/3761/3761 3737/3760/3760
f 3504/3766/3766 3500/3586/3586 3739/3762/3762
f 3681/3606/3606 3609/3597/3597 3739/3762/3762
f 3676/3596/3596 3464/3697/3697 3741/3767/3767
f 3595/3768/3768 3463/3508/3508 3741/3767/3767
f 3572/3769/3769 3744/3614/3614 3743/3616/3616
f 3943/3630/3630 3942/4031/4031 3745/3770/3770
f 3747/3772/3772 3746/3771/3771 3762/3626/3626
f 3748/3774/3774 3747/3772/3772 3761/3773/3773
f 3948/3775/3775 3945/3633/3633 3748/3774/3774
f 3951/3777/3777 3948/3775/3775 3749/3776/3776
f 3955/3779/3779 3951/3777/3777 3750/3778/3778
f 3959/3781/3781 3955/3779/3779 3751/3780/3780
f 3956/3719/3719 3959/3781/3781 3752/3782/3782
f 3756/3702/3702 3755/3786/3786 3754/3784/3784
f 3748/3774/3774 3760/3634/3634 3759/3635/3635
f 3746/3771/3771 3745/3770/3770 3763/3785/3785
f 3752/3782/3782 3751/3780/3780 3757/3637/3637
f 3753/3783/3783 3752/3782/3782 3764/3638/3638
f 3722/3639/3639 3761/3773/3773 3762/3626/3626
f 3749/3776/3776 3759/3635/3635 3758/3636/3636
f 3751/3780/3780 3750/3778/3778 3758/3636/3636
f 3593/3578/3578 3760/3634/3634 3761/3773/3773
f 3683/3625/3625 3614/3701/3701 3755/3786/3786
f 3772/3665/3665 3771/3666/3666 3642/3754/3754
f 3639/3658/3658 3776/3669/3669 3775/3622/3622
f 3702/3787/3787 3779/3671/3671 3777/3670/3670
f 3773/3667/3667 3776/3669/3669 3639/3658/3658
f 3774/3707/3707 3778/3668/3668 3687/3653/3653
f 3780/3731/3731 3779/3671/3671 3702/3787/3787
f 3771/3666/3666 3780/3731/3731 3725/3734/3734
f 3576/3613/3613 3644/3611/3611 3774/3707/3707
f 3637/3705/3705 3577/3746/3746 3770/3788/3788
f 3685/3651/3651 3624/3564/3564 3617/3566/3566
f 3623/3704/3704 3685/3651/3651 3684/3721/3721
f 3950/3789/3789 3960/3796/3796 3792/3790/3790
f 3795/3791/3791 3692/3710/3710 3669/3691/3691
f 3793/3793/3793 3794/3792/3792 3669/3691/3691
f 3793/3793/3793 3797/3799/3799 3798/3794/3794
f 3961/3795/3795 3796/3801/3801 3792/3790/3790
f 3795/3791/3791 3794/3792/3792 3798/3794/3794
f 3801/3798/3798 3802/3802/3802 3798/3794/3794
f 3962/3800/3800 3800/3812/3812 3796/3801/3801
f 3799/3797/3797 3798/3794/3794 3802/3802/3802
f 3755/3786/3786 3808/3808/3808 3807/3804/3804
f 3957/3805/3805 3963/4032/4032 3806/3806/3806
f 3587/3699/3699 3804/3809/3809 3805/3807/3807
f 3808/3808/3808 3755/3786/3786 3614/3701/3701
f 3459/3700/3700 3613/3830/3830 3804/3809/3809
f 3578/3810/3810 3623/3704/3704 3616/3720/3720
f 3573/3811/3811 3574/3813/3813 3796/3801/3801
f 3792/3790/3790 3796/3801/3801 3574/3813/3813
f 3801/3798/3798 3797/3799/3799 3660/3815/3815
f 3668/3563/3563 3659/3562/3562 3689/3817/3817
f 3689/3817/3817 3660/3815/3815 3797/3799/3799
f 3454/3814/3814 3455/3681/3681 3456/3690/3690
f 3570/3818/3818 3573/3811/3811 3800/3812/3812
f 3571/3820/3820 3570/3818/3818 3809/3819/3819
f 3568/3612/3612 3576/3613/3613 4146/3821/3821
f 3579/3745/3745 3578/3810/3810 4147/3823/3823
f 3743/3616/3616 3562/3615/3615 4148/3825/3825
f 4128/3827/3827 3815/3857/3857 3820/3828/3828
f 3613/3830/3830 3569/3621/3621 4150/3831/3831
f 4160/3833/3833 3808/3808/3808 3805/3807/3807
f 3822/3835/3835 3831/3897/3897 4133/3836/3836
f 3830/3838/3838 3829/3874/3874 4135/3839/3839
f 3803/3803/3803 3802/3802/3802 4153/3841/3841
f 3562/3615/3615 3809/3819/3819 4161/3843/3843
f 4140/3844/3844 3813/3891/3891 3823/3845/3845
f 3818/3847/3847 3826/3852/3852 4141/3848/3848
f 3823/3845/3845 3824/3876/3876 4136/3850/3850
f 3578/3810/3810 3806/3806/3806 4155/3851/3851
f 3826/3852/3852 3827/3888/3888 4131/3853/3853
f 3964/3854/3854 3822/3835/3835 4134/3837/3837
f 4138/3856/3856 3821/3878/3878 3815/3857/3857
f 3576/3613/3613 3770/3788/3788 4158/3858/3858
f 3819/3859/3859 3812/3889/3889 4129/3860/3860
f 3965/3862/3862 3828/3893/3893 4142/3863/3863
f 3825/3865/3865 3824/3876/3876 3846/3866/3866
f 3818/3847/3847 3812/3889/3889 3834/3868/3868
f 3810/3870/3870 3831/3897/3897 3853/3871/3871
f 3852/3873/3873 3851/3912/3912 3829/3874/3874
f 3845/3875/3875 3846/3866/3866 3824/3876/3876
f 3841/3877/3877 3819/3859/3859 3810/3870/3870
f 3821/3878/3878 3843/3915/3915 3837/3879/3879
f 3818/3847/3847 3840/3869/3869 3848/3880/3880
f 3966/3881/3881 3844/3896/3896 3822/3835/3835
f 3836/3882/3882 3814/4146/4146 3820/3828/3828
f 3839/3884/3884 3817/4148/4148 3816/3885/3885
f 3816/3885/3885 3828/3893/3893 3850/3887/3887
f 3848/3880/3880 3849/3898/3898 3827/3888/3888
f 3815/3857/3857 3837/3879/3879 3842/3883/3883
f 3819/3859/3859 3841/3877/3877 3834/3868/3868
f 3835/3890/3890 3845/3875/3875 3823/3845/3845
f 3967/3892/3892 3850/3887/3887 3828/3893/3893
f 3811/3894/3894 3814/4146/4146 3836/3882/3882
f 3844/3896/3896 3853/3871/3871 3831/3897/3897
f 3830/3838/3838 3827/3888/3888 3849/3898/3898
f 3857/3899/3899 3867/3913/3913 3845/3875/3875
f 3967/3892/3892 3969/4062/4062 3872/3900/3900
f 3833/3895/3895 3836/3882/3882 3858/3901/3901
f 3866/3903/3903 3875/3910/3910 3853/3871/3871
f 3852/3873/3873 3849/3898/3898 3871/3904/3904
f 3847/3867/3867 3846/3866/3866 3868/3906/3906
f 3862/3908/3908 3840/3869/3869 3834/3868/3868
f 3832/3872/3872 3853/3871/3871 3875/3910/3910
f 3874/3905/3905 3873/4034/4034 3851/3912/3912
f 3867/3913/3913 3868/3906/3906 3846/3866/3866
f 3863/3914/3914 3841/3877/3877 3832/3872/3872
f 3843/3915/3915 3865/4072/4072 3859/3916/3916
f 3840/3869/3869 3862/3908/3908 3870/3917/3917
f 3968/3918/3918 3866/3903/3903 3844/3896/3896
f 3836/3882/3882 3842/3883/3883 3864/3919/3919
f 3861/3920/3920 3839/3884/3884 3838/3886/3886
f 3860/3921/3921 3838/3886/3886 3850/3887/3887
f 3870/3917/3917 3871/3904/3904 3849/3898/3898
f 3837/3879/3879 3859/3916/3916 3864/3919/3919
f 3841/3877/3877 3863/3914/3914 3856/3909/3909
f 3970/3922/3922 3888/3940/3940 4059/3923/3923
f 3892/3925/3925 3893/4064/4064 4056/3926/3926
f 4064/3928/3928 3881/3947/3947 3886/3929/3929
f 4071/3931/3931 3885/4066/4066 3878/3932/3932
f 4070/3934/3934 3879/4142/4142 3889/3935/3935
f 3971/3937/3937 3894/4061/4061 4066/3938/3938
f 3888/3940/3940 3897/3950/3950 4008/3941/3941
f 3896/3942/3942 3895/4035/4035 4069/3943/3943
f 3889/3935/3935 3890/4069/4069 4068/3945/3945
f 4051/3946/3946 3887/4141/4141 3881/3947/3947
f 4015/3948/3948 3884/4059/4059 3892/3925/3925
f 4107/3949/3949 3876/3953/3953 3897/3950/3950
f 4110/3952/3952 3885/4066/4066 3876/3953/3953
f 4114/3954/3954 3880/4068/4068 3886/3929/3929
f 4115/3956/3956 3883/4067/4067 3882/3957/3957
f 3882/3957/3957 3894/4061/4061 4105/3959/3959
f 3877/3960/3960 3880/4068/4068 4114/3954/3954
f 3896/3942/3942 3893/4064/4064 4116/3962/3962
f 3891/3964/3964 3890/4069/4069 4109/3965/3965
f 4101/3967/3967 3884/4059/4059 3878/3932/3932
f 4038/3969/3969 4017/3989/3989 3929/3970/3970
f 3920/3972/3972 4011/4079/4079 3933/3973/3973
f 3941/3975/3975 3935/3991/3991 4019/3976/3976
f 4038/3969/3969 3937/3971/3971 3975/3978/3978
f 3922/3980/3980 3926/4016/4016 4027/3981/3981
f 3934/3983/3983 4018/4097/4097 4043/3984/3984
f 4042/3986/3986 3939/3996/3996 3927/3987/3987
f 4017/3989/3989 4016/4088/4088 3928/3990/3990
f 4043/3984/3984 4019/3976/3976 3935/3991/3991
f 4037/3992/3992 3936/4011/4011 3977/3993/3993
f 4039/3995/3995 3938/4001/4001 3939/3996/3996
f 3974/3997/3997 4047/4103/4103 4010/3998/3998
f 3921/3982/3982 4028/3988/3988 3927/3987/3987
f 3939/3996/3996 3904/4002/4002 3916/4000/4000
f 3938/4001/4001 3905/4143/4143 3904/4002/4002
f 3902/4003/4003 3908/4037/4037 3935/3991/3991
f 3923/3974/3974 3933/3973/3973 3910/4004/4004
f 3972/4005/4005 3913/4020/4020 3930/4006/4006
f 3906/4007/4007 3937/3971/3971 3929/3970/3970
f 3909/4009/4009 3934/3983/3983 3940/3985/3985
f 3936/4011/4011 3907/4036/4036 3898/4012/4012
f 3932/3999/3999 3931/4021/4021 3912/4013/4013
f 3918/4015/4015 3925/4022/4022 3926/4016/4016
f 3898/4012/4012 3919/4024/4024 3924/4018/4018
f 3937/3971/3971 3906/4007/4007 3900/4019/4019
f 3913/4020/4020 3912/4013/4013 3931/4021/4021
f 3925/4022/4022 3918/4015/4015 3915/4023/4023
f 3933/3973/3973 3924/4018/4018 3919/4024/4024
f 3899/4025/4025 3902/4003/4003 3941/3975/3975
f 3973/4027/4027 3922/3980/3980 3927/3987/3987
f 3901/4028/4028 3974/3997/3997 3932/3999/3999
f 4070/3934/3934 4052/3936/3936 3867/3913/3913
f 4052/3936/3936 4068/3945/3945 3868/3906/3906
f 3869/3907/3907 3868/3906/3906 4068/3945/3945
f 3968/3918/3918 3869/3907/3907 4013/4029/4029
f 4036/3924/3924 4059/3923/3923 3866/3903/3903
f 4059/3923/3923 4008/3941/3941 3875/3910/3910
f 3875/3910/3910 4008/3941/3941 4014/4030/4030
f 3944/3631/3631 3943/3630/3630 3746/3771/3771
f 3945/3633/3633 3944/3631/3631 3747/3772/3772
f 3949/3689/3689 3946/3688/3688 3690/3712/3712
f 3691/3708/3708 3692/3710/3710 3950/3789/3789
f 3946/3688/3688 3947/3693/3693 3693/3729/3729
f 3700/3733/3733 3954/3713/3713 3952/3715/3715
f 3753/3783/3783 3754/3784/3784 3957/3805/3805
f 3662/3687/3687 3953/3737/3737 3947/3693/3693
f 3695/3725/3725 3954/3713/3713 3958/3756/3756
f 3449/3749/3749 3958/3756/3756 3953/3737/3737
f 3708/3696/3696 3622/3711/3711 3942/4031/4031
f 3620/3685/3685 3621/3632/3632 3945/3633/3633
f 3619/3571/3571 3620/3685/3685 3948/3775/3775
f 3618/3565/3565 3619/3571/3571 3951/3777/3777
f 3617/3566/3566 3618/3565/3565 3955/3779/3779
f 3684/3721/3721 3617/3566/3566 3959/3781/3781
f 3692/3710/3710 3795/3791/3791 3960/3796/3796
f 3799/3797/3797 3961/3795/3795 3960/3796/3796
f 3803/3803/3803 3962/3800/3800 3961/3795/3795
f 3754/3784/3784 3807/3804/3804 3963/4032/4032
f 3825/3865/3865 3964/3854/3854 4143/3855/3855
f 3829/3874/3874 3965/3862/3862 4144/3864/3864
f 3847/3867/3867 3966/3881/3881 3964/3854/3854
f 3851/3912/3912 3967/3892/3892 3965/3862/3862
f 3873/4034/4034 3969/4062/4062 3967/3892/3892
f 3869/3907/3907 3968/3918/3918 3966/3881/3881
f 3891/3964/3964 3970/3922/3922 4036/3924/3924
f 3895/4035/4035 3971/3937/3937 4035/3939/3939
f 3907/4036/4036 3936/4011/4011 3975/3978/3978
f 3903/4010/4010 3940/3985/3985 3935/3991/3991
f 3929/3970/3970 3928/3990/3990 3915/4023/4023
f 3922/3980/3980 3973/4027/4027 3917/4017/4017
f 3854/3911/3911 4014/4030/4030 4071/3931/3931
f 4053/3933/3933 3856/3909/3909 3863/3914/3914
f 4098/3963/3963 3982/4139/4139 3981/4038/4038
f 3984/4040/4040 3983/4140/4140 4109/3965/3965
f 4100/4042/4042 3987/4144/4144 3986/4043/4043
f 3989/4045/4045 3988/4050/4050 4112/4046/4046
f 4000/4047/4047 3990/4057/4057 4113/4048/4048
f 3988/4050/4050 3997/4138/4138 4116/3962/3962
f 4111/4044/4044 3986/4043/4043 3992/4051/4051
f 4110/3952/3952 3985/4133/4133 3998/4052/4052
f 3978/4053/4053 3984/4040/4040 4099/4041/4041
f 4001/4055/4055 3996/4137/4137 4105/3959/3959
f 3990/4057/4057 3979/4132/4132 4097/3951/3951
f 3991/4058/4058 4000/4047/4047 4119/4049/4049
f 4108/4039/4039 3981/4038/4038 4001/4055/4055
f 3884/4059/4059 4015/3948/3948 4053/3933/3933
f 3856/3909/3909 4053/3933/3933 4015/3948/3948
f 4065/3927/3927 3870/3917/3917 3862/3908/3908
f 4065/3927/3927 4056/3926/3926 3871/3904/3904
f 3874/3905/3905 3871/3904/3904 4056/3926/3926
f 4007/3944/3944 4069/3943/3943 3873/4034/4034
f 4067/4060/4060 4066/3938/3938 3894/4061/4061
f 3969/4062/4062 3873/4034/4034 4069/3943/3943
f 4010/3998/3998 4030/4076/4076 3931/4021/4021
f 3977/3993/3993 3924/4018/4018 4025/4063/4063
f 4007/3944/3944 4056/3926/3926 3893/4064/4064
f 4021/4065/4065 3976/4026/4026 3941/3975/3975
f 3885/4066/4066 4071/3931/3931 4014/4030/4030
f 3883/4067/4067 4057/4070/4070 4067/4060/4060
f 4066/3938/3938 3872/3900/3900 3969/4062/4062
f 3880/4068/4068 4058/4073/4073 4012/3930/3930
f 3872/3900/3900 4066/3938/3938 4067/4060/4060
f 4013/4029/4029 4068/3945/3945 3890/4069/4069
f 3876/3953/3953 4014/4030/4030 4008/3941/3941
f 3860/3921/3921 4067/4060/4060 4057/4070/4070
f 4009/4071/4071 4058/4073/4073 3880/4068/4068
f 4064/3928/3928 3859/3916/3916 3865/4072/4072
f 4012/3930/3930 3864/3919/3919 3859/3916/3916
f 3864/3919/3919 4012/3930/3930 4058/4073/4073
f 3858/3901/3901 4058/4073/4073 4009/4071/4071
f 4026/4074/4074 4027/3981/3981 3926/4016/4016
f 3923/3974/3974 3930/4006/4006 4029/4075/4075
f 3930/4006/4006 3931/4021/4021 4030/4076/4076
f 3936/4011/4011 4037/3992/3992 4048/3979/3979
f 4029/4075/4075 4030/4076/4076 4005/4077/4077
f 4011/4079/4079 4025/4063/4063 3924/4018/4018
f 3920/3972/3972 4029/4075/4075 4004/4078/4078
f 4045/4080/4080 4061/4081/4081 4011/4079/4079
f 4061/4081/4081 4003/4082/4082 4025/4063/4063
f 4022/3994/3994 4025/4063/4063 4003/4082/4082
f 4037/3992/3992 4022/3994/3994 4050/4083/4083
f 4040/4084/4084 4063/4085/4085 4048/3979/3979
f 4038/3969/3969 4048/3979/3979 4063/4085/4085
f 4041/4086/4086 4034/4087/4087 4017/3989/3989
f 4034/4087/4087 4033/4089/4089 4016/4088/4088
f 4026/4074/4074 4016/4088/4088 4033/4089/4089
f 3925/4022/4022 3928/3990/3990 4016/4088/4088
f 4002/4090/4090 4055/4091/4091 4027/3981/3981
f 3921/3982/3982 4027/3981/3981 4055/4091/4091
f 4046/4092/4092 4054/4093/4093 4028/3988/3988
f 4042/3986/3986 4028/3988/3988 4054/4093/4093
f 4039/3995/3995 4042/3986/3986 4023/4094/4094
f 4024/4096/4096 4043/3984/3984 4018/4097/4097
f 4032/4099/4099 4019/3976/3976 4043/3984/3984
f 4006/3977/3977 4019/3976/3976 4032/4099/4099
f 4006/3977/3977 4044/4100/4100 4049/4101/4101
f 4062/4102/4102 4060/4104/4104 4010/3998/3998
f 4060/4104/4104 4005/4077/4077 4030/4076/4076
f 4093/4105/4105 4094/4125/4125 4054/4093/4093
f 4087/4106/4106 4085/4110/4110 4005/4077/4077
f 3899/4025/4025 3901/4028/4028 3978/4053/4053
f 4081/4108/4108 4093/4105/4105 4046/4092/4092
f 4081/4108/4108 4055/4091/4091 4002/4090/4090
f 3899/4025/4025 3976/4026/4026 3974/3997/3997
f 4085/4110/4110 4074/4114/4114 4073/4111/4111
f 4089/4113/4113 4091/4127/4127 4074/4114/4114
f 4047/4103/4103 4021/4065/4065 4049/4101/4101
f 4077/4116/4116 4086/4112/4112 4073/4111/4111
f 4088/4118/4118 4077/4116/4116 4075/4117/4117
f 4063/4085/4085 4040/4084/4084 4076/4119/4119
f 4073/4111/4111 4090/4122/4122 4083/4121/4121
f 3976/4026/4026 4021/4065/4065 4047/4103/4103
f 4074/4114/4114 4091/4127/4127 4090/4122/4122
f 4090/4122/4122 4079/4124/4124 4095/4123/4123
f 4072/4115/4115 4074/4114/4114 4085/4110/4110
f 4005/4077/4077 4085/4110/4110 4086/4112/4112
f 4045/4080/4080 4004/4078/4078 4086/4112/4112
f 4061/4081/4081 4045/4080/4080 4077/4116/4116
f 4079/4124/4124 4078/4128/4128 4094/4125/4125
f 4080/4126/4126 4078/4128/4128 4091/4127/4127
f 4076/4119/4119 4075/4117/4117 4083/4121/4121
f 4044/4100/4100 4072/4115/4115 4087/4106/4106
f 4032/4099/4099 4089/4113/4113 4072/4115/4115
f 4090/4122/4122 4091/4127/4127 4078/4128/4128
f 4088/4118/4118 4050/4083/4083 4003/4082/4082
f 4020/4095/4095 4023/4094/4094 4092/4129/4129
f 4089/4113/4113 4032/4099/4099 4024/4096/4096
f 4092/4129/4129 4094/4125/4125 4078/4128/4128
f 4083/4121/4121 4095/4123/4123 4096/4130/4130
f 4023/4094/4094 4054/4093/4093 4094/4125/4125
f 4095/4123/4123 4081/4108/4108 4082/4109/4109
f 4079/4124/4124 4093/4105/4105 4081/4108/4108
f 4041/4086/4086 4063/4085/4085 4084/4120/4120
f 4076/4119/4119 4040/4084/4084 4050/4083/4083
f 4033/4089/4089 4034/4087/4087 4082/4109/4109
f 4034/4087/4087 4041/4086/4086 4096/4130/4130
f 3980/4131/4131 4107/3949/3949 4097/3951/3951
f 3985/4133/4133 4110/3952/3952 4107/3949/3949
f 3993/4134/4134 4114/3954/3954 4103/3955/3955
f 4115/3956/3956 4104/3958/3958 3994/4135/4135
f 4104/3958/3958 4105/3959/3959 3996/4137/4137
f 4118/3961/3961 4114/3954/3954 3993/4134/4134
f 4098/3963/3963 4116/3962/3962 3997/4138/4138
f 4102/3966/3966 4109/3965/3965 3983/4140/4140
f 3989/4045/4045 4101/3967/3967 4117/3968/3968
f 4098/3963/3963 4108/4039/4039 3895/4035/4035
f 3889/3935/3935 4099/4041/4041 4109/3965/3965
f 3887/4141/4141 4100/4042/4042 4111/4044/4044
f 4101/3967/3967 4112/4046/4046 3892/3925/3925
f 4119/4049/4049 4113/4048/4048 3888/3940/3940
f 4112/4046/4046 4116/3962/3962 3893/4064/4064
f 3881/3947/3947 4111/4044/4044 4103/3955/3955
f 3885/4066/4066 4110/3952/3952 4117/3968/3968
f 3879/4142/4142 4106/4054/4054 4099/4041/4041
f 4120/4056/4056 4105/3959/3959 3894/4061/4061
f 4113/4048/4048 4097/3951/3951 3897/3950/3950
f 4102/3966/3966 4119/4049/4049 3970/3922/3922
f 4108/4039/4039 4120/4056/4056 3971/3937/3937
f 3991/4058/4058 3983/4140/4140 3912/4013/4013
f 4000/4047/4047 3991/4058/4058 3913/4020/4020
f 3972/4005/4005 3910/4004/4004 3990/4057/4057
f 3910/4004/4004 3919/4024/4024 3979/4132/4132
f 3980/4131/4131 3979/4132/4132 3919/4024/4024
f 3980/4131/4131 3898/4012/4012 3907/4036/4036
f 3900/4019/4019 3998/4052/4052 3985/4133/4133
f 3998/4052/4052 3900/4019/4019 3906/4007/4007
f 3914/4008/4008 3988/4050/4050 3989/4045/4045
f 3914/4008/4008 3915/4023/4023 3997/4138/4138
f 3982/4139/4139 3997/4138/4138 3915/4023/4023
f 3917/4017/4017 3981/4038/4038 3982/4139/4139
f 3981/4038/4038 3917/4017/4017 3973/4027/4027
f 3916/4000/4000 3996/4137/4137 4001/4055/4055
f 3994/4135/4135 3996/4137/4137 3916/4000/4000
f 3995/4136/4136 3994/4135/4135 3904/4002/4002
f 3903/4010/4010 3986/4043/4043 3987/4144/4144
f 3908/4037/4037 3992/4051/4051 3986/4043/4043
f 3992/4051/4051 3908/4037/4037 3902/4003/4003
f 3999/4107/4107 3993/4134/4134 3902/4003/4003
f 3901/4028/4028 3911/4014/4014 3984/4040/4040
f 3911/4014/4014 3912/4013/4013 3983/4140/4140
f 3811/3894/3894 4123/4160/4160 4122/4145/4145
f 4121/4147/4147 4124/4156/4156 3816/3885/3885
f 3819/3859/3859 4126/3861/3861 4125/4149/4149
f 4128/3827/3827 4127/3829/3829 4158/3858/3858
f 4130/3849/3849 4129/3860/3860 3812/3889/3889
f 4132/3840/3840 4131/3853/3853 3827/3888/3888
f 4009/4071/4071 4070/3934/3934 3857/3899/3899
f 4134/3837/3837 4133/3836/3836 4161/3843/3843
f 4132/3840/3840 4135/3839/3839 4162/4152/4152
f 4137/4033/4033 4136/3850/3850 3824/3876/3876
f 4125/4149/4149 4133/3836/3836 3831/3897/3897
f 4140/3844/3844 4139/3846/3846 4165/4153/4153
f 4130/3849/3849 4141/3848/3848 4166/4155/4155
f 4139/3846/3846 4136/3850/3850 4153/3841/3841
f 3877/3960/3960 3879/4142/4142 4070/3934/3934
f 4124/4156/4156 4142/3863/3863 3828/3893/3893
f 4166/4155/4155 4141/3848/3848 4131/3853/3853
f 4143/3855/3855 4134/3837/3837 4152/4151/4151
f 4138/3856/3856 4128/3827/3827 4149/4150/4150
f 3814/4146/4146 4122/4145/4145 4127/3829/3829
f 4126/3861/3861 4129/3860/3860 4150/3831/3831
f 4144/3864/3864 4142/3863/3863 4155/3851/3851
f 4137/4033/4033 4143/3855/3855 4167/4157/4157
f 4135/3839/3839 4144/3864/3864 4168/4159/4159
f 4123/4160/4160 4156/3822/3822 4146/3821/3821
f 4145/3824/3824 4147/3823/3823 4124/4156/4156
f 4157/3826/3826 4148/3825/3825 4125/4149/4149
f 4159/3832/3832 4150/3831/3831 4129/3860/3860
f 4132/3840/3840 4160/3833/3833 4151/3834/3834
f 4163/3842/3842 4153/3841/3841 4136/3850/3850
f 4148/3825/3825 4161/3843/3843 4133/3836/3836
f 4147/3823/3823 4155/3851/3851 4142/3863/3863
f 4146/3821/3821 4158/3858/3858 4127/3829/3829
f 4031/4098/4098 4018/4097/4097 4039/3995/3995
f 4149/4150/4150 4158/3858/3858 3770/3788/3788
f 3879/4142/4142 3877/3960/3960 4118/3961/3961
f 4152/4151/4151 4161/3843/3843 3809/3819/3819
f 3808/3808/3808 4160/3833/3833 4162/4152/4152
f 3575/3816/3816 4154/4154/4154 4165/4153/4153
f 3613/3830/3830 4159/3832/3832 4166/4155/4155
f 4165/4153/4153 4153/3841/3841 3802/3802/3802
f 4106/4054/4054 4118/3961/3961 3999/4107/4107
f 3804/3809/3809 4166/4155/4155 4151/3834/3834
f 4167/4157/4157 4152/4151/4151 3800/3812/3812
f 4164/4158/4158 4149/4150/4150 3577/3746/3746
f 4157/3826/3826 4150/3831/3831 3569/3621/3621
f 3963/4032/4032 4168/4159/4159 4155/3851/3851
f 4163/3842/3842 4167/4157/4157 3962/3800/3800
f 4162/4152/4152 4168/4159/4159 3963/4032/4032
f 4080/4126/4126 4024/4096/4096 4031/4098/4098
f 4049/4101/4101 4087/4106/4106 4060/4104/4104
f 3938/4001/4001 4039/3995/3995 4018/4097/4097
f 3905/4143/4143 3938/4001/4001 3934/3983/3983
f 3909/4009/4009 3987/4144/4144 3995/4136/4136
f 4115/3956/3956 3995/4136/4136 3987/4144/4144
f 4100/4042/4042 3887/4141/4141 3883/4067/4067
f 4057/4070/4070 3883/4067/4067 3887/4141/4141
f 3861/3920/3920 4057/4070/4070 4051/3946/3946
f 3839/3884/3884 3861/3920/3920 3865/4072/4072
f 3843/3915/3915 3821/3878/3878 3817/4148/4148
f 3817/4148/4148 3821/3878/3878 4138/3856/3856
f 4121/4147/4147 4138/3856/3856 4164/4158/4158
f 3781/3747/3747 3579/3745/3745 4145/3824/3824
f 3781/3747/3747 3783/3706/3706 3630/3703/3703
f 3686/3650/3650 3630/3703/3703 3783/3706/3706
f 3789/3655/3655 3782/3654/3654 3631/3646/3646
f 3782/3654/3654 3786/3659/3659 3632/3641/3641
f 3835/3890/3890 3833/3895/3895 3855/3902/3902
f 3833/3895/3895 3835/3890/3890 3813/3891/3891
f 4123/4160/4160 3811/3894/3894 3813/3891/3891
f 4123/4160/4160 4140/3844/3844 4154/4154/4154
f 4154/4154/4154 3575/3816/3816 3568/3612/3612
f 3563/3610/3610 3568/3612/3612 3575/3816/3816
f 3767/4161/4161 3563/3610/3610 3660/3815/3815
f 3767/4161/4161 3689/3817/3817 3659/3562/3562
f 3566/3556/3556 3659/3562/3562 3658/3569/3569
f 3567/3559/3559 3658/3569/3569 3580/3568/3568
f 3765/3619/3619 3580/3568/3568 3583/3451/3451
f 3564/3553/3553 3583/3451/3451 3581/3450/3450
f 3769/3549/3549 3565/3558/3558 3581/3450/3450
f 3768/3617/3617 3769/3549/3549 3729/3683/3683
f 3766/4162/4162 3768/3617/3617 3705/3752/3752
f 3786/3659/3659 3785/3657/3657 3633/3652/3652
f 3785/3657/3657 3784/3656/3656 3634/3647/3647
f 3784/3656/3656 3788/3664/3664 3635/3753/3753
f 3726/3727/3727 3635/3753/3753 3788/3664/3664
f 3790/3660/3660 3706/3643/3643 3726/3727/3727
f 3787/3662/3662 3636/4166/4166 3706/3643/3643
f 4350/4169/4169 4289/4170/4170 4288/4171/4171
f 4178/4172/4172 4177/4173/4173 4185/4174/4174
f 4182/4175/4175 4181/4176/4176 4301/4177/4177
f 4186/4178/4178 4189/4179/4179 4190/4180/4180
f 4189/4179/4179 4191/4181/4181 4192/4182/4182
f 4191/4181/4181 4193/4183/4183 4194/4184/4184
f 4193/4183/4183 4195/4185/4185 4196/4186/4186
f 4197/4187/4187 4198/4188/4188 4196/4186/4186
f 4199/4189/4189 4201/4190/4190 4202/4191/4191
f 4201/4190/4190 4203/4192/4192 4204/4193/4193
f 4203/4192/4192 4205/4194/4194 4206/4195/4195
f 4205/4194/4194 4207/4196/4196 4208/4197/4197
f 4209/4198/4198 4210/4199/4199 4208/4197/4197
f 4181/4176/4176 4180/4200/4200 4302/4201/4201
f 4368/4202/4202 4367/4203/4203 4215/4204/4204
f 4216/4205/4205 4215/4204/4204 4218/4206/4206
f 4222/4207/4207 4219/4208/4208 4218/4206/4206
f 4226/4209/4209 4222/4207/4207 4221/4210/4210
f 4236/4211/4211 4229/4212/4212 4225/4213/4213
f 4230/4214/4214 4235/4215/4215 4231/4216/4216
f 4230/4214/4214 4226/4209/4209 4224/4217/4217
f 4235/4215/4215 4230/4214/4214 4228/4218/4218
f 4231/4216/4216 4234/4219/4219 4229/4212/4212
f 4226/4209/4209 4230/4214/4214 4236/4211/4211
f 4411/4220/4220 4225/4213/4213 4227/4221/4221
f 4233/4222/4222 4228/4218/4218 3518/3503/3503
f 4207/4196/4196 4213/4223/4223 4214/4224/4224
f 4207/4196/4196 4205/4194/4194 4212/4225/4225
f 4221/4210/4210 4218/4206/4206 3503/3507/3507
f 4183/4226/4226 4182/4175/4175 4300/4227/4227
f 4189/4179/4179 4186/4178/4178 4200/4228/4228
f 4191/4181/4181 4189/4179/4179 4202/4191/4191
f 4193/4183/4183 4191/4181/4181 4204/4193/4193
f 4195/4185/4185 4193/4183/4183 4206/4195/4195
f 4195/4185/4185 4208/4197/4197 4210/4199/4199
f 4190/4180/4180 4192/4182/4182 4240/4229/4229
f 4242/4230/4230 4196/4186/4186 4198/4188/4188
f 4241/4231/4231 4194/4184/4184 4196/4186/4186
f 4240/4229/4229 4192/4182/4182 4194/4184/4184
f 4244/4232/4232 4239/4233/4233 4240/4229/4229
f 4245/4234/4234 4240/4229/4229 4241/4231/4231
f 4246/4235/4235 4241/4231/4231 4242/4230/4230
f 4247/4236/4236 4242/4230/4230 4243/4237/4237
f 4249/4238/4238 4244/4232/4232 4245/4234/4234
f 4250/4239/4239 4245/4234/4234 4246/4235/4235
f 4251/4240/4240 4246/4235/4235 4247/4236/4236
f 4252/4241/4241 4247/4236/4236 4248/4242/4242
f 4254/4243/4243 4249/4238/4238 4250/4239/4239
f 4255/4244/4244 4250/4239/4239 4251/4240/4240
f 4256/4245/4245 4251/4240/4240 4252/4241/4241
f 4257/4246/4246 4252/4241/4241 4253/4247/4247
f 4259/4248/4248 4254/4243/4243 4255/4244/4244
f 4260/4249/4249 4255/4244/4244 4256/4245/4245
f 4261/4250/4250 4256/4245/4245 4257/4246/4246
f 4262/4251/4251 4257/4246/4246 4258/4252/4252
f 4264/4253/4253 4259/4248/4248 4260/4249/4249
f 4265/4254/4254 4260/4249/4249 4261/4250/4250
f 4266/4255/4255 4261/4250/4250 4262/4251/4251
f 4267/4256/4256 4262/4251/4251 4263/4257/4257
f 3557/4258/3540 4392/4259/4258 4393/4260/4259
f 4393/4260/4259 4405/4261/4260 3559/4262/3543
f 3559/4262/3543 4405/4261/4260 4404/4263/4261
f 4404/4263/4261 4406/4264/4262 3561/4265/3546
f 4348/4266/4263 4422/4267/4264 4460/4268/4265
f 4460/4268/4265 4422/4267/4264 4395/4269/4266
f 4346/4270/4267 4347/4271/4268 4271/4272/4269
f 4384/4273/4270 4344/4274/4271 4273/4275/4272
f 4347/4271/4268 4348/4266/4263 4272/4276/4273
f 4344/4274/4271 4345/4277/4274 4274/4278/4275
f 4354/4279/4276 4365/4280/4277 4357/4281/4278
f 4326/4282/4279 4320/4283/4280 4321/4284/4281
f 4353/4285/4282 4287/4286/4283 4289/4170/4170
f 4354/4279/4276 4356/4287/4284 4287/4286/4283
f 4327/4288/4285 4321/4284/4281 4322/4289/4286
f 4188/4290/4287 4190/4180/4180 4239/4233/4233
f 4244/4232/4232 4293/4291/4288 4292/4292/4289
f 4244/4232/4232 4249/4238/4238 4294/4293/4290
f 4249/4238/4238 4254/4243/4243 4295/4294/4291
f 4254/4243/4243 4259/4248/4248 4296/4295/4292
f 4259/4248/4248 4264/4253/4253 4297/4296/4293
f 4302/4201/4201 4180/4200/4200 4303/4297/4294
f 4224/4217/4217 4221/4210/4210 3507/3580/3580
f 3512/3581/3581 3518/3503/3503 4228/4218/4218
f 4305/4298/4295 4306/4299/4296 4308/4300/4297
f 4298/4301/4298 4308/4300/4297 4306/4299/4296
f 4217/4302/4299 4309/4303/4300 4310/4304/4301
f 4412/4305/4302 4238/4306/4303 4225/4213/4213
f 4222/4207/4207 4226/4209/4209 4238/4306/4303
f 4232/4307/4304 4229/4212/4212 4234/4219/4219
f 4225/4213/4213 4229/4212/4212 4232/4307/4304
f 4309/4303/4300 4312/4308/4305 4311/4309/4306
f 4370/4310/4307 4371/4311/4308 4306/4299/4296
f 4372/4312/4309 4371/4311/4308 4309/4303/4300
f 4313/4313/4310 4408/4314/4311 4407/4315/4312
f 4213/4223/4223 4212/4225/4225 4314/4316/4313
f 4213/4223/4223 4315/4317/4314 4316/4318/4315
f 4376/4319/4316 4211/4320/4317 4199/4189/4189
f 4374/4321/4318 4186/4178/4178 4188/4290/4287
f 4376/4319/4316 4377/4322/4319 4313/4313/4310
f 4374/4321/4318 4303/4297/4294 4180/4200/4200
f 4378/4323/4320 4199/4189/4189 4200/4228/4228
f 4292/4292/4289 4369/4324/4321 4373/4325/4322
f 4270/4326/4323 4343/4327/4324 4384/4273/4270
f 4275/4328/4325 4283/4329/4326 4343/4327/4324
f 4438/4330/4327 4437/4331/4328 4269/4332/4329
f 4459/4333/4330 4395/4269/4266 3650/4334/3618
f 4345/4277/4274 4346/4270/4267 4457/4335/4331
f 4304/4336/4332 4303/4297/4294 4276/4337/4333
f 4466/4338/4334 4340/4339/4335 4341/4340/4336
f 4379/4341/4337 4369/4324/4321 4292/4292/4289
f 4455/4342/4338 4397/4343/4339 3615/4344/3627
f 4417/4345/4340 4632/4346/4341 4631/4347/4342
f 4324/4348/4343 4633/4349/4344 4632/4346/4341
f 4453/4350/4345 4452/4351/4346 4296/4295/4292
f 4452/4351/4346 4451/4352/4347 4295/4294/4291
f 4450/4353/4348 4294/4293/4290 4295/4294/4291
f 4456/4354/4349 4293/4291/4288 4294/4293/4290
f 4264/4253/4253 4413/4355/4350 4416/4356/4351
f 4333/4357/4352 4327/4288/4285 4328/4358/4353
f 4400/4359/4354 4401/4360/4355 3629/4361/3644
f 4332/4362/4356 4326/4282/4279 4327/4288/4285
f 4335/4363/4357 4329/4364/4358 4330/4365/4359
f 4382/4366/4360 4381/4367/4361 4326/4282/4279
f 4334/4368/4362 4328/4358/4353 4329/4364/4358
f 4383/4369/4363 4478/4370/4364 4472/4371/4365
f 4340/4339/4335 4475/4372/4366 4474/4373/4367
f 4339/4374/4368 4476/4375/4369 4475/4372/4366
f 4479/4376/4370 3787/4377/3662 3643/4378/3661
f 4338/4379/4371 4472/4371/4365 4476/4375/4369
f 4341/4340/4336 4474/4373/4367 4477/4380/4372
f 4463/4381/4373 4462/4382/4374 4348/4266/4263
f 4384/4273/4270 4468/4383/4375 4464/4384/4376
f 4466/4338/4334 4463/4381/4373 4347/4271/4268
f 4467/4385/4377 4466/4338/4334 4346/4270/4267
f 4395/4269/4266 4469/4386/4378 3777/4387/3670
f 4464/4384/4376 4467/4385/4377 4345/4277/4274
f 4403/4388/4379 4398/4389/4380 3584/4390/3673
f 4351/4391/4381 4350/4169/4169 4349/4392/4382
f 4172/4393/4383 4355/4394/4384 4359/4395/4385
f 4352/4396/4386 4173/4397/4387 4175/4398/4388
f 4173/4397/4387 4352/4396/4386 4355/4394/4384
f 4423/4399/4389 4425/4400/4390 4349/4392/4382
f 4328/4358/4353 4322/4289/4286 4323/4401/4391
f 4329/4364/4358 4323/4401/4391 4324/4348/4343
f 4170/4402/4392 4359/4395/4385 4360/4403/4393
f 4352/4396/4386 4637/4404/4394 4634/4405/4395
f 4637/4404/4394 4352/4396/4386 4176/4406/4396
f 4330/4365/4359 4324/4348/4343 4417/4345/4340
f 4366/4407/4397 4365/4280/4277 4354/4279/4276
f 4363/4408/4398 4354/4279/4276 4353/4285/4282
f 4355/4394/4384 4634/4405/4395 4635/4409/4399
f 4187/4410/4400 4185/4174/4174 4367/4203/4203
f 4421/4411/4401 4417/4345/4340 4402/4412/4402
f 4312/4308/4305 4309/4303/4300 4371/4311/4308
f 4184/4413/4403 4306/4299/4296 4371/4311/4308
f 4182/4175/4175 4376/4319/4316 4378/4323/4320
f 4303/4297/4294 4374/4321/4318 4373/4325/4322
f 4182/4175/4175 4183/4226/4226 4377/4322/4319
f 4186/4178/4178 4374/4321/4318 4375/4414/4404
f 4181/4176/4176 4378/4323/4320 4375/4414/4404
f 4291/4415/4405 4179/4416/4406 4373/4325/4322
f 4318/4417/4407 4291/4415/4405 4369/4324/4321
f 4449/4418/4408 4379/4341/4337 4293/4291/4288
f 4331/4419/4409 4325/4420/4410 4381/4367/4361
f 4337/4421/4411 4473/4422/4412 4478/4370/4364
f 4343/4327/4324 4465/4423/4413 4468/4383/4375
f 4387/4424/4414 4363/4408/4398 4364/4425/4415
f 4363/4408/4398 4387/4424/4414 4388/4426/4416
f 4401/4360/4355 4402/4412/4402 3622/4427/3711
f 4386/4428/4417 4364/4425/4415 4351/4391/4381
f 4641/4429/4418 3952/4430/3715 3696/4431/3714
f 4405/4261/4260 4418/4432/4419 4424/4433/4420
f 3582/4434/3718 3584/4390/3673 4398/4389/4380
f 4643/4435/4421 4380/4436/4422 4319/4437/4423
f 4415/4438/4424 4427/4439/4425 4391/4440/4426
f 4390/4441/4427 3696/4431/3714 3664/4442/3726
f 4420/4443/4428 4421/4411/4401 4401/4360/4355
f 4290/4444/4429 4391/4440/4426 4389/4445/4430
f 4426/4446/4431 4418/4432/4419 4405/4261/4260
f 4422/4267/4264 4470/4447/4432 4469/4386/4378
f 4364/4425/4415 4353/4285/4282 4350/4169/4169
f 3694/4448/3732 4394/4449/4433 4403/4388/4379
f 4392/4259/4258 4413/4355/4350 4426/4446/4431
f 4419/4450/4434 4480/4451/4435 4479/4376/4370
f 4392/4259/4258 3557/4258/3540 3615/4344/3627
f 4404/4263/4261 4424/4433/4420 4414/4452/4436
f 4415/4438/4424 4425/4400/4390 4398/4389/4380
f 4640/4453/4437 4635/4409/4399 4389/4445/4430
f 4307/4454/4438 4178/4172/4172 4187/4410/4400
f 4368/4202/4202 4370/4310/4307 4305/4298/4295
f 4370/4310/4307 4368/4202/4202 4216/4205/4205
f 4219/4208/4208 4311/4309/4306 4312/4308/4305
f 4215/4204/4204 3499/3739/3739 3503/3507/3507
f 4367/4203/4203 3672/3740/3740 3499/3739/3739
f 3672/3740/3740 4367/4203/4203 4185/4174/4174
f 3496/3741/3741 4185/4174/4174 4177/4173/4173
f 4408/4314/4311 4410/4455/4439 4409/4456/4440
f 4201/4190/4190 4199/4189/4189 4211/4320/4317
f 4203/4192/4192 4201/4190/4190 4407/4315/4312
f 4310/4304/4301 4411/4220/4220 4223/4457/4441
f 4311/4309/4306 4412/4305/4302 4411/4220/4220
f 4219/4208/4208 4222/4207/4207 4412/4305/4302
f 4410/4455/4439 4314/4316/4313 4212/4225/4225
f 4205/4194/4194 4203/4192/4192 4409/4456/4440
f 4325/4420/4410 4331/4419/4409 4286/4458/4442
f 4284/4459/4443 4471/4460/4444 4473/4422/4412
f 4468/4383/4375 4383/4369/4363 4338/4379/4371
f 4362/4461/4445 4361/4462/4446 4169/4463/4447
f 4361/4462/4446 4171/4464/4448 4360/4403/4393
f 4413/4355/4350 4392/4259/4258 4397/4343/4339
f 4399/4465/4449 4398/4389/4380 4425/4400/4390
f 4418/4432/4419 4266/4255/4255 4267/4256/4256
f 4403/4388/4379 4394/4449/4433 4427/4439/4425
f 4336/4466/4450 4330/4365/4359 4421/4411/4401
f 4426/4446/4431 4265/4254/4254 4266/4255/4255
f 4348/4266/4263 4462/4382/4374 4470/4447/4432
f 4413/4355/4350 4264/4253/4253 4265/4254/4254
f 4342/4467/4451 4477/4380/4372 4480/4451/4435
f 4424/4433/4420 4267/4256/4256 4268/4468/4452
f 4290/4444/4429 4349/4392/4382 4425/4400/4390
f 4641/4429/4418 4645/4469/4453 4427/4439/4425
f 4427/4439/4425 4645/4469/4453 4640/4453/4437
f 4276/4337/4333 4303/4297/4294 4179/4416/4406
f 4428/4470/4454 4316/4318/4315 4315/4317/4314
f 4430/4471/4455 4429/4472/4456 4315/4317/4314
f 4431/4473/4457 4430/4471/4455 4314/4316/4313
f 4432/4474/4458 4431/4473/4457 4410/4455/4439
f 4433/4475/4459 4432/4474/4458 4408/4314/4311
f 4434/4476/4460 4372/4312/4309 4217/4302/4299
f 4434/4476/4460 4377/4322/4319 4183/4226/4226
f 4436/4477/4461 4298/4301/4298 4184/4413/4403
f 4237/4478/4462 4428/4470/4454 4429/4472/4456
f 4227/4221/4221 4232/4307/4304 4429/4472/4456
f 4223/4457/4441 4227/4221/4221 4430/4471/4455
f 4220/4479/4463 4223/4457/4441 4431/4473/4457
f 4220/4479/4463 4432/4474/4458 4433/4475/4459
f 4377/4322/4319 4434/4476/4460 4433/4475/4459
f 4372/4312/4309 4434/4476/4460 4435/4480/4464
f 4299/4481/4465 4436/4477/4461 4435/4480/4464
f 4279/4482/4466 4276/4337/4333 4437/4331/4328
f 4631/4347/4342 4439/4483/4467 3745/4484/3770
f 4440/4485/4468 4454/4486/4469 4455/4342/4338
f 4441/4487/4470 4453/4350/4345 4454/4486/4469
f 4636/4488/4471 4442/4489/4472 4441/4487/4470
f 4639/4490/4473 4443/4491/4474 4442/4489/4472
f 4642/4492/4475 4444/4493/4476 4443/4491/4474
f 4646/4494/4477 4445/4495/4478 4444/4493/4476
f 4643/4435/4421 4446/4496/4479 4445/4495/4478
f 4449/4418/4408 4446/4496/4479 4447/4497/4480
f 4441/4487/4470 4442/4489/4472 4452/4351/4346
f 4439/4483/4467 4455/4342/4338 3763/4498/3785
f 4445/4495/4478 4456/4354/4349 4450/4353/4348
f 4446/4496/4479 4449/4418/4408 4456/4354/4349
f 4416/4356/4351 4397/4343/4339 4455/4342/4338
f 4442/4489/4472 4443/4491/4474 4451/4352/4347
f 4444/4493/4476 4450/4353/4348 4451/4352/4347
f 4297/4296/4293 4416/4356/4351 4454/4486/4469
f 4379/4341/4337 4449/4418/4408 4448/4499/4481
f 4463/4381/4373 4341/4340/4336 4342/4467/4451
f 4339/4374/4368 4340/4339/4335 4466/4338/4334
f 4396/4500/4482 3643/4378/3661 3777/4387/3670
f 4464/4384/4376 4338/4379/4371 4339/4374/4368
f 4465/4423/4413 4337/4421/4411 4383/4369/4363
f 4470/4447/4432 4419/4450/4434 4396/4500/4482
f 4462/4382/4374 4342/4467/4451 4419/4450/4434
f 4283/4329/4326 4461/4501/4483 4465/4423/4413
f 4337/4421/4411 4465/4423/4413 4461/4501/4483
f 4381/4367/4361 4380/4436/4422 4320/4283/4280
f 4325/4420/4410 4319/4437/4423 4380/4436/4422
f 4638/4502/4484 4176/4406/4396 4481/4503/4485
f 4484/4504/4486 4483/4505/4487 4366/4407/4397
f 4482/4506/4488 4365/4280/4277 4366/4407/4397
f 4482/4506/4488 4483/4505/4487 4487/4507/4489
f 4648/4508/4490 4647/4509/4491 4481/4503/4485
f 4484/4504/4486 4488/4510/4492 4487/4507/4489
f 4490/4511/4493 4486/4512/4494 4487/4507/4489
f 4649/4513/4495 4648/4508/4490 4485/4514/4496
f 4488/4510/4492 4492/4515/4497 4491/4516/4498
f 4448/4499/4481 4447/4497/4480 4496/4517/4499
f 4644/4518/4500 4319/4437/4423 4495/4519/4501
f 4291/4415/4405 4318/4417/4407 4494/4520/4502
f 4497/4521/4503 4494/4520/4502 4318/4417/4407
f 4179/4416/4406 4291/4415/4405 4493/4522/4504
f 4285/4523/4505 4495/4519/4501 4319/4437/4423
f 4280/4524/4506 4489/4525/4507 4485/4514/4496
f 4481/4503/4485 4174/4526/4508 4281/4527/4509
f 4490/4511/4493 4282/4528/4510 4358/4529/4511
f 4365/4280/4277 4482/4506/4488 4385/4530/4512
f 4385/4530/4512 4482/4506/4488 4486/4512/4494
f 4174/4526/4508 4481/4503/4485 4176/4406/4396
f 4277/4531/4513 4498/4532/4514 4489/4525/4507
f 4278/4533/4515 4269/4332/4329 4498/4532/4514
f 4275/4328/4325 4843/4534/4516 4833/4535/4517
f 4286/4458/4442 4832/4536/4518 4834/4537/4519
f 4437/4331/4328 4844/4538/4520 4835/4539/4521
f 4815/4540/4522 4814/4541/4523 4509/4542/4524
f 4317/4543/4525 4846/4544/4526 4837/4545/4527
f 4847/4546/4528 4838/4547/4529 4494/4520/4502
f 4511/4548/4530 4821/4549/4531 4820/4550/4532
f 4519/4551/4533 4819/4552/4534 4822/4553/4535
f 4492/4515/4497 4850/4554/4536 4840/4555/4537
f 4269/4332/4329 4835/4539/4521 4848/4556/4538
f 4827/4557/4539 4826/4558/4540 4512/4559/4541
f 4507/4560/4542 4817/4561/4543 4828/4562/4544
f 4512/4559/4541 4826/4558/4540 4823/4563/4545
f 4285/4523/4505 4834/4537/4519 4842/4564/4546
f 4515/4565/4547 4828/4562/4544 4818/4566/4548
f 4651/4567/4549 4830/4568/4550 4821/4549/4531
f 4825/4569/4551 4815/4540/4522 4504/4570/4552
f 4283/4329/4326 4833/4535/4517 4845/4571/4553
f 4508/4572/4554 4813/4573/4555 4816/4574/4556
f 4652/4575/4557 4831/4576/4558 4829/4577/4559
f 4514/4578/4560 4536/4579/4561 4535/4580/4562
f 4507/4560/4542 4529/4581/4563 4523/4582/4564
f 4499/4583/4565 4521/4584/4566 4542/4585/4567
f 4541/4586/4568 4519/4551/4533 4518/4587/4569
f 4534/4588/4570 4512/4559/4541 4513/4589/4571
f 4530/4590/4572 4521/4584/4566 4499/4583/4565
f 4510/4591/4573 4504/4570/4552 4526/4592/4574
f 4507/4560/4542 4515/4565/4547 4537/4593/4575
f 4653/4594/4576 4651/4567/4549 4511/4548/4530
f 4525/4595/4577 4531/4596/4578 4509/4542/4524
f 4528/4597/4579 4527/4598/4580 4505/4599/4581
f 4505/4599/4581 4527/4598/4580 4539/4600/4582
f 4537/4593/4575 4515/4565/4547 4516/4601/4583
f 4504/4570/4552 4509/4542/4524 4531/4596/4578
f 4508/4572/4554 4501/4602/4584 4523/4582/4564
f 4524/4603/4585 4502/4604/4586 4512/4559/4541
f 4654/4605/4587 4652/4575/4557 4517/4606/4588
f 4500/4607/4589 4522/4608/4590 4525/4595/4577
f 4533/4609/4591 4511/4548/4530 4520/4610/4592
f 4519/4551/4533 4541/4586/4568 4538/4611/4593
f 4546/4612/4594 4524/4603/4585 4534/4588/4570
f 4654/4605/4587 4539/4600/4582 4561/4613/4595
f 4522/4608/4590 4544/4614/4596 4547/4615/4597
f 4555/4616/4598 4533/4609/4591 4542/4585/4567
f 4541/4586/4568 4563/4617/4599 4560/4618/4600
f 4536/4579/4561 4558/4619/4601 4557/4620/4602
f 4551/4621/4603 4545/4622/4604 4523/4582/4564
f 4521/4584/4566 4543/4623/4605 4564/4624/4606
f 4563/4617/4599 4541/4586/4568 4540/4625/4607
f 4556/4626/4608 4534/4588/4570 4535/4580/4562
f 4552/4627/4609 4543/4623/4605 4521/4584/4566
f 4532/4628/4610 4526/4592/4574 4548/4629/4611
f 4529/4581/4563 4537/4593/4575 4559/4630/4612
f 4655/4631/4613 4653/4594/4576 4533/4609/4591
f 4525/4595/4577 4547/4615/4597 4553/4632/4614
f 4550/4633/4615 4549/4634/4616 4527/4598/4580
f 4549/4634/4616 4561/4613/4595 4539/4600/4582
f 4559/4630/4612 4537/4593/4575 4538/4611/4593
f 4526/4592/4574 4531/4596/4578 4553/4632/4614
f 4530/4590/4572 4523/4582/4564 4545/4622/4604
f 4657/4635/4617 4723/4636/4618 4746/4637/4619
f 4581/4638/4620 4752/4639/4621 4743/4640/4622
f 4751/4641/4623 4699/4642/4624 4575/4643/4625
f 4758/4644/4626 4740/4645/4627 4567/4646/4628
f 4757/4647/4629 4739/4648/4630 4578/4649/4631
f 4658/4650/4632 4722/4651/4633 4753/4652/4634
f 4577/4653/4635 4746/4637/4619 4695/4654/4636
f 4585/4655/4637 4694/4656/4638 4756/4657/4639
f 4578/4649/4631 4739/4648/4630 4755/4658/4640
f 4738/4659/4641 4751/4641/4623 4570/4660/4642
f 4702/4661/4643 4752/4639/4621 4581/4638/4620
f 4794/4662/4644 4784/4663/4645 4586/4664/4646
f 4797/4665/4647 4794/4662/4644 4565/4666/4648
f 4801/4667/4649 4790/4668/4650 4575/4643/4625
f 4802/4669/4651 4791/4670/4652 4571/4671/4653
f 4571/4671/4653 4791/4670/4652 4792/4672/4654
f 4566/4673/4655 4805/4674/4656 4801/4667/4649
f 4585/4655/4637 4785/4675/4657 4803/4676/4658
f 4580/4677/4659 4789/4678/4660 4796/4679/4661
f 4788/4680/4662 4804/4681/4663 4567/4646/4628
f 4725/4682/4664 4626/4683/4665 4618/4684/4666
f 4609/4685/4667 4612/4686/4668 4622/4687/4669
f 4630/4688/4670 4693/4689/4671 4706/4690/4672
f 4725/4682/4664 4735/4691/4673 4662/4692/4674
f 4611/4693/4675 4610/4694/4676 4714/4695/4677
f 4623/4696/4678 4629/4697/4679 4730/4698/4680
f 4729/4699/4681 4715/4700/4682 4616/4701/4683
f 4704/4702/4684 4618/4684/4666 4617/4703/4685
f 4730/4698/4680 4629/4697/4679 4624/4704/4686
f 4724/4705/4687 4709/4706/4688 4664/4707/4689
f 4726/4708/4690 4729/4699/4681 4628/4709/4691
f 4661/4710/4692 4621/4711/4693 4697/4712/4694
f 4610/4694/4676 4611/4693/4675 4616/4701/4683
f 4628/4709/4691 4616/4701/4683 4605/4713/4695
f 4627/4714/4696 4628/4709/4691 4593/4715/4697
f 4591/4716/4698 4630/4688/4670 4624/4704/4686
f 4612/4686/4668 4659/4717/4699 4599/4718/4700
f 4659/4717/4699 4612/4686/4668 4619/4719/4701
f 4595/4720/4702 4603/4721/4703 4618/4684/4666
f 4598/4722/4704 4592/4723/4705 4629/4697/4679
f 4625/4724/4706 4664/4707/4689 4587/4725/4707
f 4621/4711/4693 4600/4726/4708 4601/4727/4709
f 4607/4728/4710 4606/4729/4711 4615/4730/4712
f 4587/4725/4707 4664/4707/4689 4613/4731/4713
f 4626/4683/4665 4662/4692/4674 4589/4732/4714
f 4602/4733/4715 4619/4719/4701 4620/4734/4716
f 4614/4735/4717 4617/4703/4685 4604/4736/4718
f 4622/4687/4669 4599/4718/4700 4608/4737/4719
f 4588/4738/4720 4663/4739/4721 4630/4688/4670
f 4660/4740/4722 4605/4713/4695 4616/4701/4683
f 4590/4741/4723 4600/4726/4708 4621/4711/4693
f 4757/4647/4629 4546/4612/4594 4556/4626/4608
f 4739/4648/4630 4556/4626/4608 4557/4620/4602
f 4558/4619/4601 4700/4742/4724 4755/4658/4640
f 4655/4631/4613 4723/4636/4618 4700/4742/4724
f 4723/4636/4618 4655/4631/4613 4555/4616/4598
f 4746/4637/4619 4555/4616/4598 4564/4624/4606
f 4564/4624/4606 4543/4623/4605 4701/4743/4725
f 4632/4346/4341 4440/4485/4468 4439/4483/4467
f 4633/4349/4344 4441/4487/4470 4440/4485/4468
f 4637/4404/4394 4387/4424/4414 4386/4428/4417
f 4387/4424/4414 4637/4404/4394 4638/4502/4484
f 4634/4405/4395 4386/4428/4417 4389/4445/4430
f 4394/4449/4433 3694/4448/3732 3952/4430/3715
f 4446/4496/4479 4643/4435/4421 4644/4518/4500
f 4360/4403/4393 4359/4395/4385 4635/4409/4399
f 4390/4441/4427 4169/4463/4447 4645/4469/4453
f 4169/4463/4447 4360/4403/4393 4640/4453/4437
f 4402/4412/4402 4631/4347/4342 3942/4744/4031
f 4323/4401/4391 4636/4488/4471 4633/4349/4344
f 4322/4289/4286 4639/4490/4473 4636/4488/4471
f 4321/4284/4281 4642/4492/4475 4639/4490/4473
f 4320/4283/4280 4646/4494/4477 4642/4492/4475
f 4380/4436/4422 4643/4435/4421 4646/4494/4477
f 4388/4426/4416 4638/4502/4484 4647/4509/4491
f 4488/4510/4492 4484/4504/4486 4647/4509/4491
f 4492/4515/4497 4488/4510/4492 4648/4508/4490
f 4447/4497/4480 4644/4518/4500 4650/4745/4726
f 4514/4578/4560 4824/4746/4727 4830/4568/4550
f 4518/4587/4569 4822/4553/4535 4831/4576/4558
f 4536/4579/4561 4514/4578/4560 4651/4567/4549
f 4540/4625/4607 4518/4587/4569 4652/4575/4557
f 4562/4747/4728 4540/4625/4607 4654/4605/4587
f 4558/4619/4601 4536/4579/4561 4653/4594/4576
f 4580/4677/4659 4700/4742/4724 4723/4636/4618
f 4584/4748/4729 4756/4657/4639 4722/4651/4633
f 4596/4749/4730 4589/4732/4714 4662/4692/4674
f 4592/4723/4705 4597/4750/4731 4624/4704/4686
f 4618/4684/4666 4603/4721/4703 4604/4736/4718
f 4611/4693/4675 4615/4730/4712 4606/4729/4711
f 4543/4623/4605 4552/4627/4609 4758/4644/4626
f 4740/4645/4627 4758/4644/4626 4552/4627/4609
f 4785/4675/4657 4795/4751/4732 4668/4752/4733
f 4671/4753/4734 4786/4754/4735 4796/4679/4661
f 4787/4755/4736 4798/4756/4737 4673/4757/4738
f 4676/4758/4739 4788/4680/4662 4799/4759/4740
f 4687/4760/4741 4806/4761/4742 4800/4762/4743
f 4675/4763/4744 4799/4759/4740 4803/4676/4658
f 4798/4756/4737 4790/4668/4650 4679/4764/4745
f 4797/4665/4647 4804/4681/4663 4685/4765/4746
f 4665/4766/4747 4793/4767/4748 4786/4754/4735
f 4688/4768/4749 4807/4769/4750 4792/4672/4654
f 4677/4770/4751 4800/4762/4743 4784/4663/4645
f 4678/4771/4752 4789/4678/4660 4806/4761/4742
f 4795/4751/4732 4807/4769/4750 4688/4768/4749
f 4573/4772/4753 4567/4646/4628 4740/4645/4627
f 4545/4622/4604 4551/4621/4603 4702/4661/4643
f 4752/4639/4621 4702/4661/4643 4551/4621/4603
f 4752/4639/4621 4559/4630/4612 4560/4618/4600
f 4563/4617/4599 4694/4656/4638 4743/4640/4622
f 4694/4656/4638 4563/4617/4599 4562/4747/4728
f 4754/4773/4754 4571/4671/4653 4583/4774/4755
f 4656/4775/4756 4722/4651/4633 4756/4657/4639
f 4697/4712/4694 4621/4711/4693 4620/4734/4716
f 4664/4707/4689 4709/4706/4688 4712/4776/4757
f 4694/4656/4638 4585/4655/4637 4582/4777/4758
f 4708/4778/4759 4693/4689/4671 4630/4688/4670
f 4574/4779/4760 4565/4666/4648 4701/4743/4725
f 4572/4780/4761 4571/4671/4653 4754/4773/4754
f 4753/4652/4634 4722/4651/4633 4656/4775/4756
f 4569/4781/4762 4575/4643/4625 4699/4642/4624
f 4561/4613/4595 4549/4634/4616 4754/4773/4754
f 4700/4742/4724 4580/4677/4659 4579/4782/4763
f 4565/4666/4648 4586/4664/4646 4695/4654/4636
f 4549/4634/4616 4550/4633/4615 4744/4783/4764
f 4696/4784/4765 4566/4673/4655 4569/4781/4762
f 4751/4641/4623 4738/4659/4641 4554/4785/4766
f 4699/4642/4624 4751/4641/4623 4548/4629/4611
f 4553/4632/4614 4547/4615/4597 4745/4786/4767
f 4547/4615/4597 4544/4614/4596 4696/4784/4765
f 4713/4787/4768 4614/4735/4717 4615/4730/4712
f 4612/4686/4668 4609/4685/4667 4716/4788/4769
f 4619/4719/4701 4716/4788/4769 4717/4789/4770
f 4625/4724/4706 4662/4692/4674 4735/4691/4673
f 4716/4788/4769 4691/4790/4771 4692/4791/4772
f 4698/4792/4773 4622/4687/4669 4613/4731/4713
f 4609/4685/4667 4732/4793/4774 4691/4790/4771
f 4732/4793/4774 4609/4685/4667 4698/4792/4773
f 4748/4794/4775 4698/4792/4773 4712/4776/4757
f 4709/4706/4688 4737/4795/4776 4690/4796/4777
f 4724/4705/4687 4727/4797/4778 4737/4795/4776
f 4727/4797/4778 4724/4705/4687 4735/4691/4673
f 4725/4682/4664 4728/4798/4779 4750/4799/4780
f 4728/4798/4779 4725/4682/4664 4704/4702/4684
f 4721/4800/4781 4704/4702/4684 4703/4801/4782
f 4713/4787/4768 4689/4802/4783 4720/4803/4784
f 4614/4735/4717 4713/4787/4768 4703/4801/4782
f 4689/4802/4783 4713/4787/4768 4714/4695/4677
f 4610/4694/4676 4733/4804/4785 4742/4805/4786
f 4733/4804/4785 4610/4694/4676 4715/4700/4682
f 4729/4699/4681 4710/4806/4787 4741/4807/4788
f 4726/4708/4690 4707/4808/4789 4710/4806/4787
f 4711/4809/4790 4718/4810/4791 4705/4811/4792
f 4719/4812/4793 4711/4809/4790 4730/4698/4680
f 4693/4689/4671 4731/4813/4794 4719/4812/4793
f 4693/4689/4671 4708/4778/4759 4736/4814/4795
f 4749/4815/4796 4734/4816/4797 4697/4712/4694
f 4747/4817/4798 4697/4712/4694 4717/4789/4770
f 4780/4818/4799 4733/4804/4785 4741/4807/4788
f 4774/4819/4800 4747/4817/4798 4692/4791/4772
f 4588/4738/4720 4686/4820/4801 4665/4766/4747
f 4768/4821/4802 4742/4805/4786 4733/4804/4785
f 4768/4821/4802 4769/4822/4803 4689/4802/4783
f 4588/4738/4720 4590/4741/4723 4661/4710/4692
f 4772/4823/4804 4773/4824/4805 4760/4825/4806
f 4776/4826/4807 4759/4827/4808 4761/4828/4809
f 4734/4816/4797 4749/4815/4796 4736/4814/4795
f 4764/4829/4810 4762/4830/4811 4760/4825/4806
f 4775/4831/4812 4763/4832/4813 4762/4830/4811
f 4750/4799/4780 4771/4833/4814 4763/4832/4813
f 4760/4825/4806 4762/4830/4811 4770/4834/4815
f 4663/4739/4721 4661/4710/4692 4734/4816/4797
f 4761/4828/4809 4760/4825/4806 4777/4835/4816
f 4777/4835/4816 4770/4834/4815 4782/4836/4817
f 4759/4827/4808 4774/4819/4800 4772/4823/4804
f 4692/4791/4772 4691/4790/4771 4773/4824/4805
f 4732/4793/4774 4764/4829/4810 4773/4824/4805
f 4748/4794/4775 4775/4831/4812 4764/4829/4810
f 4766/4837/4818 4780/4818/4799 4781/4838/4819
f 4767/4839/4820 4776/4826/4807 4778/4840/4821
f 4763/4832/4813 4771/4833/4814 4770/4834/4815
f 4731/4813/4794 4736/4814/4795 4774/4819/4800
f 4719/4812/4793 4731/4813/4794 4759/4827/4808
f 4777/4835/4816 4766/4837/4818 4765/4841/4822
f 4775/4831/4812 4748/4794/4775 4690/4796/4777
f 4707/4808/4789 4718/4810/4791 4779/4842/4823
f 4776/4826/4807 4767/4839/4820 4711/4809/4790
f 4779/4842/4823 4767/4839/4820 4765/4841/4822
f 4770/4834/4815 4771/4833/4814 4783/4843/4824
f 4710/4806/4787 4779/4842/4823 4781/4838/4819
f 4782/4836/4817 4783/4843/4824 4769/4822/4803
f 4766/4837/4818 4782/4836/4817 4768/4821/4802
f 4728/4798/4779 4783/4843/4824 4771/4833/4814
f 4763/4832/4813 4775/4831/4812 4737/4795/4776
f 4720/4803/4784 4689/4802/4783 4769/4822/4803
f 4721/4800/4781 4769/4822/4803 4783/4843/4824
f 4667/4844/4825 4666/4845/4826 4784/4663/4645
f 4672/4846/4827 4667/4844/4825 4794/4662/4644
f 4680/4847/4828 4679/4764/4745 4790/4668/4650
f 4802/4669/4651 4682/4848/4829 4681/4849/4830
f 4791/4670/4652 4681/4849/4830 4683/4850/4831
f 4805/4674/4656 4686/4820/4801 4680/4847/4828
f 4785/4675/4657 4669/4851/4832 4684/4852/4833
f 4789/4678/4660 4678/4771/4752 4670/4853/4834
f 4676/4758/4739 4685/4765/4746 4804/4681/4663
f 4785/4675/4657 4585/4655/4637 4584/4748/4729
f 4578/4649/4631 4579/4782/4763 4796/4679/4661
f 4576/4854/4835 4570/4660/4642 4798/4756/4737
f 4788/4680/4662 4573/4772/4753 4581/4638/4620
f 4806/4761/4742 4657/4635/4617 4577/4653/4635
f 4799/4759/4740 4581/4638/4620 4582/4777/4758
f 4570/4660/4642 4575/4643/4625 4790/4668/4650
f 4574/4779/4760 4567/4646/4628 4804/4681/4663
f 4568/4855/4836 4578/4649/4631 4786/4754/4735
f 4807/4769/4750 4658/4650/4632 4583/4774/4755
f 4800/4762/4743 4577/4653/4635 4586/4664/4646
f 4789/4678/4660 4580/4677/4659 4657/4635/4617
f 4795/4751/4732 4584/4748/4729 4658/4650/4632
f 4678/4771/4752 4602/4733/4715 4601/4727/4709
f 4687/4760/4741 4659/4717/4699 4602/4733/4715
f 4659/4717/4699 4687/4760/4741 4677/4770/4751
f 4599/4718/4700 4677/4770/4751 4666/4845/4826
f 4667/4844/4825 4587/4725/4707 4608/4737/4719
f 4667/4844/4825 4672/4846/4827 4596/4749/4730
f 4589/4732/4714 4596/4749/4730 4672/4846/4827
f 4685/4765/4746 4676/4758/4739 4595/4720/4702
f 4603/4721/4703 4595/4720/4702 4676/4758/4739
f 4603/4721/4703 4675/4763/4744 4684/4852/4833
f 4669/4851/4832 4607/4728/4710 4604/4736/4718
f 4606/4729/4711 4607/4728/4710 4669/4851/4832
f 4668/4752/4733 4688/4768/4749 4660/4740/4722
f 4605/4713/4695 4660/4740/4722 4688/4768/4749
f 4681/4849/4830 4593/4715/4697 4605/4713/4695
f 4682/4848/4829 4594/4856/4837 4593/4715/4697
f 4592/4723/4705 4598/4722/4704 4674/4857/4838
f 4597/4750/4731 4592/4723/4705 4673/4757/4738
f 4679/4764/4745 4680/4847/4828 4591/4716/4698
f 4686/4820/4801 4588/4738/4720 4591/4716/4698
f 4590/4741/4723 4665/4766/4747 4671/4753/4734
f 4600/4726/4708 4671/4753/4734 4670/4853/4834
f 4500/4607/4589 4503/4858/4839 4809/4859/4840
f 4808/4860/4841 4506/4861/4842 4505/4599/4581
f 4508/4572/4554 4499/4583/4565 4812/4862/4843
f 4815/4540/4522 4836/4863/4844 4845/4571/4553
f 4817/4561/4543 4507/4560/4542 4501/4602/4584
f 4819/4552/4534 4519/4551/4533 4516/4601/4583
f 4696/4784/4765 4544/4614/4596 4546/4612/4594
f 4821/4549/4531 4839/4864/4845 4848/4556/4538
f 4819/4552/4534 4847/4546/4528 4849/4865/4846
f 4824/4746/4727 4514/4578/4560 4513/4589/4571
f 4812/4862/4843 4499/4583/4565 4520/4610/4592
f 4827/4557/4539 4841/4866/4847 4852/4867/4848
f 4817/4561/4543 4846/4544/4526 4853/4868/4849
f 4826/4558/4540 4852/4867/4848 4840/4555/4537
f 4566/4673/4655 4696/4784/4765 4757/4647/4629
f 4811/4869/4850 4505/4599/4581 4517/4606/4588
f 4853/4868/4849 4838/4547/4529 4818/4566/4548
f 4830/4568/4550 4854/4870/4851 4839/4864/4845
f 4825/4569/4551 4851/4871/4852 4836/4863/4844
f 4503/4858/4839 4509/4542/4524 4814/4541/4523
f 4813/4573/4555 4844/4538/4520 4837/4545/4527
f 4831/4576/4558 4855/4872/4853 4842/4564/4546
f 4824/4746/4727 4850/4554/4536 4854/4870/4851
f 4822/4553/4535 4849/4865/4846 4855/4872/4853
f 4810/4873/4854 4809/4859/4840 4833/4535/4517
f 4832/4536/4518 4808/4860/4841 4811/4869/4850
f 4844/4538/4520 4813/4573/4555 4812/4862/4843
f 4846/4544/4526 4817/4561/4543 4816/4574/4556
f 4819/4552/4534 4818/4566/4548 4838/4547/4529
f 4850/4554/4536 4824/4746/4727 4823/4563/4545
f 4835/4539/4521 4812/4862/4843 4820/4550/4532
f 4834/4537/4519 4811/4869/4850 4829/4577/4559
f 4833/4535/4517 4809/4859/4840 4814/4541/4523
f 4718/4810/4791 4707/4808/4789 4726/4708/4690
f 4836/4863/4844 4284/4459/4443 4461/4501/4483
f 4568/4855/4836 4793/4767/4748 4805/4674/4656
f 4839/4864/4845 4489/4525/4507 4498/4532/4514
f 4497/4521/4503 4496/4517/4499 4849/4865/4846
f 4282/4528/4510 4490/4511/4493 4852/4867/4848
f 4317/4543/4525 4493/4522/4504 4853/4868/4849
f 4852/4867/4848 4490/4511/4493 4491/4516/4498
f 4793/4767/4748 4665/4766/4747 4686/4820/4801
f 4493/4522/4504 4494/4520/4502 4838/4547/4529
f 4854/4870/4851 4649/4513/4495 4489/4525/4507
f 4851/4871/4852 4471/4460/4444 4284/4459/4443
f 4844/4538/4520 4437/4331/4328 4276/4337/4333
f 4650/4745/4726 4495/4519/4501 4842/4564/4546
f 4850/4554/4536 4492/4515/4497 4649/4513/4495
f 4849/4865/4846 4496/4517/4499 4650/4745/4726
f 4767/4839/4820 4779/4842/4823 4718/4810/4791
f 4736/4814/4795 4749/4815/4796 4747/4817/4798
f 4627/4714/4696 4623/4696/4678 4705/4811/4792
f 4594/4856/4837 4598/4722/4704 4623/4696/4678
f 4598/4722/4704 4594/4856/4837 4682/4848/4829
f 4802/4669/4651 4787/4755/4736 4674/4857/4838
f 4787/4755/4736 4802/4669/4651 4572/4780/4761
f 4744/4783/4764 4738/4659/4641 4576/4854/4835
f 4550/4633/4615 4554/4785/4766 4738/4659/4641
f 4528/4597/4579 4532/4628/4610 4554/4785/4766
f 4532/4628/4610 4528/4597/4579 4506/4861/4842
f 4506/4861/4842 4808/4860/4841 4825/4569/4551
f 4808/4860/4841 4832/4536/4518 4851/4871/4852
f 4471/4460/4444 4851/4871/4852 4832/4536/4518
f 4471/4460/4444 4286/4458/4442 4331/4419/4409
f 4382/4366/4360 4478/4370/4364 4473/4422/4412
f 4478/4370/4364 4382/4366/4360 4332/4362/4356
f 4472/4371/4365 4332/4362/4356 4333/4357/4352
f 4524/4603/4585 4546/4612/4594 4544/4614/4596
f 4522/4608/4590 4500/4607/4589 4502/4604/4586
f 4810/4873/4854 4827/4557/4539 4502/4604/4586
f 4810/4873/4854 4843/4534/4516 4841/4866/4847
f 4841/4866/4847 4843/4534/4516 4275/4328/4325
f 4270/4326/4323 4358/4529/4511 4282/4528/4510
f 4458/4874/4855 4385/4530/4512 4358/4529/4511
f 4458/4874/4855 4273/4275/4272 4357/4281/4278
f 4273/4275/4272 4274/4278/4275 4356/4287/4284
f 4274/4278/4275 4457/4335/4331 4287/4286/4283
f 4457/4335/4331 4271/4272/4269 4289/4170/4170
f 4271/4272/4269 4272/4276/4273 4288/4171/4171
f 4460/4268/4265 4423/4399/4389 4288/4171/4171
f 4459/4333/4330 4399/4465/4449 4423/4399/4389
f 3766/4875/4162 3582/4434/3718 4399/4465/4449
f 4476/4375/4369 4333/4357/4352 4334/4368/4362
f 4475/4372/4366 4334/4368/4362 4335/4363/4357
f 4474/4373/4367 4335/4363/4357 4336/4466/4450
f 4420/4443/4428 4480/4451/4435 4477/4380/4372
f 4479/4376/4370 4480/4451/4435 4420/4443/4428
f 3787/4377/3662 4479/4376/4370 4400/4359/4354
f 4350/4169/4169 4288/4171/4171 4349/4392/4382
f 4178/4172/4172 4185/4174/4174 4187/4410/4400
f 4182/4175/4175 4301/4177/4177 4300/4227/4227
f 4186/4178/4178 4190/4180/4180 4188/4290/4287
f 4189/4179/4179 4192/4182/4182 4190/4180/4180
f 4191/4181/4181 4194/4184/4184 4192/4182/4182
f 4193/4183/4183 4196/4186/4186 4194/4184/4184
f 4197/4187/4187 4196/4186/4186 4195/4185/4185
f 4199/4189/4189 4202/4191/4191 4200/4228/4228
f 4201/4190/4190 4204/4193/4193 4202/4191/4191
f 4203/4192/4192 4206/4195/4195 4204/4193/4193
f 4205/4194/4194 4208/4197/4197 4206/4195/4195
f 4209/4198/4198 4208/4197/4197 4207/4196/4196
f 4181/4176/4176 4302/4201/4201 4301/4177/4177
f 4368/4202/4202 4215/4204/4204 4216/4205/4205
f 4216/4205/4205 4218/4206/4206 4219/4208/4208
f 4222/4207/4207 4218/4206/4206 4221/4210/4210
f 4226/4209/4209 4221/4210/4210 4224/4217/4217
f 4236/4211/4211 4225/4213/4213 4238/4306/4303
f 4230/4214/4214 4231/4216/4216 4236/4211/4211
f 4230/4214/4214 4224/4217/4217 4228/4218/4218
f 4235/4215/4215 4228/4218/4218 4233/4222/4222
f 4231/4216/4216 4229/4212/4212 4236/4211/4211
f 4226/4209/4209 4236/4211/4211 4238/4306/4303
f 4411/4220/4220 4227/4221/4221 4223/4457/4441
f 4233/4222/4222 3518/3503/3503 3524/4163/4163
f 4207/4196/4196 4214/4224/4224 4209/4198/4198
f 4207/4196/4196 4212/4225/4225 4213/4223/4223
f 4221/4210/4210 3503/3507/3507 3507/3580/3580
f 4183/4226/4226 4300/4227/4227 4299/4481/4465
f 4189/4179/4179 4200/4228/4228 4202/4191/4191
f 4191/4181/4181 4202/4191/4191 4204/4193/4193
f 4193/4183/4183 4204/4193/4193 4206/4195/4195
f 4195/4185/4185 4206/4195/4195 4208/4197/4197
f 4195/4185/4185 4210/4199/4199 4197/4187/4187
f 4190/4180/4180 4240/4229/4229 4239/4233/4233
f 4242/4230/4230 4198/4188/4188 4243/4237/4237
f 4241/4231/4231 4196/4186/4186 4242/4230/4230
f 4240/4229/4229 4194/4184/4184 4241/4231/4231
f 4244/4232/4232 4240/4229/4229 4245/4234/4234
f 4245/4234/4234 4241/4231/4231 4246/4235/4235
f 4246/4235/4235 4242/4230/4230 4247/4236/4236
f 4247/4236/4236 4243/4237/4237 4248/4242/4242
f 4249/4238/4238 4245/4234/4234 4250/4239/4239
f 4250/4239/4239 4246/4235/4235 4251/4240/4240
f 4251/4240/4240 4247/4236/4236 4252/4241/4241
f 4252/4241/4241 4248/4242/4242 4253/4247/4247
f 4254/4243/4243 4250/4239/4239 4255/4244/4244
f 4255/4244/4244 4251/4240/4240 4256/4245/4245
f 4256/4245/4245 4252/4241/4241 4257/4246/4246
f 4257/4246/4246 4253/4247/4247 4258/4252/4252
f 4259/4248/4248 4255/4244/4244 4260/4249/4249
f 4260/4249/4249 4256/4245/4245 4261/4250/4250
f 4261/4250/4250 4257/4246/4246 4262/4251/4251
f 4262/4251/4251 4258/4252/4252 4263/4257/4257
f 4264/4253/4253 4260/4249/4249 4265/4254/4254
f 4265/4254/4254 4261/4250/4250 4266/4255/4255
f 4266/4255/4255 4262/4251/4251 4267/4256/4256
f 4267/4256/4256 4263/4257/4257 4268/4468/4452
f 3557/4258/3540 4393/4260/4259 3558/4876/4164
f 4393/4260/4259 3559/4262/3543 3558/4876/4164
f 3559/4262/3543 4404/4263/4261 3560/4877/4165
f 4404/4263/4261 3561/4265/3546 3560/4877/4165
f 4348/4266/4263 4460/4268/4265 4272/4276/4273
f 4460/4268/4265 4395/4269/4266 4459/4333/4330
f 4346/4270/4267 4271/4272/4269 4457/4335/4331
f 4384/4273/4270 4273/4275/4272 4458/4874/4855
f 4347/4271/4268 4272/4276/4273 4271/4272/4269
f 4344/4274/4271 4274/4278/4275 4273/4275/4272
f 4354/4279/4276 4357/4281/4278 4356/4287/4284
f 4326/4282/4279 4321/4284/4281 4327/4288/4285
f 4353/4285/4282 4289/4170/4170 4350/4169/4169
f 4354/4279/4276 4287/4286/4283 4353/4285/4282
f 4327/4288/4285 4322/4289/4286 4328/4358/4353
f 4188/4290/4287 4239/4233/4233 4292/4292/4289
f 4244/4232/4232 4292/4292/4289 4239/4233/4233
f 4244/4232/4232 4294/4293/4290 4293/4291/4288
f 4249/4238/4238 4295/4294/4291 4294/4293/4290
f 4254/4243/4243 4296/4295/4292 4295/4294/4291
f 4259/4248/4248 4297/4296/4293 4296/4295/4292
f 4302/4201/4201 4303/4297/4294 4304/4336/4332
f 4224/4217/4217 3507/3580/3580 3512/3581/3581
f 3512/3581/3581 4228/4218/4218 4224/4217/4217
f 4305/4298/4295 4308/4300/4297 4307/4454/4438
f 4298/4301/4298 4306/4299/4296 4184/4413/4403
f 4217/4302/4299 4310/4304/4301 4220/4479/4463
f 4412/4305/4302 4225/4213/4213 4411/4220/4220
f 4222/4207/4207 4238/4306/4303 4412/4305/4302
f 4232/4307/4304 4234/4219/4219 4237/4478/4462
f 4225/4213/4213 4232/4307/4304 4227/4221/4221
f 4309/4303/4300 4311/4309/4306 4310/4304/4301
f 4370/4310/4307 4306/4299/4296 4305/4298/4295
f 4372/4312/4309 4309/4303/4300 4217/4302/4299
f 4313/4313/4310 4407/4315/4312 4211/4320/4317
f 4213/4223/4223 4314/4316/4313 4315/4317/4314
f 4213/4223/4223 4316/4318/4315 4214/4224/4224
f 4376/4319/4316 4199/4189/4189 4378/4323/4320
f 4374/4321/4318 4188/4290/4287 4373/4325/4322
f 4376/4319/4316 4313/4313/4310 4211/4320/4317
f 4374/4321/4318 4180/4200/4200 4375/4414/4404
f 4378/4323/4320 4200/4228/4228 4375/4414/4404
f 4292/4292/4289 4373/4325/4322 4188/4290/4287
f 4270/4326/4323 4384/4273/4270 4458/4874/4855
f 4275/4328/4325 4343/4327/4324 4270/4326/4323
f 4438/4330/4327 4269/4332/4329 4278/4533/4515
f 4459/4333/4330 3650/4334/3618 3766/4875/4162
f 4345/4277/4274 4457/4335/4331 4274/4278/4275
f 4304/4336/4332 4276/4337/4333 4279/4482/4466
f 4466/4338/4334 4341/4340/4336 4463/4381/4373
f 4379/4341/4337 4292/4292/4289 4293/4291/4288
f 4455/4342/4338 3615/4344/3627 3763/4498/3785
f 4417/4345/4340 4631/4347/4342 4402/4412/4402
f 4324/4348/4343 4632/4346/4341 4417/4345/4340
f 4453/4350/4345 4296/4295/4292 4297/4296/4293
f 4452/4351/4346 4295/4294/4291 4296/4295/4292
f 4450/4353/4348 4295/4294/4291 4451/4352/4347
f 4456/4354/4349 4294/4293/4290 4450/4353/4348
f 4264/4253/4253 4416/4356/4351 4297/4296/4293
f 4333/4357/4352 4328/4358/4353 4334/4368/4362
f 4400/4359/4354 3629/4361/3644 3636/4878/4166
f 4332/4362/4356 4327/4288/4285 4333/4357/4352
f 4335/4363/4357 4330/4365/4359 4336/4466/4450
f 4382/4366/4360 4326/4282/4279 4332/4362/4356
f 4334/4368/4362 4329/4364/4358 4335/4363/4357
f 4383/4369/4363 4472/4371/4365 4338/4379/4371
f 4340/4339/4335 4474/4373/4367 4341/4340/4336
f 4339/4374/4368 4475/4372/4366 4340/4339/4335
f 4479/4376/4370 3643/4378/3661 4396/4500/4482
f 4338/4379/4371 4476/4375/4369 4339/4374/4368
f 4341/4340/4336 4477/4380/4372 4342/4467/4451
f 4463/4381/4373 4348/4266/4263 4347/4271/4268
f 4384/4273/4270 4464/4384/4376 4344/4274/4271
f 4466/4338/4334 4347/4271/4268 4346/4270/4267
f 4467/4385/4377 4346/4270/4267 4345/4277/4274
f 4395/4269/4266 3777/4387/3670 3650/4334/3618
f 4464/4384/4376 4345/4277/4274 4344/4274/4271
f 4403/4388/4379 3584/4390/3673 3585/4879/4167
f 4351/4391/4381 4349/4392/4382 4290/4444/4429
f 4172/4393/4383 4359/4395/4385 4170/4402/4392
f 4352/4396/4386 4175/4398/4388 4176/4406/4396
f 4173/4397/4387 4355/4394/4384 4172/4393/4383
f 4423/4399/4389 4349/4392/4382 4288/4171/4171
f 4328/4358/4353 4323/4401/4391 4329/4364/4358
f 4329/4364/4358 4324/4348/4343 4330/4365/4359
f 4170/4402/4392 4360/4403/4393 4171/4464/4448
f 4352/4396/4386 4634/4405/4395 4355/4394/4384
f 4637/4404/4394 4176/4406/4396 4638/4502/4484
f 4330/4365/4359 4417/4345/4340 4421/4411/4401
f 4366/4407/4397 4354/4279/4276 4363/4408/4398
f 4363/4408/4398 4353/4285/4282 4364/4425/4415
f 4355/4394/4384 4635/4409/4399 4359/4395/4385
f 4187/4410/4400 4367/4203/4203 4368/4202/4202
f 4421/4411/4401 4402/4412/4402 4401/4360/4355
f 4312/4308/4305 4371/4311/4308 4370/4310/4307
f 4184/4413/4403 4371/4311/4308 4372/4312/4309
f 4182/4175/4175 4378/4323/4320 4181/4176/4176
f 4303/4297/4294 4373/4325/4322 4179/4416/4406
f 4182/4175/4175 4377/4322/4319 4376/4319/4316
f 4186/4178/4178 4375/4414/4404 4200/4228/4228
f 4181/4176/4176 4375/4414/4404 4180/4200/4200
f 4291/4415/4405 4373/4325/4322 4369/4324/4321
f 4318/4417/4407 4369/4324/4321 4379/4341/4337
f 4449/4418/4408 4293/4291/4288 4456/4354/4349
f 4331/4419/4409 4381/4367/4361 4382/4366/4360
f 4337/4421/4411 4478/4370/4364 4383/4369/4363
f 4343/4327/4324 4468/4383/4375 4384/4273/4270
f 4387/4424/4414 4364/4425/4415 4386/4428/4417
f 4363/4408/4398 4388/4426/4416 4366/4407/4397
f 4401/4360/4355 3622/4427/3711 3629/4361/3644
f 4386/4428/4417 4351/4391/4381 4389/4445/4430
f 4641/4429/4418 3696/4431/3714 4390/4441/4427
f 4405/4261/4260 4424/4433/4420 4404/4263/4261
f 3582/4434/3718 4398/4389/4380 4399/4465/4449
f 4643/4435/4421 4319/4437/4423 4644/4518/4500
f 4415/4438/4424 4391/4440/4426 4290/4444/4429
f 4390/4441/4427 3664/4442/3726 4362/4461/4445
f 4420/4443/4428 4401/4360/4355 4400/4359/4354
f 4290/4444/4429 4389/4445/4430 4351/4391/4381
f 4426/4446/4431 4405/4261/4260 4393/4260/4259
f 4422/4267/4264 4469/4386/4378 4395/4269/4266
f 4364/4425/4415 4350/4169/4169 4351/4391/4381
f 3694/4448/3732 4403/4388/4379 3585/4879/4167
f 4392/4259/4258 4426/4446/4431 4393/4260/4259
f 4419/4450/4434 4479/4376/4370 4396/4500/4482
f 4392/4259/4258 3615/4344/3627 4397/4343/4339
f 4404/4263/4261 4414/4452/4436 4406/4264/4262
f 4415/4438/4424 4398/4389/4380 4403/4388/4379
f 4640/4453/4437 4389/4445/4430 4391/4440/4426
f 4307/4454/4438 4187/4410/4400 4305/4298/4295
f 4368/4202/4202 4305/4298/4295 4187/4410/4400
f 4370/4310/4307 4216/4205/4205 4312/4308/4305
f 4219/4208/4208 4312/4308/4305 4216/4205/4205
f 4215/4204/4204 3503/3507/3507 4218/4206/4206
f 4367/4203/4203 3499/3739/3739 4215/4204/4204
f 3672/3740/3740 4185/4174/4174 3496/3741/3741
f 3496/3741/3741 4177/4173/4173 3468/4168/4168
f 4408/4314/4311 4409/4456/4440 4407/4315/4312
f 4201/4190/4190 4211/4320/4317 4407/4315/4312
f 4203/4192/4192 4407/4315/4312 4409/4456/4440
f 4310/4304/4301 4223/4457/4441 4220/4479/4463
f 4311/4309/4306 4411/4220/4220 4310/4304/4301
f 4219/4208/4208 4412/4305/4302 4311/4309/4306
f 4410/4455/4439 4212/4225/4225 4409/4456/4440
f 4205/4194/4194 4409/4456/4440 4212/4225/4225
f 4325/4420/4410 4286/4458/4442 4285/4523/4505
f 4284/4459/4443 4473/4422/4412 4337/4421/4411
f 4468/4383/4375 4338/4379/4371 4464/4384/4376
f 4362/4461/4445 4169/4463/4447 4390/4441/4427
f 4361/4462/4446 4360/4403/4393 4169/4463/4447
f 4413/4355/4350 4397/4343/4339 4416/4356/4351
f 4399/4465/4449 4425/4400/4390 4423/4399/4389
f 4418/4432/4419 4267/4256/4256 4424/4433/4420
f 4403/4388/4379 4427/4439/4425 4415/4438/4424
f 4336/4466/4450 4421/4411/4401 4420/4443/4428
f 4426/4446/4431 4266/4255/4255 4418/4432/4419
f 4348/4266/4263 4470/4447/4432 4422/4267/4264
f 4413/4355/4350 4265/4254/4254 4426/4446/4431
f 4342/4467/4451 4480/4451/4435 4419/4450/4434
f 4424/4433/4420 4268/4468/4452 4414/4452/4436
f 4290/4444/4429 4425/4400/4390 4415/4438/4424
f 4641/4429/4418 4427/4439/4425 4394/4449/4433
f 4427/4439/4425 4640/4453/4437 4391/4440/4426
f 4276/4337/4333 4179/4416/4406 4317/4543/4525
f 4428/4470/4454 4315/4317/4314 4429/4472/4456
f 4430/4471/4455 4315/4317/4314 4314/4316/4313
f 4431/4473/4457 4314/4316/4313 4410/4455/4439
f 4432/4474/4458 4410/4455/4439 4408/4314/4311
f 4433/4475/4459 4408/4314/4311 4313/4313/4310
f 4434/4476/4460 4217/4302/4299 4433/4475/4459
f 4434/4476/4460 4183/4226/4226 4435/4480/4464
f 4436/4477/4461 4184/4413/4403 4435/4480/4464
f 4237/4478/4462 4429/4472/4456 4232/4307/4304
f 4227/4221/4221 4429/4472/4456 4430/4471/4455
f 4223/4457/4441 4430/4471/4455 4431/4473/4457
f 4220/4479/4463 4431/4473/4457 4432/4474/4458
f 4220/4479/4463 4433/4475/4459 4217/4302/4299
f 4377/4322/4319 4433/4475/4459 4313/4313/4310
f 4372/4312/4309 4435/4480/4464 4184/4413/4403
f 4299/4481/4465 4435/4480/4464 4183/4226/4226
f 4279/4482/4466 4437/4331/4328 4438/4330/4327
f 4631/4347/4342 3745/4484/3770 3942/4744/4031
f 4440/4485/4468 4455/4342/4338 4439/4483/4467
f 4441/4487/4470 4454/4486/4469 4440/4485/4468
f 4636/4488/4471 4441/4487/4470 4633/4349/4344
f 4639/4490/4473 4442/4489/4472 4636/4488/4471
f 4642/4492/4475 4443/4491/4474 4639/4490/4473
f 4646/4494/4477 4444/4493/4476 4642/4492/4475
f 4643/4435/4421 4445/4495/4478 4646/4494/4477
f 4449/4418/4408 4447/4497/4480 4448/4499/4481
f 4441/4487/4470 4452/4351/4346 4453/4350/4345
f 4439/4483/4467 3763/4498/3785 3745/4484/3770
f 4445/4495/4478 4450/4353/4348 4444/4493/4476
f 4446/4496/4479 4456/4354/4349 4445/4495/4478
f 4416/4356/4351 4455/4342/4338 4454/4486/4469
f 4442/4489/4472 4451/4352/4347 4452/4351/4346
f 4444/4493/4476 4451/4352/4347 4443/4491/4474
f 4297/4296/4293 4454/4486/4469 4453/4350/4345
f 4379/4341/4337 4448/4499/4481 4318/4417/4407
f 4463/4381/4373 4342/4467/4451 4462/4382/4374
f 4339/4374/4368 4466/4338/4334 4467/4385/4377
f 4396/4500/4482 3777/4387/3670 4469/4386/4378
f 4464/4384/4376 4339/4374/4368 4467/4385/4377
f 4465/4423/4413 4383/4369/4363 4468/4383/4375
f 4470/4447/4432 4396/4500/4482 4469/4386/4378
f 4462/4382/4374 4419/4450/4434 4470/4447/4432
f 4283/4329/4326 4465/4423/4413 4343/4327/4324
f 4337/4421/4411 4461/4501/4483 4284/4459/4443
f 4381/4367/4361 4320/4283/4280 4326/4282/4279
f 4325/4420/4410 4380/4436/4422 4381/4367/4361
f 4638/4502/4484 4481/4503/4485 4647/4509/4491
f 4484/4504/4486 4366/4407/4397 4388/4426/4416
f 4482/4506/4488 4366/4407/4397 4483/4505/4487
f 4482/4506/4488 4487/4507/4489 4486/4512/4494
f 4648/4508/4490 4481/4503/4485 4485/4514/4496
f 4484/4504/4486 4487/4507/4489 4483/4505/4487
f 4490/4511/4493 4487/4507/4489 4491/4516/4498
f 4649/4513/4495 4485/4514/4496 4489/4525/4507
f 4488/4510/4492 4491/4516/4498 4487/4507/4489
f 4448/4499/4481 4496/4517/4499 4497/4521/4503
f 4644/4518/4500 4495/4519/4501 4650/4745/4726
f 4291/4415/4405 4494/4520/4502 4493/4522/4504
f 4497/4521/4503 4318/4417/4407 4448/4499/4481
f 4179/4416/4406 4493/4522/4504 4317/4543/4525
f 4285/4523/4505 4319/4437/4423 4325/4420/4410
f 4280/4524/4506 4485/4514/4496 4281/4527/4509
f 4481/4503/4485 4281/4527/4509 4485/4514/4496
f 4490/4511/4493 4358/4529/4511 4486/4512/4494
f 4365/4280/4277 4385/4530/4512 4357/4281/4278
f 4385/4530/4512 4486/4512/4494 4358/4529/4511
f 4174/4526/4508 4176/4406/4396 4175/4398/4388
f 4277/4531/4513 4489/4525/4507 4280/4524/4506
f 4278/4533/4515 4498/4532/4514 4277/4531/4513
f 4275/4328/4325 4833/4535/4517 4283/4329/4326
f 4286/4458/4442 4834/4537/4519 4285/4523/4505
f 4437/4331/4328 4835/4539/4521 4269/4332/4329
f 4815/4540/4522 4509/4542/4524 4504/4570/4552
f 4317/4543/4525 4837/4545/4527 4276/4337/4333
f 4847/4546/4528 4494/4520/4502 4497/4521/4503
f 4511/4548/4530 4820/4550/4532 4520/4610/4592
f 4519/4551/4533 4822/4553/4535 4518/4587/4569
f 4492/4515/4497 4840/4555/4537 4491/4516/4498
f 4269/4332/4329 4848/4556/4538 4498/4532/4514
f 4827/4557/4539 4512/4559/4541 4502/4604/4586
f 4507/4560/4542 4828/4562/4544 4515/4565/4547
f 4512/4559/4541 4823/4563/4545 4513/4589/4571
f 4285/4523/4505 4842/4564/4546 4495/4519/4501
f 4515/4565/4547 4818/4566/4548 4516/4601/4583
f 4651/4567/4549 4821/4549/4531 4511/4548/4530
f 4825/4569/4551 4504/4570/4552 4510/4591/4573
f 4283/4329/4326 4845/4571/4553 4461/4501/4483
f 4508/4572/4554 4816/4574/4556 4501/4602/4584
f 4652/4575/4557 4829/4577/4559 4517/4606/4588
f 4514/4578/4560 4535/4580/4562 4513/4589/4571
f 4507/4560/4542 4523/4582/4564 4501/4602/4584
f 4499/4583/4565 4542/4585/4567 4520/4610/4592
f 4541/4586/4568 4518/4587/4569 4540/4625/4607
f 4534/4588/4570 4513/4589/4571 4535/4580/4562
f 4530/4590/4572 4499/4583/4565 4508/4572/4554
f 4510/4591/4573 4526/4592/4574 4532/4628/4610
f 4507/4560/4542 4537/4593/4575 4529/4581/4563
f 4653/4594/4576 4511/4548/4530 4533/4609/4591
f 4525/4595/4577 4509/4542/4524 4503/4858/4839
f 4528/4597/4579 4505/4599/4581 4506/4861/4842
f 4505/4599/4581 4539/4600/4582 4517/4606/4588
f 4537/4593/4575 4516/4601/4583 4538/4611/4593
f 4504/4570/4552 4531/4596/4578 4526/4592/4574
f 4508/4572/4554 4523/4582/4564 4530/4590/4572
f 4524/4603/4585 4512/4559/4541 4534/4588/4570
f 4654/4605/4587 4517/4606/4588 4539/4600/4582
f 4500/4607/4589 4525/4595/4577 4503/4858/4839
f 4533/4609/4591 4520/4610/4592 4542/4585/4567
f 4519/4551/4533 4538/4611/4593 4516/4601/4583
f 4546/4612/4594 4534/4588/4570 4556/4626/4608
f 4654/4605/4587 4561/4613/4595 4656/4775/4756
f 4522/4608/4590 4547/4615/4597 4525/4595/4577
f 4555/4616/4598 4542/4585/4567 4564/4624/4606
f 4541/4586/4568 4560/4618/4600 4538/4611/4593
f 4536/4579/4561 4557/4620/4602 4535/4580/4562
f 4551/4621/4603 4523/4582/4564 4529/4581/4563
f 4521/4584/4566 4564/4624/4606 4542/4585/4567
f 4563/4617/4599 4540/4625/4607 4562/4747/4728
f 4556/4626/4608 4535/4580/4562 4557/4620/4602
f 4552/4627/4609 4521/4584/4566 4530/4590/4572
f 4532/4628/4610 4548/4629/4611 4554/4785/4766
f 4529/4581/4563 4559/4630/4612 4551/4621/4603
f 4655/4631/4613 4533/4609/4591 4555/4616/4598
f 4525/4595/4577 4553/4632/4614 4531/4596/4578
f 4550/4633/4615 4527/4598/4580 4528/4597/4579
f 4549/4634/4616 4539/4600/4582 4527/4598/4580
f 4559/4630/4612 4538/4611/4593 4560/4618/4600
f 4526/4592/4574 4553/4632/4614 4548/4629/4611
f 4530/4590/4572 4545/4622/4604 4552/4627/4609
f 4657/4635/4617 4746/4637/4619 4577/4653/4635
f 4581/4638/4620 4743/4640/4622 4582/4777/4758
f 4751/4641/4623 4575/4643/4625 4570/4660/4642
f 4758/4644/4626 4567/4646/4628 4574/4779/4760
f 4757/4647/4629 4578/4649/4631 4568/4855/4836
f 4658/4650/4632 4753/4652/4634 4583/4774/4755
f 4577/4653/4635 4695/4654/4636 4586/4664/4646
f 4585/4655/4637 4756/4657/4639 4584/4748/4729
f 4578/4649/4631 4755/4658/4640 4579/4782/4763
f 4738/4659/4641 4570/4660/4642 4576/4854/4835
f 4702/4661/4643 4581/4638/4620 4573/4772/4753
f 4794/4662/4644 4586/4664/4646 4565/4666/4648
f 4797/4665/4647 4565/4666/4648 4574/4779/4760
f 4801/4667/4649 4575/4643/4625 4569/4781/4762
f 4802/4669/4651 4571/4671/4653 4572/4780/4761
f 4571/4671/4653 4792/4672/4654 4583/4774/4755
f 4566/4673/4655 4801/4667/4649 4569/4781/4762
f 4585/4655/4637 4803/4676/4658 4582/4777/4758
f 4580/4677/4659 4796/4679/4661 4579/4782/4763
f 4788/4680/4662 4567/4646/4628 4573/4772/4753
f 4725/4682/4664 4618/4684/4666 4704/4702/4684
f 4609/4685/4667 4622/4687/4669 4698/4792/4773
f 4630/4688/4670 4706/4690/4672 4624/4704/4686
f 4725/4682/4664 4662/4692/4674 4626/4683/4665
f 4611/4693/4675 4714/4695/4677 4615/4730/4712
f 4623/4696/4678 4730/4698/4680 4705/4811/4792
f 4729/4699/4681 4616/4701/4683 4628/4709/4691
f 4704/4702/4684 4617/4703/4685 4703/4801/4782
f 4730/4698/4680 4624/4704/4686 4706/4690/4672
f 4724/4705/4687 4664/4707/4689 4625/4724/4706
f 4726/4708/4690 4628/4709/4691 4627/4714/4696
f 4661/4710/4692 4697/4712/4694 4734/4816/4797
f 4610/4694/4676 4616/4701/4683 4715/4700/4682
f 4628/4709/4691 4605/4713/4695 4593/4715/4697
f 4627/4714/4696 4593/4715/4697 4594/4856/4837
f 4591/4716/4698 4624/4704/4686 4597/4750/4731
f 4612/4686/4668 4599/4718/4700 4622/4687/4669
f 4659/4717/4699 4619/4719/4701 4602/4733/4715
f 4595/4720/4702 4618/4684/4666 4626/4683/4665
f 4598/4722/4704 4629/4697/4679 4623/4696/4678
f 4625/4724/4706 4587/4725/4707 4596/4749/4730
f 4621/4711/4693 4601/4727/4709 4620/4734/4716
f 4607/4728/4710 4615/4730/4712 4614/4735/4717
f 4587/4725/4707 4613/4731/4713 4608/4737/4719
f 4626/4683/4665 4589/4732/4714 4595/4720/4702
f 4602/4733/4715 4620/4734/4716 4601/4727/4709
f 4614/4735/4717 4604/4736/4718 4607/4728/4710
f 4622/4687/4669 4608/4737/4719 4613/4731/4713
f 4588/4738/4720 4630/4688/4670 4591/4716/4698
f 4660/4740/4722 4616/4701/4683 4611/4693/4675
f 4590/4741/4723 4621/4711/4693 4661/4710/4692
f 4757/4647/4629 4556/4626/4608 4739/4648/4630
f 4739/4648/4630 4557/4620/4602 4755/4658/4640
f 4558/4619/4601 4755/4658/4640 4557/4620/4602
f 4655/4631/4613 4700/4742/4724 4558/4619/4601
f 4723/4636/4618 4555/4616/4598 4746/4637/4619
f 4746/4637/4619 4564/4624/4606 4695/4654/4636
f 4564/4624/4606 4701/4743/4725 4695/4654/4636
f 4632/4346/4341 4439/4483/4467 4631/4347/4342
f 4633/4349/4344 4440/4485/4468 4632/4346/4341
f 4637/4404/4394 4386/4428/4417 4634/4405/4395
f 4387/4424/4414 4638/4502/4484 4388/4426/4416
f 4634/4405/4395 4389/4445/4430 4635/4409/4399
f 4394/4449/4433 3952/4430/3715 4641/4429/4418
f 4446/4496/4479 4644/4518/4500 4447/4497/4480
f 4360/4403/4393 4635/4409/4399 4640/4453/4437
f 4390/4441/4427 4645/4469/4453 4641/4429/4418
f 4169/4463/4447 4640/4453/4437 4645/4469/4453
f 4402/4412/4402 3942/4744/4031 3622/4427/3711
f 4323/4401/4391 4633/4349/4344 4324/4348/4343
f 4322/4289/4286 4636/4488/4471 4323/4401/4391
f 4321/4284/4281 4639/4490/4473 4322/4289/4286
f 4320/4283/4280 4642/4492/4475 4321/4284/4281
f 4380/4436/4422 4646/4494/4477 4320/4283/4280
f 4388/4426/4416 4647/4509/4491 4484/4504/4486
f 4488/4510/4492 4647/4509/4491 4648/4508/4490
f 4492/4515/4497 4648/4508/4490 4649/4513/4495
f 4447/4497/4480 4650/4745/4726 4496/4517/4499
f 4514/4578/4560 4830/4568/4550 4651/4567/4549
f 4518/4587/4569 4831/4576/4558 4652/4575/4557
f 4536/4579/4561 4651/4567/4549 4653/4594/4576
f 4540/4625/4607 4652/4575/4557 4654/4605/4587
f 4562/4747/4728 4654/4605/4587 4656/4775/4756
f 4558/4619/4601 4653/4594/4576 4655/4631/4613
f 4580/4677/4659 4723/4636/4618 4657/4635/4617
f 4584/4748/4729 4722/4651/4633 4658/4650/4632
f 4596/4749/4730 4662/4692/4674 4625/4724/4706
f 4592/4723/4705 4624/4704/4686 4629/4697/4679
f 4618/4684/4666 4604/4736/4718 4617/4703/4685
f 4611/4693/4675 4606/4729/4711 4660/4740/4722
f 4543/4623/4605 4758/4644/4626 4701/4743/4725
f 4740/4645/4627 4552/4627/4609 4545/4622/4604
f 4785/4675/4657 4668/4752/4733 4669/4851/4832
f 4671/4753/4734 4796/4679/4661 4670/4853/4834
f 4787/4755/4736 4673/4757/4738 4674/4857/4838
f 4676/4758/4739 4799/4759/4740 4675/4763/4744
f 4687/4760/4741 4800/4762/4743 4677/4770/4751
f 4675/4763/4744 4803/4676/4658 4684/4852/4833
f 4798/4756/4737 4679/4764/4745 4673/4757/4738
f 4797/4665/4647 4685/4765/4746 4672/4846/4827
f 4665/4766/4747 4786/4754/4735 4671/4753/4734
f 4688/4768/4749 4792/4672/4654 4683/4850/4831
f 4677/4770/4751 4784/4663/4645 4666/4845/4826
f 4678/4771/4752 4806/4761/4742 4687/4760/4741
f 4795/4751/4732 4688/4768/4749 4668/4752/4733
f 4573/4772/4753 4740/4645/4627 4702/4661/4643
f 4545/4622/4604 4702/4661/4643 4740/4645/4627
f 4752/4639/4621 4551/4621/4603 4559/4630/4612
f 4752/4639/4621 4560/4618/4600 4743/4640/4622
f 4563/4617/4599 4743/4640/4622 4560/4618/4600
f 4694/4656/4638 4562/4747/4728 4756/4657/4639
f 4754/4773/4754 4583/4774/4755 4753/4652/4634
f 4656/4775/4756 4756/4657/4639 4562/4747/4728
f 4697/4712/4694 4620/4734/4716 4717/4789/4770
f 4664/4707/4689 4712/4776/4757 4613/4731/4713
f 4694/4656/4638 4582/4777/4758 4743/4640/4622
f 4708/4778/4759 4630/4688/4670 4663/4739/4721
f 4574/4779/4760 4701/4743/4725 4758/4644/4626
f 4572/4780/4761 4754/4773/4754 4744/4783/4764
f 4753/4652/4634 4656/4775/4756 4561/4613/4595
f 4569/4781/4762 4699/4642/4624 4745/4786/4767
f 4561/4613/4595 4754/4773/4754 4753/4652/4634
f 4700/4742/4724 4579/4782/4763 4755/4658/4640
f 4565/4666/4648 4695/4654/4636 4701/4743/4725
f 4549/4634/4616 4744/4783/4764 4754/4773/4754
f 4696/4784/4765 4569/4781/4762 4745/4786/4767
f 4751/4641/4623 4554/4785/4766 4548/4629/4611
f 4699/4642/4624 4548/4629/4611 4553/4632/4614
f 4553/4632/4614 4745/4786/4767 4699/4642/4624
f 4547/4615/4597 4696/4784/4765 4745/4786/4767
f 4713/4787/4768 4615/4730/4712 4714/4695/4677
f 4612/4686/4668 4716/4788/4769 4619/4719/4701
f 4619/4719/4701 4717/4789/4770 4620/4734/4716
f 4625/4724/4706 4735/4691/4673 4724/4705/4687
f 4716/4788/4769 4692/4791/4772 4717/4789/4770
f 4698/4792/4773 4613/4731/4713 4712/4776/4757
f 4609/4685/4667 4691/4790/4771 4716/4788/4769
f 4732/4793/4774 4698/4792/4773 4748/4794/4775
f 4748/4794/4775 4712/4776/4757 4690/4796/4777
f 4709/4706/4688 4690/4796/4777 4712/4776/4757
f 4724/4705/4687 4737/4795/4776 4709/4706/4688
f 4727/4797/4778 4735/4691/4673 4750/4799/4780
f 4725/4682/4664 4750/4799/4780 4735/4691/4673
f 4728/4798/4779 4704/4702/4684 4721/4800/4781
f 4721/4800/4781 4703/4801/4782 4720/4803/4784
f 4713/4787/4768 4720/4803/4784 4703/4801/4782
f 4614/4735/4717 4703/4801/4782 4617/4703/4685
f 4689/4802/4783 4714/4695/4677 4742/4805/4786
f 4610/4694/4676 4742/4805/4786 4714/4695/4677
f 4733/4804/4785 4715/4700/4682 4741/4807/4788
f 4729/4699/4681 4741/4807/4788 4715/4700/4682
f 4726/4708/4690 4710/4806/4787 4729/4699/4681
f 4711/4809/4790 4705/4811/4792 4730/4698/4680
f 4719/4812/4793 4730/4698/4680 4706/4690/4672
f 4693/4689/4671 4719/4812/4793 4706/4690/4672
f 4693/4689/4671 4736/4814/4795 4731/4813/4794
f 4749/4815/4796 4697/4712/4694 4747/4817/4798
f 4747/4817/4798 4717/4789/4770 4692/4791/4772
f 4780/4818/4799 4741/4807/4788 4781/4838/4819
f 4774/4819/4800 4692/4791/4772 4772/4823/4804
f 4588/4738/4720 4665/4766/4747 4590/4741/4723
f 4768/4821/4802 4733/4804/4785 4780/4818/4799
f 4768/4821/4802 4689/4802/4783 4742/4805/4786
f 4588/4738/4720 4661/4710/4692 4663/4739/4721
f 4772/4823/4804 4760/4825/4806 4761/4828/4809
f 4776/4826/4807 4761/4828/4809 4778/4840/4821
f 4734/4816/4797 4736/4814/4795 4708/4778/4759
f 4764/4829/4810 4760/4825/4806 4773/4824/4805
f 4775/4831/4812 4762/4830/4811 4764/4829/4810
f 4750/4799/4780 4763/4832/4813 4727/4797/4778
f 4760/4825/4806 4770/4834/4815 4777/4835/4816
f 4663/4739/4721 4734/4816/4797 4708/4778/4759
f 4761/4828/4809 4777/4835/4816 4778/4840/4821
f 4777/4835/4816 4782/4836/4817 4766/4837/4818
f 4759/4827/4808 4772/4823/4804 4761/4828/4809
f 4692/4791/4772 4773/4824/4805 4772/4823/4804
f 4732/4793/4774 4773/4824/4805 4691/4790/4771
f 4748/4794/4775 4764/4829/4810 4732/4793/4774
f 4766/4837/4818 4781/4838/4819 4765/4841/4822
f 4767/4839/4820 4778/4840/4821 4765/4841/4822
f 4763/4832/4813 4770/4834/4815 4762/4830/4811
f 4731/4813/4794 4774/4819/4800 4759/4827/4808
f 4719/4812/4793 4759/4827/4808 4776/4826/4807
f 4777/4835/4816 4765/4841/4822 4778/4840/4821
f 4775/4831/4812 4690/4796/4777 4737/4795/4776
f 4707/4808/4789 4779/4842/4823 4710/4806/4787
f 4776/4826/4807 4711/4809/4790 4719/4812/4793
f 4779/4842/4823 4765/4841/4822 4781/4838/4819
f 4770/4834/4815 4783/4843/4824 4782/4836/4817
f 4710/4806/4787 4781/4838/4819 4741/4807/4788
f 4782/4836/4817 4769/4822/4803 4768/4821/4802
f 4766/4837/4818 4768/4821/4802 4780/4818/4799
f 4728/4798/4779 4771/4833/4814 4750/4799/4780
f 4763/4832/4813 4737/4795/4776 4727/4797/4778
f 4720/4803/4784 4769/4822/4803 4721/4800/4781
f 4721/4800/4781 4783/4843/4824 4728/4798/4779
f 4667/4844/4825 4784/4663/4645 4794/4662/4644
f 4672/4846/4827 4794/4662/4644 4797/4665/4647
f 4680/4847/4828 4790/4668/4650 4801/4667/4649
f 4802/4669/4651 4681/4849/4830 4791/4670/4652
f 4791/4670/4652 4683/4850/4831 4792/4672/4654
f 4805/4674/4656 4680/4847/4828 4801/4667/4649
f 4785/4675/4657 4684/4852/4833 4803/4676/4658
f 4789/4678/4660 4670/4853/4834 4796/4679/4661
f 4676/4758/4739 4804/4681/4663 4788/4680/4662
f 4785/4675/4657 4584/4748/4729 4795/4751/4732
f 4578/4649/4631 4796/4679/4661 4786/4754/4735
f 4576/4854/4835 4798/4756/4737 4787/4755/4736
f 4788/4680/4662 4581/4638/4620 4799/4759/4740
f 4806/4761/4742 4577/4653/4635 4800/4762/4743
f 4799/4759/4740 4582/4777/4758 4803/4676/4658
f 4570/4660/4642 4790/4668/4650 4798/4756/4737
f 4574/4779/4760 4804/4681/4663 4797/4665/4647
f 4568/4855/4836 4786/4754/4735 4793/4767/4748
f 4807/4769/4750 4583/4774/4755 4792/4672/4654
f 4800/4762/4743 4586/4664/4646 4784/4663/4645
f 4789/4678/4660 4657/4635/4617 4806/4761/4742
f 4795/4751/4732 4658/4650/4632 4807/4769/4750
f 4678/4771/4752 4601/4727/4709 4670/4853/4834
f 4687/4760/4741 4602/4733/4715 4678/4771/4752
f 4659/4717/4699 4677/4770/4751 4599/4718/4700
f 4599/4718/4700 4666/4845/4826 4608/4737/4719
f 4667/4844/4825 4608/4737/4719 4666/4845/4826
f 4667/4844/4825 4596/4749/4730 4587/4725/4707
f 4589/4732/4714 4672/4846/4827 4685/4765/4746
f 4685/4765/4746 4595/4720/4702 4589/4732/4714
f 4603/4721/4703 4676/4758/4739 4675/4763/4744
f 4603/4721/4703 4684/4852/4833 4604/4736/4718
f 4669/4851/4832 4604/4736/4718 4684/4852/4833
f 4606/4729/4711 4669/4851/4832 4668/4752/4733
f 4668/4752/4733 4660/4740/4722 4606/4729/4711
f 4605/4713/4695 4688/4768/4749 4683/4850/4831
f 4681/4849/4830 4605/4713/4695 4683/4850/4831
f 4682/4848/4829 4593/4715/4697 4681/4849/4830
f 4592/4723/4705 4674/4857/4838 4673/4757/4738
f 4597/4750/4731 4673/4757/4738 4679/4764/4745
f 4679/4764/4745 4591/4716/4698 4597/4750/4731
f 4686/4820/4801 4591/4716/4698 4680/4847/4828
f 4590/4741/4723 4671/4753/4734 4600/4726/4708
f 4600/4726/4708 4670/4853/4834 4601/4727/4709
f 4500/4607/4589 4809/4859/4840 4810/4873/4854
f 4808/4860/4841 4505/4599/4581 4811/4869/4850
f 4508/4572/4554 4812/4862/4843 4813/4573/4555
f 4815/4540/4522 4845/4571/4553 4814/4541/4523
f 4817/4561/4543 4501/4602/4584 4816/4574/4556
f 4819/4552/4534 4516/4601/4583 4818/4566/4548
f 4696/4784/4765 4546/4612/4594 4757/4647/4629
f 4821/4549/4531 4848/4556/4538 4820/4550/4532
f 4819/4552/4534 4849/4865/4846 4822/4553/4535
f 4824/4746/4727 4513/4589/4571 4823/4563/4545
f 4812/4862/4843 4520/4610/4592 4820/4550/4532
f 4827/4557/4539 4852/4867/4848 4826/4558/4540
f 4817/4561/4543 4853/4868/4849 4828/4562/4544
f 4826/4558/4540 4840/4555/4537 4823/4563/4545
f 4566/4673/4655 4757/4647/4629 4568/4855/4836
f 4811/4869/4850 4517/4606/4588 4829/4577/4559
f 4853/4868/4849 4818/4566/4548 4828/4562/4544
f 4830/4568/4550 4839/4864/4845 4821/4549/4531
f 4825/4569/4551 4836/4863/4844 4815/4540/4522
f 4503/4858/4839 4814/4541/4523 4809/4859/4840
f 4813/4573/4555 4837/4545/4527 4816/4574/4556
f 4831/4576/4558 4842/4564/4546 4829/4577/4559
f 4824/4746/4727 4854/4870/4851 4830/4568/4550
f 4822/4553/4535 4855/4872/4853 4831/4576/4558
f 4810/4873/4854 4833/4535/4517 4843/4534/4516
f 4832/4536/4518 4811/4869/4850 4834/4537/4519
f 4844/4538/4520 4812/4862/4843 4835/4539/4521
f 4846/4544/4526 4816/4574/4556 4837/4545/4527
f 4819/4552/4534 4838/4547/4529 4847/4546/4528
f 4850/4554/4536 4823/4563/4545 4840/4555/4537
f 4835/4539/4521 4820/4550/4532 4848/4556/4538
f 4834/4537/4519 4829/4577/4559 4842/4564/4546
f 4833/4535/4517 4814/4541/4523 4845/4571/4553
f 4718/4810/4791 4726/4708/4690 4705/4811/4792
f 4836/4863/4844 4461/4501/4483 4845/4571/4553
f 4568/4855/4836 4805/4674/4656 4566/4673/4655
f 4839/4864/4845 4498/4532/4514 4848/4556/4538
f 4497/4521/4503 4849/4865/4846 4847/4546/4528
f 4282/4528/4510 4852/4867/4848 4841/4866/4847
f 4317/4543/4525 4853/4868/4849 4846/4544/4526
f 4852/4867/4848 4491/4516/4498 4840/4555/4537
f 4793/4767/4748 4686/4820/4801 4805/4674/4656
f 4493/4522/4504 4838/4547/4529 4853/4868/4849
f 4854/4870/4851 4489/4525/4507 4839/4864/4845
f 4851/4871/4852 4284/4459/4443 4836/4863/4844
f 4844/4538/4520 4276/4337/4333 4837/4545/4527
f 4650/4745/4726 4842/4564/4546 4855/4872/4853
f 4850/4554/4536 4649/4513/4495 4854/4870/4851
f 4849/4865/4846 4650/4745/4726 4855/4872/4853
f 4767/4839/4820 4718/4810/4791 4711/4809/4790
f 4736/4814/4795 4747/4817/4798 4774/4819/4800
f 4627/4714/4696 4705/4811/4792 4726/4708/4690
f 4594/4856/4837 4623/4696/4678 4627/4714/4696
f 4598/4722/4704 4682/4848/4829 4674/4857/4838
f 4802/4669/4651 4674/4857/4838 4682/4848/4829
f 4787/4755/4736 4572/4780/4761 4576/4854/4835
f 4744/4783/4764 4576/4854/4835 4572/4780/4761
f 4550/4633/4615 4738/4659/4641 4744/4783/4764
f 4528/4597/4579 4554/4785/4766 4550/4633/4615
f 4532/4628/4610 4506/4861/4842 4510/4591/4573
f 4506/4861/4842 4825/4569/4551 4510/4591/4573
f 4808/4860/4841 4851/4871/4852 4825/4569/4551
f 4471/4460/4444 4832/4536/4518 4286/4458/4442
f 4471/4460/4444 4331/4419/4409 4473/4422/4412
f 4382/4366/4360 4473/4422/4412 4331/4419/4409
f 4478/4370/4364 4332/4362/4356 4472/4371/4365
f 4472/4371/4365 4333/4357/4352 4476/4375/4369
f 4524/4603/4585 4544/4614/4596 4522/4608/4590
f 4522/4608/4590 4502/4604/4586 4524/4603/4585
f 4810/4873/4854 4502/4604/4586 4500/4607/4589
f 4810/4873/4854 4841/4866/4847 4827/4557/4539
f 4841/4866/4847 4275/4328/4325 4282/4528/4510
f 4270/4326/4323 4282/4528/4510 4275/4328/4325
f 4458/4874/4855 4358/4529/4511 4270/4326/4323
f 4458/4874/4855 4357/4281/4278 4385/4530/4512
f 4273/4275/4272 4356/4287/4284 4357/4281/4278
f 4274/4278/4275 4287/4286/4283 4356/4287/4284
f 4457/4335/4331 4289/4170/4170 4287/4286/4283
f 4271/4272/4269 4288/4171/4171 4289/4170/4170
f 4460/4268/4265 4288/4171/4171 4272/4276/4273
f 4459/4333/4330 4423/4399/4389 4460/4268/4265
f 3766/4875/4162 4399/4465/4449 4459/4333/4330
f 4476/4375/4369 4334/4368/4362 4475/4372/4366
f 4475/4372/4366 4335/4363/4357 4474/4373/4367
f 4474/4373/4367 4336/4466/4450 4477/4380/4372
f 4420/4443/4428 4477/4380/4372 4336/4466/4450
f 4479/4376/4370 4420/4443/4428 4400/4359/4354
f 3787/4377/3662 4400/4359/4354 3636/4878/4166
f 4307/4454/4438 4308/4300/4297 465/4880/382
f 4298/4301/4298 1772/4881/101 455/4882/104
f 3454/3814/3814 3574/3813/3813 374/4883/553
f 4298/4301/4298 455/4882/104 2076/4884/696
f 3596/3509/3509 3595/3768/3768 1823/4885/202
f 4173/4397/4387 2333/4886/1196 800/4887/1195
f 4300/4227/4227 4301/4177/4177 2086/4888/715
f 1863/4889/284 383/4890/286 3455/3681/3681
f 382/4891/288 2460/4892/1438 3453/3682/3682
f 781/4893/706 4279/4482/4466 4438/4330/4327
f 12/4894/91 1767/4895/90 3742/3764/3764
f 4302/4201/4201 4304/4336/4332 803/4896/955
f 4302/4201/4201 803/4896/955 2208/4897/954
f 2077/4898/698 364/4899/701 3572/3769/3769
f 4277/4531/4513 2592/4900/1681 777/4901/804
f 2818/4902/2113 781/4893/706 4438/4330/4327
f 3604/3583/3583 3603/3738/3738 1910/4903/374
f 4171/4464/4448 789/4904/1367 2424/4905/1371
f 4438/4330/4327 4278/4533/4515 2510/4906/1530
f 4281/4527/4509 791/4907/557 2005/4908/556
f 4278/4533/4515 4277/4531/4513 2131/4909/803
f 4436/4477/4461 808/4910/102 1772/4881/101
f 776/4911/1682 2592/4900/1681 4280/4524/4506
f 2592/4900/1681 4277/4531/4513 4280/4524/4506
f 4280/4524/4506 4281/4527/4509 2591/4912/1680
f 3573/3811/3811 3570/3818/3818 2590/4913/1678
f 2131/4909/803 778/4914/150 4278/4533/4515
f 4304/4336/4332 782/4915/708 2269/4916/1070
f 2313/4917/1154 791/4907/557 4174/4526/4508
f 1867/4918/292 796/4919/278 4175/4398/4388
f 394/4920/93 1823/4885/202 3595/3768/3768
f 4300/4227/4227 807/4921/211 1827/4922/210
f 4175/4398/4388 4173/4397/4387 1866/4923/290
f 4307/4454/4438 1913/4924/381 467/4925/384
f 4173/4397/4387 800/4887/1195 2463/4926/1442
f 3455/3681/3681 3454/3814/3814 381/4927/269
f 360/4928/799 2590/4913/1678 3570/3818/3818
f 4172/4393/4383 4170/4402/4392 801/4929/1661
f 2312/4930/1152 3454/3814/3814 374/4883/553
f 4170/4402/4392 2424/4905/1371 788/4931/851
f 4170/4402/4392 4171/4464/4448 2424/4905/1371
f 3744/3614/3614 3572/3769/3769 364/4899/701
f 4171/4464/4448 476/4932/1131 2421/4933/1365
f 4171/4464/4448 2301/4934/1132 476/4932/1131
f 4361/4462/4446 478/4935/186 2301/4934/1132
f 4361/4462/4446 2096/4936/738 478/4935/186
f 4362/4461/4445 802/4937/482 2096/4936/738
f 4362/4461/4445 1967/4938/483 802/4937/482
f 3664/4442/3726 442/4939/479 1967/4938/483
f 3664/3726/3726 1964/4940/476 442/4941/479
f 3665/3748/3748 387/4942/477 1964/4940/476
f 3665/3748/3748 2095/4943/736 387/4942/477
f 3663/3750/3750 41/4944/181 2095/4943/736
f 3663/3750/3750 2298/4945/1126 41/4944/181
f 3451/3751/3751 2298/4945/1126 3663/3750/3750
f 3451/3751/3751 2419/4946/1361 39/4947/1127
f 3451/3751/3751 372/4948/1362 2419/4946/1361
f 3450/3686/3686 2423/4949/1369 372/4948/1362
f 3450/3686/3686 371/4950/848 2423/4949/1369
f 371/4950/848 3450/3686/3686 2658/4951/1820
f 3452/3677/3677 386/4952/1657 2658/4951/1820
f 386/4952/1657 3452/3677/3677 2580/4953/1658
f 2580/4953/1658 3452/3677/3677 370/4954/517
f 370/4954/517 3452/3677/3677 2330/4955/1190
f 2330/4955/1190 3453/3682/3682 385/4956/1191
f 385/4956/1191 3453/3682/3682 2460/4892/1438
f 3453/3682/3682 3455/3681/3681 1864/4957/285
f 382/4891/288 3453/3682/3682 1864/4957/285
f 1864/4957/285 3455/3681/3681 383/4890/286
f 4172/4393/4383 787/4958/524 2333/4886/1196
f 1863/4889/284 3455/3681/3681 381/4927/269
f 381/4927/269 3454/3814/3814 2312/4930/1152
f 2817/4959/2111 3744/3614/3614 364/4899/701
f 374/4883/553 3574/3813/3813 2002/4960/551
f 2002/4960/551 3574/3813/3813 357/4961/218
f 357/4961/218 3574/3813/3813 2589/4962/1676
f 4173/4397/4387 797/4963/291 1866/4923/290
f 359/4964/1677 2589/4962/1676 3573/3811/3811
f 4302/4201/4201 2208/4897/954 806/4965/716
f 360/4928/799 3570/3818/3818 2129/4966/800
f 3571/3820/3820 3744/3614/3614 2509/4967/1527
f 361/4968/139 3571/3820/3820 2509/4967/1527
f 2509/4967/1527 3744/3614/3614 366/4969/1528
f 3600/3620/3620 3598/3480/3480 389/4970/951
f 3598/3480/3480 3597/3456/3456 392/4971/712
f 3572/3769/3769 3600/3620/3620 365/4972/699
f 2077/4898/698 3572/3769/3769 365/4972/699
f 365/4972/699 3600/3620/3620 2266/4973/1066
f 2266/4973/1066 3600/3620/3620 389/4970/951
f 389/4970/951 3598/3480/3480 2205/4974/949
f 2205/4974/949 3598/3480/3480 392/4971/712
f 392/4971/712 3597/3456/3456 2083/4975/710
f 3570/3818/3818 3571/3820/3820 2129/4966/800
f 359/4964/1677 3573/3811/3811 2590/4913/1678
f 3594/3585/3585 3604/3583/3583 2073/4976/692
f 4281/4527/4509 2005/4908/556 774/4977/223
f 4279/4482/4466 781/4893/706 2081/4978/705
f 12/4894/91 3594/3585/3585 2073/4976/692
f 2073/4976/692 3604/3583/3583 22/4979/369
f 22/4979/369 3604/3583/3583 1910/4903/374
f 1910/4903/374 3603/3738/3738 26/4980/375
f 26/4980/375 3603/3738/3738 2162/4981/864
f 2162/4981/864 3458/3452/3452 23/4982/865
f 3457/3454/3454 2535/4983/1573 23/4982/865
f 3468/4168/4168 24/4984/1574 2535/4983/1573
f 3468/4168/4168 2536/4985/1576 24/4984/1574
f 4177/4173/4173 466/4986/870 2536/4985/1576
f 4178/4172/4172 466/4986/870 4177/4173/4173
f 4178/4172/4172 467/4925/384 2164/4987/868
f 4178/4172/4172 4307/4454/4438 467/4925/384
f 2083/4975/710 3597/3456/3456 393/4988/204
f 4308/4300/4297 4298/4301/4298 2076/4884/696
f 4298/4301/4298 4436/4477/4461 1772/4881/101
f 1827/4922/210 808/4910/102 4299/4481/4465
f 3574/3813/3813 3573/3811/3811 2589/4962/1676
f 4304/4336/4332 2269/4916/1070 803/4896/955
f 3594/3585/3585 12/4894/91 3742/3764/3764
f 4304/4336/4332 4279/4482/4466 782/4915/708
f 798/4989/293 1867/4918/292 4175/4398/4388
f 4438/4330/4327 2510/4906/1530 783/4990/1532
f 3452/3677/3677 3453/3682/3682 2330/4955/1190
f 4301/4177/4177 4302/4201/4201 806/4965/716
f 4280/4524/4506 2591/4912/1680 776/4911/1682
f 4301/4177/4177 806/4965/716 2086/4888/715
f 4174/4526/4508 796/4919/278 2313/4917/1154
f 3603/3738/3738 3458/3452/3452 2162/4981/864
f 2463/4926/1442 797/4963/291 4173/4397/4387
f 4173/4397/4387 4172/4393/4383 2333/4886/1196
f 4172/4393/4383 801/4929/1661 2581/4991/1660
f 4170/4402/4392 788/4931/851 2659/4992/1822
f 4171/4464/4448 2421/4933/1365 789/4904/1367
f 4171/4464/4448 4361/4462/4446 2301/4934/1132
f 4361/4462/4446 4362/4461/4445 2096/4936/738
f 4362/4461/4445 3664/4442/3726 1967/4938/483
f 3664/3726/3726 3665/3748/3748 1964/4940/476
f 3665/3748/3748 3663/3750/3750 2095/4943/736
f 3451/3751/3751 39/4947/1127 2298/4945/1126
f 3451/3751/3751 3450/3686/3686 372/4948/1362
f 4438/4330/4327 783/4990/1532 2818/4902/2113
f 3458/3452/3452 3457/3454/3454 23/4982/865
f 3742/3764/3764 1767/4895/90 3595/3768/3768
f 4299/4481/4465 4300/4227/4227 1827/4922/210
f 4279/4482/4466 2081/4978/705 782/4915/708
f 1767/4895/90 394/4920/93 3595/3768/3768
f 4300/4227/4227 2086/4888/715 807/4921/211
f 4308/4300/4297 2076/4884/696 465/4880/382
f 4281/4527/4509 774/4977/223 2591/4912/1680
f 361/4968/139 2129/4966/800 3571/3820/3820
f 4172/4393/4383 2581/4991/1660 787/4958/524
f 366/4969/1528 3744/3614/3614 2817/4959/2111
f 3597/3456/3456 3596/3509/3509 393/4988/204
f 808/4910/102 4436/4477/4461 4299/4481/4465
f 3450/3686/3686 3452/3677/3677 2658/4951/1820
f 4277/4531/4513 777/4901/804 2131/4909/803
f 393/4988/204 3596/3509/3509 1823/4885/202
f 796/4919/278 4174/4526/4508 4175/4398/4388
f 4278/4533/4515 778/4914/150 2510/4906/1530
f 4170/4402/4392 2659/4992/1822 801/4929/1661
f 791/4907/557 4281/4527/4509 4174/4526/4508
f 3457/3454/3454 3468/4168/4168 2535/4983/1573
f 3468/4168/4168 4177/4173/4173 2536/4985/1576
f 4178/4172/4172 2164/4987/868 466/4986/870
f 4307/4454/4438 465/4880/382 1913/4924/381
f 4175/4398/4388 1866/4923/290 798/4989/293
